"Mode","Sample","Signature","Activity","Branch","Gene","SpectrumType","ActivityFraction"
"uniform","high_Ts__CO1__Ts_and_Tv","SBS12",464,"high_Ts","CO1","Ts_and_Tv",0.415770609318996
"uniform","high_Ts__CO1__Ts_and_Tv","SBS30",350,"high_Ts","CO1","Ts_and_Tv",0.313620071684588
"uniform","high_Ts__CO1__Ts_and_Tv","SBS23",255,"high_Ts","CO1","Ts_and_Tv",0.228494623655914
"uniform","high_Ts__CO1__Ts_and_Tv","SBS42",23,"high_Ts","CO1","Ts_and_Tv",0.0206093189964158
"uniform","high_Ts__CO1__Ts_and_Tv","SBS1",10,"high_Ts","CO1","Ts_and_Tv",0.00896057347670251
"uniform","high_Ts__CO1__Ts_and_Tv","SBS2",9,"high_Ts","CO1","Ts_and_Tv",0.00806451612903226
"uniform","high_Ts__CO1__Ts_and_Tv","SBS10d",3,"high_Ts","CO1","Ts_and_Tv",0.00268817204301075
"uniform","high_Ts__CO1__Ts_and_Tv","SBS5",1,"high_Ts","CO1","Ts_and_Tv",0.000896057347670251
"uniform","high_Ts__CO1__Ts_and_Tv","SBS6",1,"high_Ts","CO1","Ts_and_Tv",0.000896057347670251
"uniform","high_Ts__CO1__Ts_only","SBS12",393,"high_Ts","CO1","Ts_only",0.370754716981132
"uniform","high_Ts__CO1__Ts_only","SBS23",359,"high_Ts","CO1","Ts_only",0.338679245283019
"uniform","high_Ts__CO1__Ts_only","SBS30",273,"high_Ts","CO1","Ts_only",0.257547169811321
"uniform","high_Ts__CO1__Ts_only","SBS2",25,"high_Ts","CO1","Ts_only",0.0235849056603774
"uniform","high_Ts__CO1__Ts_only","SBS1",9,"high_Ts","CO1","Ts_only",0.00849056603773585
"uniform","high_Ts__CO1__Ts_only","SBS26",1,"high_Ts","CO1","Ts_only",0.000943396226415094
"uniform","high_Ts__CO3__Ts_and_Tv","SBS12",552,"high_Ts","CO3","Ts_and_Tv",0.429237947122862
"uniform","high_Ts__CO3__Ts_and_Tv","SBS30",433,"high_Ts","CO3","Ts_and_Tv",0.336702954898911
"uniform","high_Ts__CO3__Ts_and_Tv","SBS23",194,"high_Ts","CO3","Ts_and_Tv",0.150855365474339
"uniform","high_Ts__CO3__Ts_and_Tv","SBS26",76,"high_Ts","CO3","Ts_and_Tv",0.0590979782270607
"uniform","high_Ts__CO3__Ts_and_Tv","SBS42",28,"high_Ts","CO3","Ts_and_Tv",0.0217729393468118
"uniform","high_Ts__CO3__Ts_and_Tv","SBS6",2,"high_Ts","CO3","Ts_and_Tv",0.0015552099533437
"uniform","high_Ts__CO3__Ts_and_Tv","SBS19",1,"high_Ts","CO3","Ts_and_Tv",0.000777604976671851
"uniform","high_Ts__CO3__Ts_only","SBS12",525,"high_Ts","CO3","Ts_only",0.425790754257908
"uniform","high_Ts__CO3__Ts_only","SBS23",348,"high_Ts","CO3","Ts_only",0.282238442822384
"uniform","high_Ts__CO3__Ts_only","SBS30",339,"high_Ts","CO3","Ts_only",0.274939172749392
"uniform","high_Ts__CO3__Ts_only","SBS2",15,"high_Ts","CO3","Ts_only",0.0121654501216545
"uniform","high_Ts__CO3__Ts_only","SBS6",6,"high_Ts","CO3","Ts_only",0.0048661800486618
"uniform","high_Ts__Cytb__Ts_and_Tv","SBS12",447,"high_Ts","Cytb","Ts_and_Tv",0.32158273381295
"uniform","high_Ts__Cytb__Ts_and_Tv","SBS30",371,"high_Ts","Cytb","Ts_and_Tv",0.266906474820144
"uniform","high_Ts__Cytb__Ts_and_Tv","SBS23",322,"high_Ts","Cytb","Ts_and_Tv",0.231654676258993
"uniform","high_Ts__Cytb__Ts_and_Tv","SBS26",146,"high_Ts","Cytb","Ts_and_Tv",0.105035971223022
"uniform","high_Ts__Cytb__Ts_and_Tv","SBS2",63,"high_Ts","Cytb","Ts_and_Tv",0.0453237410071942
"uniform","high_Ts__Cytb__Ts_and_Tv","SBS21",21,"high_Ts","Cytb","Ts_and_Tv",0.0151079136690647
"uniform","high_Ts__Cytb__Ts_and_Tv","SBS17a",10,"high_Ts","Cytb","Ts_and_Tv",0.00719424460431655
"uniform","high_Ts__Cytb__Ts_and_Tv","SBS10a",5,"high_Ts","Cytb","Ts_and_Tv",0.00359712230215827
"uniform","high_Ts__Cytb__Ts_and_Tv","SBS13",3,"high_Ts","Cytb","Ts_and_Tv",0.00215827338129496
"uniform","high_Ts__Cytb__Ts_and_Tv","SBS1",1,"high_Ts","Cytb","Ts_and_Tv",0.000719424460431655
"uniform","high_Ts__Cytb__Ts_and_Tv","SBS10d",1,"high_Ts","Cytb","Ts_and_Tv",0.000719424460431655
"uniform","high_Ts__Cytb__Ts_only","SBS12",441,"high_Ts","Cytb","Ts_only",0.329350261389096
"uniform","high_Ts__Cytb__Ts_only","SBS23",404,"high_Ts","Cytb","Ts_only",0.301717699775952
"uniform","high_Ts__Cytb__Ts_only","SBS30",302,"high_Ts","Cytb","Ts_only",0.22554144884242
"uniform","high_Ts__Cytb__Ts_only","SBS26",89,"high_Ts","Cytb","Ts_only",0.0664675130694548
"uniform","high_Ts__Cytb__Ts_only","SBS2",84,"high_Ts","Cytb","Ts_only",0.0627333831217326
"uniform","high_Ts__Cytb__Ts_only","SBS21",15,"high_Ts","Cytb","Ts_only",0.0112023898431665
"uniform","high_Ts__Cytb__Ts_only","SBS1",4,"high_Ts","Cytb","Ts_only",0.00298730395817774
"uniform","high_minus_low_Ts__CO1__Ts_and_Tv","SBS12",218,"high_minus_low_Ts","CO1","Ts_and_Tv",0.375862068965517
"uniform","high_minus_low_Ts__CO1__Ts_and_Tv","SBS23",150,"high_minus_low_Ts","CO1","Ts_and_Tv",0.258620689655172
"uniform","high_minus_low_Ts__CO1__Ts_and_Tv","SBS30",141,"high_minus_low_Ts","CO1","Ts_and_Tv",0.243103448275862
"uniform","high_minus_low_Ts__CO1__Ts_and_Tv","SBS42",41,"high_minus_low_Ts","CO1","Ts_and_Tv",0.0706896551724138
"uniform","high_minus_low_Ts__CO1__Ts_and_Tv","SBS1",10,"high_minus_low_Ts","CO1","Ts_and_Tv",0.0172413793103448
"uniform","high_minus_low_Ts__CO1__Ts_and_Tv","SBS3",5,"high_minus_low_Ts","CO1","Ts_and_Tv",0.00862068965517241
"uniform","high_minus_low_Ts__CO1__Ts_and_Tv","SBS37",5,"high_minus_low_Ts","CO1","Ts_and_Tv",0.00862068965517241
"uniform","high_minus_low_Ts__CO1__Ts_and_Tv","SBS10d",4,"high_minus_low_Ts","CO1","Ts_and_Tv",0.00689655172413793
"uniform","high_minus_low_Ts__CO1__Ts_and_Tv","SBS34",3,"high_minus_low_Ts","CO1","Ts_and_Tv",0.00517241379310345
"uniform","high_minus_low_Ts__CO1__Ts_and_Tv","SBS10a",1,"high_minus_low_Ts","CO1","Ts_and_Tv",0.00172413793103448
"uniform","high_minus_low_Ts__CO1__Ts_and_Tv","SBS17a",1,"high_minus_low_Ts","CO1","Ts_and_Tv",0.00172413793103448
"uniform","high_minus_low_Ts__CO1__Ts_and_Tv","SBS33",1,"high_minus_low_Ts","CO1","Ts_and_Tv",0.00172413793103448
"uniform","high_minus_low_Ts__CO1__Ts_only","SBS12",204,"high_minus_low_Ts","CO1","Ts_only",0.387832699619772
"uniform","high_minus_low_Ts__CO1__Ts_only","SBS23",197,"high_minus_low_Ts","CO1","Ts_only",0.374524714828897
"uniform","high_minus_low_Ts__CO1__Ts_only","SBS30",118,"high_minus_low_Ts","CO1","Ts_only",0.224334600760456
"uniform","high_minus_low_Ts__CO1__Ts_only","SBS1",7,"high_minus_low_Ts","CO1","Ts_only",0.0133079847908745
"uniform","high_minus_low_Ts__CO3__Ts_and_Tv","SBS12",362,"high_minus_low_Ts","CO3","Ts_and_Tv",0.464102564102564
"uniform","high_minus_low_Ts__CO3__Ts_and_Tv","SBS30",146,"high_minus_low_Ts","CO3","Ts_and_Tv",0.187179487179487
"uniform","high_minus_low_Ts__CO3__Ts_and_Tv","SBS23",111,"high_minus_low_Ts","CO3","Ts_and_Tv",0.142307692307692
"uniform","high_minus_low_Ts__CO3__Ts_and_Tv","SBS19",59,"high_minus_low_Ts","CO3","Ts_and_Tv",0.0756410256410256
"uniform","high_minus_low_Ts__CO3__Ts_and_Tv","SBS42",43,"high_minus_low_Ts","CO3","Ts_and_Tv",0.0551282051282051
"uniform","high_minus_low_Ts__CO3__Ts_and_Tv","SBS26",34,"high_minus_low_Ts","CO3","Ts_and_Tv",0.0435897435897436
"uniform","high_minus_low_Ts__CO3__Ts_and_Tv","SBS17a",14,"high_minus_low_Ts","CO3","Ts_and_Tv",0.0179487179487179
"uniform","high_minus_low_Ts__CO3__Ts_and_Tv","SBS3",4,"high_minus_low_Ts","CO3","Ts_and_Tv",0.00512820512820513
"uniform","high_minus_low_Ts__CO3__Ts_and_Tv","SBS15",4,"high_minus_low_Ts","CO3","Ts_and_Tv",0.00512820512820513
"uniform","high_minus_low_Ts__CO3__Ts_and_Tv","SBS39",3,"high_minus_low_Ts","CO3","Ts_and_Tv",0.00384615384615385
"uniform","high_minus_low_Ts__CO3__Ts_only","SBS12",316,"high_minus_low_Ts","CO3","Ts_only",0.43646408839779
"uniform","high_minus_low_Ts__CO3__Ts_only","SBS23",207,"high_minus_low_Ts","CO3","Ts_only",0.285911602209945
"uniform","high_minus_low_Ts__CO3__Ts_only","SBS30",152,"high_minus_low_Ts","CO3","Ts_only",0.209944751381215
"uniform","high_minus_low_Ts__CO3__Ts_only","SBS26",28,"high_minus_low_Ts","CO3","Ts_only",0.0386740331491713
"uniform","high_minus_low_Ts__CO3__Ts_only","SBS17a",8,"high_minus_low_Ts","CO3","Ts_only",0.0110497237569061
"uniform","high_minus_low_Ts__CO3__Ts_only","SBS19",5,"high_minus_low_Ts","CO3","Ts_only",0.0069060773480663
"uniform","high_minus_low_Ts__CO3__Ts_only","SBS6",4,"high_minus_low_Ts","CO3","Ts_only",0.00552486187845304
"uniform","high_minus_low_Ts__CO3__Ts_only","SBS15",2,"high_minus_low_Ts","CO3","Ts_only",0.00276243093922652
"uniform","high_minus_low_Ts__CO3__Ts_only","SBS33",2,"high_minus_low_Ts","CO3","Ts_only",0.00276243093922652
"uniform","high_minus_low_Ts__Cytb__Ts_and_Tv","SBS12",313,"high_minus_low_Ts","Cytb","Ts_and_Tv",0.299808429118774
"uniform","high_minus_low_Ts__Cytb__Ts_and_Tv","SBS30",253,"high_minus_low_Ts","Cytb","Ts_and_Tv",0.242337164750958
"uniform","high_minus_low_Ts__Cytb__Ts_and_Tv","SBS23",234,"high_minus_low_Ts","Cytb","Ts_and_Tv",0.224137931034483
"uniform","high_minus_low_Ts__Cytb__Ts_and_Tv","SBS26",146,"high_minus_low_Ts","Cytb","Ts_and_Tv",0.139846743295019
"uniform","high_minus_low_Ts__Cytb__Ts_and_Tv","SBS2",47,"high_minus_low_Ts","Cytb","Ts_and_Tv",0.0450191570881226
"uniform","high_minus_low_Ts__Cytb__Ts_and_Tv","SBS21",20,"high_minus_low_Ts","Cytb","Ts_and_Tv",0.0191570881226054
"uniform","high_minus_low_Ts__Cytb__Ts_and_Tv","SBS17a",14,"high_minus_low_Ts","Cytb","Ts_and_Tv",0.0134099616858238
"uniform","high_minus_low_Ts__Cytb__Ts_and_Tv","SBS10a",7,"high_minus_low_Ts","Cytb","Ts_and_Tv",0.00670498084291188
"uniform","high_minus_low_Ts__Cytb__Ts_and_Tv","SBS42",6,"high_minus_low_Ts","Cytb","Ts_and_Tv",0.00574712643678161
"uniform","high_minus_low_Ts__Cytb__Ts_and_Tv","SBS13",4,"high_minus_low_Ts","Cytb","Ts_and_Tv",0.00383141762452107
"uniform","high_minus_low_Ts__Cytb__Ts_only","SBS23",292,"high_minus_low_Ts","Cytb","Ts_only",0.294058408862034
"uniform","high_minus_low_Ts__Cytb__Ts_only","SBS12",275,"high_minus_low_Ts","Cytb","Ts_only",0.276938569989929
"uniform","high_minus_low_Ts__Cytb__Ts_only","SBS30",214,"high_minus_low_Ts","Cytb","Ts_only",0.215508559919436
"uniform","high_minus_low_Ts__Cytb__Ts_only","SBS26",129,"high_minus_low_Ts","Cytb","Ts_only",0.129909365558912
"uniform","high_minus_low_Ts__Cytb__Ts_only","SBS2",58,"high_minus_low_Ts","Cytb","Ts_only",0.0584088620342397
"uniform","high_minus_low_Ts__Cytb__Ts_only","SBS21",23,"high_minus_low_Ts","Cytb","Ts_only",0.0231621349446123
"uniform","high_minus_low_Ts__Cytb__Ts_only","SBS17a",1,"high_minus_low_Ts","Cytb","Ts_only",0.00100704934541793
"uniform","high_minus_low_Ts__Cytb__Ts_only","SBS33",1,"high_minus_low_Ts","Cytb","Ts_only",0.00100704934541793
"uniform","low_Ts__CO1__Ts_and_Tv","SBS12",244,"low_Ts","CO1","Ts_and_Tv",0.408026755852843
"uniform","low_Ts__CO1__Ts_and_Tv","SBS30",224,"low_Ts","CO1","Ts_and_Tv",0.374581939799331
"uniform","low_Ts__CO1__Ts_and_Tv","SBS19",44,"low_Ts","CO1","Ts_and_Tv",0.0735785953177258
"uniform","low_Ts__CO1__Ts_and_Tv","SBS42",40,"low_Ts","CO1","Ts_and_Tv",0.0668896321070234
"uniform","low_Ts__CO1__Ts_and_Tv","SBS6",17,"low_Ts","CO1","Ts_and_Tv",0.0284280936454849
"uniform","low_Ts__CO1__Ts_and_Tv","SBS2",16,"low_Ts","CO1","Ts_and_Tv",0.0267558528428094
"uniform","low_Ts__CO1__Ts_and_Tv","SBS10d",6,"low_Ts","CO1","Ts_and_Tv",0.0100334448160535
"uniform","low_Ts__CO1__Ts_and_Tv","SBS21",3,"low_Ts","CO1","Ts_and_Tv",0.00501672240802676
"uniform","low_Ts__CO1__Ts_and_Tv","SBS34",3,"low_Ts","CO1","Ts_and_Tv",0.00501672240802676
"uniform","low_Ts__CO1__Ts_and_Tv","SBS3",1,"low_Ts","CO1","Ts_and_Tv",0.00167224080267559
"uniform","low_Ts__CO1__Ts_only","SBS30",211,"low_Ts","CO1","Ts_only",0.38929889298893
"uniform","low_Ts__CO1__Ts_only","SBS12",168,"low_Ts","CO1","Ts_only",0.309963099630996
"uniform","low_Ts__CO1__Ts_only","SBS23",83,"low_Ts","CO1","Ts_only",0.153136531365314
"uniform","low_Ts__CO1__Ts_only","SBS2",24,"low_Ts","CO1","Ts_only",0.044280442804428
"uniform","low_Ts__CO1__Ts_only","SBS26",24,"low_Ts","CO1","Ts_only",0.044280442804428
"uniform","low_Ts__CO1__Ts_only","SBS21",20,"low_Ts","CO1","Ts_only",0.03690036900369
"uniform","low_Ts__CO1__Ts_only","SBS6",9,"low_Ts","CO1","Ts_only",0.0166051660516605
"uniform","low_Ts__CO1__Ts_only","SBS1",2,"low_Ts","CO1","Ts_only",0.003690036900369
"uniform","low_Ts__CO1__Ts_only","SBS16",1,"low_Ts","CO1","Ts_only",0.0018450184501845
"uniform","low_Ts__CO3__Ts_and_Tv","SBS30",247,"low_Ts","CO3","Ts_and_Tv",0.422945205479452
"uniform","low_Ts__CO3__Ts_and_Tv","SBS12",197,"low_Ts","CO3","Ts_and_Tv",0.337328767123288
"uniform","low_Ts__CO3__Ts_and_Tv","SBS42",56,"low_Ts","CO3","Ts_and_Tv",0.0958904109589041
"uniform","low_Ts__CO3__Ts_and_Tv","SBS26",46,"low_Ts","CO3","Ts_and_Tv",0.0787671232876712
"uniform","low_Ts__CO3__Ts_and_Tv","SBS33",14,"low_Ts","CO3","Ts_and_Tv",0.023972602739726
"uniform","low_Ts__CO3__Ts_and_Tv","SBS21",12,"low_Ts","CO3","Ts_and_Tv",0.0205479452054795
"uniform","low_Ts__CO3__Ts_and_Tv","SBS39",5,"low_Ts","CO3","Ts_and_Tv",0.00856164383561644
"uniform","low_Ts__CO3__Ts_and_Tv","SBS2",3,"low_Ts","CO3","Ts_and_Tv",0.00513698630136986
"uniform","low_Ts__CO3__Ts_and_Tv","SBS19",2,"low_Ts","CO3","Ts_and_Tv",0.00342465753424658
"uniform","low_Ts__CO3__Ts_and_Tv","SBS34",2,"low_Ts","CO3","Ts_and_Tv",0.00342465753424658
"uniform","low_Ts__CO3__Ts_only","SBS30",239,"low_Ts","CO3","Ts_only",0.45179584120983
"uniform","low_Ts__CO3__Ts_only","SBS12",192,"low_Ts","CO3","Ts_only",0.362948960302457
"uniform","low_Ts__CO3__Ts_only","SBS23",43,"low_Ts","CO3","Ts_only",0.0812854442344045
"uniform","low_Ts__CO3__Ts_only","SBS21",33,"low_Ts","CO3","Ts_only",0.0623818525519849
"uniform","low_Ts__CO3__Ts_only","SBS26",13,"low_Ts","CO3","Ts_only",0.0245746691871456
"uniform","low_Ts__CO3__Ts_only","SBS2",8,"low_Ts","CO3","Ts_only",0.0151228733459357
"uniform","low_Ts__CO3__Ts_only","SBS33",1,"low_Ts","CO3","Ts_only",0.00189035916824197
"uniform","low_Ts__Cytb__Ts_and_Tv","SBS12",144,"low_Ts","Cytb","Ts_and_Tv",0.360902255639098
"uniform","low_Ts__Cytb__Ts_and_Tv","SBS30",141,"low_Ts","Cytb","Ts_and_Tv",0.353383458646617
"uniform","low_Ts__Cytb__Ts_and_Tv","SBS42",28,"low_Ts","Cytb","Ts_and_Tv",0.0701754385964912
"uniform","low_Ts__Cytb__Ts_and_Tv","SBS26",23,"low_Ts","Cytb","Ts_and_Tv",0.0576441102756892
"uniform","low_Ts__Cytb__Ts_and_Tv","SBS19",15,"low_Ts","Cytb","Ts_and_Tv",0.037593984962406
"uniform","low_Ts__Cytb__Ts_and_Tv","SBS2",11,"low_Ts","Cytb","Ts_and_Tv",0.0275689223057644
"uniform","low_Ts__Cytb__Ts_and_Tv","SBS6",11,"low_Ts","Cytb","Ts_and_Tv",0.0275689223057644
"uniform","low_Ts__Cytb__Ts_and_Tv","SBS17a",8,"low_Ts","Cytb","Ts_and_Tv",0.0200501253132832
"uniform","low_Ts__Cytb__Ts_and_Tv","SBS10a",7,"low_Ts","Cytb","Ts_and_Tv",0.0175438596491228
"uniform","low_Ts__Cytb__Ts_and_Tv","SBS13",5,"low_Ts","Cytb","Ts_and_Tv",0.012531328320802
"uniform","low_Ts__Cytb__Ts_and_Tv","SBS89",4,"low_Ts","Cytb","Ts_and_Tv",0.0100250626566416
"uniform","low_Ts__Cytb__Ts_and_Tv","SBS10d",1,"low_Ts","Cytb","Ts_and_Tv",0.0025062656641604
"uniform","low_Ts__Cytb__Ts_and_Tv","SBS34",1,"low_Ts","Cytb","Ts_and_Tv",0.0025062656641604
"uniform","low_Ts__Cytb__Ts_only","SBS12",149,"low_Ts","Cytb","Ts_only",0.429394812680115
"uniform","low_Ts__Cytb__Ts_only","SBS30",147,"low_Ts","Cytb","Ts_only",0.423631123919308
"uniform","low_Ts__Cytb__Ts_only","SBS23",26,"low_Ts","Cytb","Ts_only",0.0749279538904899
"uniform","low_Ts__Cytb__Ts_only","SBS2",14,"low_Ts","Cytb","Ts_only",0.0403458213256484
"uniform","low_Ts__Cytb__Ts_only","SBS6",11,"low_Ts","Cytb","Ts_only",0.031700288184438
"sigprofiler_priors","high_Ts__CO1__Ts_and_Tv","SBS12",481,"high_Ts","CO1","Ts_and_Tv",0.431390134529148
"sigprofiler_priors","high_Ts__CO1__Ts_and_Tv","SBS30",383,"high_Ts","CO1","Ts_and_Tv",0.343497757847534
"sigprofiler_priors","high_Ts__CO1__Ts_and_Tv","SBS23",251,"high_Ts","CO1","Ts_and_Tv",0.225112107623318
"sigprofiler_priors","high_Ts__CO1__Ts_only","SBS12",393,"high_Ts","CO1","Ts_only",0.370405278039585
"sigprofiler_priors","high_Ts__CO1__Ts_only","SBS30",338,"high_Ts","CO1","Ts_only",0.318567389255419
"sigprofiler_priors","high_Ts__CO1__Ts_only","SBS23",330,"high_Ts","CO1","Ts_only",0.311027332704995
"sigprofiler_priors","high_Ts__CO3__Ts_and_Tv","SBS30",667,"high_Ts","CO3","Ts_and_Tv",0.517857142857143
"sigprofiler_priors","high_Ts__CO3__Ts_and_Tv","SBS12",621,"high_Ts","CO3","Ts_and_Tv",0.482142857142857
"sigprofiler_priors","high_Ts__CO3__Ts_only","SBS12",536,"high_Ts","CO3","Ts_only",0.434359805510535
"sigprofiler_priors","high_Ts__CO3__Ts_only","SBS23",375,"high_Ts","CO3","Ts_only",0.303889789303079
"sigprofiler_priors","high_Ts__CO3__Ts_only","SBS30",323,"high_Ts","CO3","Ts_only",0.261750405186386
"sigprofiler_priors","high_Ts__Cytb__Ts_and_Tv","SBS12",639,"high_Ts","Cytb","Ts_and_Tv",0.460043196544276
"sigprofiler_priors","high_Ts__Cytb__Ts_and_Tv","SBS30",511,"high_Ts","Cytb","Ts_and_Tv",0.3678905687545
"sigprofiler_priors","high_Ts__Cytb__Ts_and_Tv","SBS23",239,"high_Ts","Cytb","Ts_and_Tv",0.172066234701224
"sigprofiler_priors","high_Ts__Cytb__Ts_only","SBS12",549,"high_Ts","Cytb","Ts_only",0.409701492537313
"sigprofiler_priors","high_Ts__Cytb__Ts_only","SBS30",438,"high_Ts","Cytb","Ts_only",0.326865671641791
"sigprofiler_priors","high_Ts__Cytb__Ts_only","SBS23",353,"high_Ts","Cytb","Ts_only",0.263432835820896
"sigprofiler_priors","high_minus_low_Ts__CO1__Ts_and_Tv","SBS12",242,"high_minus_low_Ts","CO1","Ts_and_Tv",0.415807560137457
"sigprofiler_priors","high_minus_low_Ts__CO1__Ts_and_Tv","SBS30",158,"high_minus_low_Ts","CO1","Ts_and_Tv",0.271477663230241
"sigprofiler_priors","high_minus_low_Ts__CO1__Ts_and_Tv","SBS23",127,"high_minus_low_Ts","CO1","Ts_and_Tv",0.218213058419244
"sigprofiler_priors","high_minus_low_Ts__CO1__Ts_and_Tv","SBS42",55,"high_minus_low_Ts","CO1","Ts_and_Tv",0.0945017182130584
"sigprofiler_priors","high_minus_low_Ts__CO1__Ts_only","SBS12",201,"high_minus_low_Ts","CO1","Ts_only",0.381404174573055
"sigprofiler_priors","high_minus_low_Ts__CO1__Ts_only","SBS23",194,"high_minus_low_Ts","CO1","Ts_only",0.368121442125237
"sigprofiler_priors","high_minus_low_Ts__CO1__Ts_only","SBS30",132,"high_minus_low_Ts","CO1","Ts_only",0.250474383301708
"sigprofiler_priors","high_minus_low_Ts__CO3__Ts_and_Tv","SBS12",411,"high_minus_low_Ts","CO3","Ts_and_Tv",0.526923076923077
"sigprofiler_priors","high_minus_low_Ts__CO3__Ts_and_Tv","SBS30",219,"high_minus_low_Ts","CO3","Ts_and_Tv",0.280769230769231
"sigprofiler_priors","high_minus_low_Ts__CO3__Ts_and_Tv","SBS19",98,"high_minus_low_Ts","CO3","Ts_and_Tv",0.125641025641026
"sigprofiler_priors","high_minus_low_Ts__CO3__Ts_and_Tv","SBS42",52,"high_minus_low_Ts","CO3","Ts_and_Tv",0.0666666666666667
"sigprofiler_priors","high_minus_low_Ts__CO3__Ts_only","SBS12",349,"high_minus_low_Ts","CO3","Ts_only",0.481379310344828
"sigprofiler_priors","high_minus_low_Ts__CO3__Ts_only","SBS23",296,"high_minus_low_Ts","CO3","Ts_only",0.408275862068966
"sigprofiler_priors","high_minus_low_Ts__CO3__Ts_only","SBS30",80,"high_minus_low_Ts","CO3","Ts_only",0.110344827586207
"sigprofiler_priors","high_minus_low_Ts__Cytb__Ts_and_Tv","SBS12",374,"high_minus_low_Ts","Cytb","Ts_and_Tv",0.357894736842105
"sigprofiler_priors","high_minus_low_Ts__Cytb__Ts_and_Tv","SBS30",358,"high_minus_low_Ts","Cytb","Ts_and_Tv",0.342583732057416
"sigprofiler_priors","high_minus_low_Ts__Cytb__Ts_and_Tv","SBS23",171,"high_minus_low_Ts","Cytb","Ts_and_Tv",0.163636363636364
"sigprofiler_priors","high_minus_low_Ts__Cytb__Ts_and_Tv","SBS26",142,"high_minus_low_Ts","Cytb","Ts_and_Tv",0.135885167464115
"sigprofiler_priors","high_minus_low_Ts__Cytb__Ts_only","SBS12",434,"high_minus_low_Ts","Cytb","Ts_only",0.436180904522613
"sigprofiler_priors","high_minus_low_Ts__Cytb__Ts_only","SBS30",311,"high_minus_low_Ts","Cytb","Ts_only",0.312562814070352
"sigprofiler_priors","high_minus_low_Ts__Cytb__Ts_only","SBS23",250,"high_minus_low_Ts","Cytb","Ts_only",0.251256281407035
"sigprofiler_priors","low_Ts__CO1__Ts_and_Tv","SBS30",292,"low_Ts","CO1","Ts_and_Tv",0.489112227805695
"sigprofiler_priors","low_Ts__CO1__Ts_and_Tv","SBS12",247,"low_Ts","CO1","Ts_and_Tv",0.413735343383585
"sigprofiler_priors","low_Ts__CO1__Ts_and_Tv","SBS42",58,"low_Ts","CO1","Ts_and_Tv",0.0971524288107203
"sigprofiler_priors","low_Ts__CO1__Ts_only","SBS30",334,"low_Ts","CO1","Ts_only",0.616236162361624
"sigprofiler_priors","low_Ts__CO1__Ts_only","SBS12",208,"low_Ts","CO1","Ts_only",0.383763837638376
"sigprofiler_priors","low_Ts__CO3__Ts_and_Tv","SBS12",267,"low_Ts","CO3","Ts_and_Tv",0.457191780821918
"sigprofiler_priors","low_Ts__CO3__Ts_and_Tv","SBS30",249,"low_Ts","CO3","Ts_and_Tv",0.426369863013699
"sigprofiler_priors","low_Ts__CO3__Ts_and_Tv","SBS42",68,"low_Ts","CO3","Ts_and_Tv",0.116438356164384
"sigprofiler_priors","low_Ts__CO3__Ts_only","SBS30",293,"low_Ts","CO3","Ts_only",0.553875236294896
"sigprofiler_priors","low_Ts__CO3__Ts_only","SBS12",236,"low_Ts","CO3","Ts_only",0.446124763705104
"sigprofiler_priors","low_Ts__Cytb__Ts_and_Tv","SBS12",175,"low_Ts","Cytb","Ts_and_Tv",0.43859649122807
"sigprofiler_priors","low_Ts__Cytb__Ts_and_Tv","SBS30",170,"low_Ts","Cytb","Ts_and_Tv",0.426065162907268
"sigprofiler_priors","low_Ts__Cytb__Ts_and_Tv","SBS42",54,"low_Ts","Cytb","Ts_and_Tv",0.135338345864662
"sigprofiler_priors","low_Ts__Cytb__Ts_only","SBS30",201,"low_Ts","Cytb","Ts_only",0.579250720461095
"sigprofiler_priors","low_Ts__Cytb__Ts_only","SBS12",146,"low_Ts","Cytb","Ts_only",0.420749279538905
"uniform_top6","high_Ts__CO1__Ts_and_Tv","SBS12",481,"high_Ts","CO1","Ts_and_Tv",0.431390134529148
"uniform_top6","high_Ts__CO1__Ts_and_Tv","SBS30",383,"high_Ts","CO1","Ts_and_Tv",0.343497757847534
"uniform_top6","high_Ts__CO1__Ts_and_Tv","SBS23",251,"high_Ts","CO1","Ts_and_Tv",0.225112107623318
"uniform_top6","high_Ts__CO1__Ts_only","SBS12",390,"high_Ts","CO1","Ts_only",0.367577756833176
"uniform_top6","high_Ts__CO1__Ts_only","SBS30",338,"high_Ts","CO1","Ts_only",0.318567389255419
"uniform_top6","high_Ts__CO1__Ts_only","SBS23",333,"high_Ts","CO1","Ts_only",0.313854853911404
"uniform_top6","high_Ts__CO3__Ts_and_Tv","SBS12",636,"high_Ts","CO3","Ts_and_Tv",0.493788819875776
"uniform_top6","high_Ts__CO3__Ts_and_Tv","SBS30",496,"high_Ts","CO3","Ts_and_Tv",0.385093167701863
"uniform_top6","high_Ts__CO3__Ts_and_Tv","SBS23",156,"high_Ts","CO3","Ts_and_Tv",0.12111801242236
"uniform_top6","high_Ts__CO3__Ts_only","SBS12",536,"high_Ts","CO3","Ts_only",0.434359805510535
"uniform_top6","high_Ts__CO3__Ts_only","SBS23",375,"high_Ts","CO3","Ts_only",0.303889789303079
"uniform_top6","high_Ts__CO3__Ts_only","SBS30",323,"high_Ts","CO3","Ts_only",0.261750405186386
"uniform_top6","high_Ts__Cytb__Ts_and_Tv","SBS12",639,"high_Ts","Cytb","Ts_and_Tv",0.460043196544276
"uniform_top6","high_Ts__Cytb__Ts_and_Tv","SBS30",511,"high_Ts","Cytb","Ts_and_Tv",0.3678905687545
"uniform_top6","high_Ts__Cytb__Ts_and_Tv","SBS23",239,"high_Ts","Cytb","Ts_and_Tv",0.172066234701224
"uniform_top6","high_Ts__Cytb__Ts_only","SBS12",549,"high_Ts","Cytb","Ts_only",0.409701492537313
"uniform_top6","high_Ts__Cytb__Ts_only","SBS30",438,"high_Ts","Cytb","Ts_only",0.326865671641791
"uniform_top6","high_Ts__Cytb__Ts_only","SBS23",353,"high_Ts","Cytb","Ts_only",0.263432835820896
"uniform_top6","high_minus_low_Ts__CO1__Ts_and_Tv","SBS12",242,"high_minus_low_Ts","CO1","Ts_and_Tv",0.415807560137457
"uniform_top6","high_minus_low_Ts__CO1__Ts_and_Tv","SBS30",158,"high_minus_low_Ts","CO1","Ts_and_Tv",0.271477663230241
"uniform_top6","high_minus_low_Ts__CO1__Ts_and_Tv","SBS23",127,"high_minus_low_Ts","CO1","Ts_and_Tv",0.218213058419244
"uniform_top6","high_minus_low_Ts__CO1__Ts_and_Tv","SBS42",55,"high_minus_low_Ts","CO1","Ts_and_Tv",0.0945017182130584
"uniform_top6","high_minus_low_Ts__CO1__Ts_only","SBS12",201,"high_minus_low_Ts","CO1","Ts_only",0.381404174573055
"uniform_top6","high_minus_low_Ts__CO1__Ts_only","SBS23",194,"high_minus_low_Ts","CO1","Ts_only",0.368121442125237
"uniform_top6","high_minus_low_Ts__CO1__Ts_only","SBS30",132,"high_minus_low_Ts","CO1","Ts_only",0.250474383301708
"uniform_top6","high_minus_low_Ts__CO3__Ts_and_Tv","SBS12",406,"high_minus_low_Ts","CO3","Ts_and_Tv",0.519846350832266
"uniform_top6","high_minus_low_Ts__CO3__Ts_and_Tv","SBS23",176,"high_minus_low_Ts","CO3","Ts_and_Tv",0.225352112676056
"uniform_top6","high_minus_low_Ts__CO3__Ts_and_Tv","SBS30",143,"high_minus_low_Ts","CO3","Ts_and_Tv",0.183098591549296
"uniform_top6","high_minus_low_Ts__CO3__Ts_and_Tv","SBS42",56,"high_minus_low_Ts","CO3","Ts_and_Tv",0.0717029449423816
"uniform_top6","high_minus_low_Ts__CO3__Ts_only","SBS12",349,"high_minus_low_Ts","CO3","Ts_only",0.481379310344828
"uniform_top6","high_minus_low_Ts__CO3__Ts_only","SBS23",293,"high_minus_low_Ts","CO3","Ts_only",0.404137931034483
"uniform_top6","high_minus_low_Ts__CO3__Ts_only","SBS30",83,"high_minus_low_Ts","CO3","Ts_only",0.11448275862069
"uniform_top6","high_minus_low_Ts__Cytb__Ts_and_Tv","SBS12",374,"high_minus_low_Ts","Cytb","Ts_and_Tv",0.357894736842105
"uniform_top6","high_minus_low_Ts__Cytb__Ts_and_Tv","SBS30",358,"high_minus_low_Ts","Cytb","Ts_and_Tv",0.342583732057416
"uniform_top6","high_minus_low_Ts__Cytb__Ts_and_Tv","SBS23",171,"high_minus_low_Ts","Cytb","Ts_and_Tv",0.163636363636364
"uniform_top6","high_minus_low_Ts__Cytb__Ts_and_Tv","SBS26",142,"high_minus_low_Ts","Cytb","Ts_and_Tv",0.135885167464115
"uniform_top6","high_minus_low_Ts__Cytb__Ts_only","SBS12",434,"high_minus_low_Ts","Cytb","Ts_only",0.436180904522613
"uniform_top6","high_minus_low_Ts__Cytb__Ts_only","SBS30",311,"high_minus_low_Ts","Cytb","Ts_only",0.312562814070352
"uniform_top6","high_minus_low_Ts__Cytb__Ts_only","SBS23",250,"high_minus_low_Ts","Cytb","Ts_only",0.251256281407035
"uniform_top6","low_Ts__CO1__Ts_and_Tv","SBS30",292,"low_Ts","CO1","Ts_and_Tv",0.489112227805695
"uniform_top6","low_Ts__CO1__Ts_and_Tv","SBS12",247,"low_Ts","CO1","Ts_and_Tv",0.413735343383585
"uniform_top6","low_Ts__CO1__Ts_and_Tv","SBS42",58,"low_Ts","CO1","Ts_and_Tv",0.0971524288107203
"uniform_top6","low_Ts__CO1__Ts_only","SBS30",248,"low_Ts","CO1","Ts_only",0.456721915285451
"uniform_top6","low_Ts__CO1__Ts_only","SBS12",210,"low_Ts","CO1","Ts_only",0.386740331491713
"uniform_top6","low_Ts__CO1__Ts_only","SBS23",85,"low_Ts","CO1","Ts_only",0.156537753222836
"uniform_top6","low_Ts__CO3__Ts_and_Tv","SBS12",267,"low_Ts","CO3","Ts_and_Tv",0.457191780821918
"uniform_top6","low_Ts__CO3__Ts_and_Tv","SBS30",249,"low_Ts","CO3","Ts_and_Tv",0.426369863013699
"uniform_top6","low_Ts__CO3__Ts_and_Tv","SBS42",68,"low_Ts","CO3","Ts_and_Tv",0.116438356164384
"uniform_top6","low_Ts__CO3__Ts_only","SBS30",293,"low_Ts","CO3","Ts_only",0.553875236294896
"uniform_top6","low_Ts__CO3__Ts_only","SBS12",236,"low_Ts","CO3","Ts_only",0.446124763705104
"uniform_top6","low_Ts__Cytb__Ts_and_Tv","SBS12",175,"low_Ts","Cytb","Ts_and_Tv",0.43859649122807
"uniform_top6","low_Ts__Cytb__Ts_and_Tv","SBS30",170,"low_Ts","Cytb","Ts_and_Tv",0.426065162907268
"uniform_top6","low_Ts__Cytb__Ts_and_Tv","SBS42",54,"low_Ts","Cytb","Ts_and_Tv",0.135338345864662
"uniform_top6","low_Ts__Cytb__Ts_only","SBS30",201,"low_Ts","Cytb","Ts_only",0.579250720461095
"uniform_top6","low_Ts__Cytb__Ts_only","SBS12",146,"low_Ts","Cytb","Ts_only",0.420749279538905
