"","method","proposed.assignment","QP.assignment","Mode","Sample","Branch","Gene","SpectrumType","SourceFile"
1,"log.likelihood",-200.122828183539,-206.703494857156,"uniform","high_Ts__CO1__Ts_and_Tv","high_Ts","CO1","Ts_and_Tv","uniform/high_Ts__CO1__Ts_and_Tv/high_Ts__CO1__Ts_and_Tv.SBS96.distances.csv"
2,"MAP",-338.368386785863,-344.94905345948,"uniform","high_Ts__CO1__Ts_and_Tv","high_Ts","CO1","Ts_and_Tv","uniform/high_Ts__CO1__Ts_and_Tv/high_Ts__CO1__Ts_and_Tv.SBS96.distances.csv"
3,"euclidean",60.1164882645556,51.7182144217067,"uniform","high_Ts__CO1__Ts_and_Tv","high_Ts","CO1","Ts_and_Tv","uniform/high_Ts__CO1__Ts_and_Tv/high_Ts__CO1__Ts_and_Tv.SBS96.distances.csv"
4,"manhattan",325.264188578717,302.945587056256,"uniform","high_Ts__CO1__Ts_and_Tv","high_Ts","CO1","Ts_and_Tv","uniform/high_Ts__CO1__Ts_and_Tv/high_Ts__CO1__Ts_and_Tv.SBS96.distances.csv"
5,"cosine",0.959809777792493,0.970182731647575,"uniform","high_Ts__CO1__Ts_and_Tv","high_Ts","CO1","Ts_and_Tv","uniform/high_Ts__CO1__Ts_and_Tv/high_Ts__CO1__Ts_and_Tv.SBS96.distances.csv"
1,"log.likelihood",-175.268487642175,-179.397103676466,"uniform","high_Ts__CO1__Ts_only","high_Ts","CO1","Ts_only","uniform/high_Ts__CO1__Ts_only/high_Ts__CO1__Ts_only.SBS96.distances.csv"
2,"MAP",-327.299405794903,-331.428021829194,"uniform","high_Ts__CO1__Ts_only","high_Ts","CO1","Ts_only","uniform/high_Ts__CO1__Ts_only/high_Ts__CO1__Ts_only.SBS96.distances.csv"
3,"euclidean",73.8240940087764,55.398958988505,"uniform","high_Ts__CO1__Ts_only","high_Ts","CO1","Ts_only","uniform/high_Ts__CO1__Ts_only/high_Ts__CO1__Ts_only.SBS96.distances.csv"
4,"manhattan",371.534631272864,309.114642629756,"uniform","high_Ts__CO1__Ts_only","high_Ts","CO1","Ts_only","uniform/high_Ts__CO1__Ts_only/high_Ts__CO1__Ts_only.SBS96.distances.csv"
5,"cosine",0.939817918452615,0.96560699962723,"uniform","high_Ts__CO1__Ts_only","high_Ts","CO1","Ts_only","uniform/high_Ts__CO1__Ts_only/high_Ts__CO1__Ts_only.SBS96.distances.csv"
1,"log.likelihood",-245.122939421963,-251.110188662798,"uniform","high_Ts__CO3__Ts_and_Tv","high_Ts","CO3","Ts_and_Tv","uniform/high_Ts__CO3__Ts_and_Tv/high_Ts__CO3__Ts_and_Tv.SBS96.distances.csv"
2,"MAP",-392.558737724557,-398.545986965392,"uniform","high_Ts__CO3__Ts_and_Tv","high_Ts","CO3","Ts_and_Tv","uniform/high_Ts__CO3__Ts_and_Tv/high_Ts__CO3__Ts_and_Tv.SBS96.distances.csv"
3,"euclidean",125.785902697777,112.173467755651,"uniform","high_Ts__CO3__Ts_and_Tv","high_Ts","CO3","Ts_and_Tv","uniform/high_Ts__CO3__Ts_and_Tv/high_Ts__CO3__Ts_and_Tv.SBS96.distances.csv"
4,"manhattan",635.695033921897,585.246389636778,"uniform","high_Ts__CO3__Ts_and_Tv","high_Ts","CO3","Ts_and_Tv","uniform/high_Ts__CO3__Ts_and_Tv/high_Ts__CO3__Ts_and_Tv.SBS96.distances.csv"
5,"cosine",0.878114444963706,0.904385567967428,"uniform","high_Ts__CO3__Ts_and_Tv","high_Ts","CO3","Ts_and_Tv","uniform/high_Ts__CO3__Ts_and_Tv/high_Ts__CO3__Ts_and_Tv.SBS96.distances.csv"
1,"log.likelihood",-211.15052716009,-214.974272923446,"uniform","high_Ts__CO3__Ts_only","high_Ts","CO3","Ts_only","uniform/high_Ts__CO3__Ts_only/high_Ts__CO3__Ts_only.SBS96.distances.csv"
2,"MAP",-367.776565162952,-371.600310926309,"uniform","high_Ts__CO3__Ts_only","high_Ts","CO3","Ts_only","uniform/high_Ts__CO3__Ts_only/high_Ts__CO3__Ts_only.SBS96.distances.csv"
3,"euclidean",138.913305804428,122.073698055885,"uniform","high_Ts__CO3__Ts_only","high_Ts","CO3","Ts_only","uniform/high_Ts__CO3__Ts_only/high_Ts__CO3__Ts_only.SBS96.distances.csv"
4,"manhattan",671.111332784226,617.872458362482,"uniform","high_Ts__CO3__Ts_only","high_Ts","CO3","Ts_only","uniform/high_Ts__CO3__Ts_only/high_Ts__CO3__Ts_only.SBS96.distances.csv"
5,"cosine",0.850261510241953,0.885429987311951,"uniform","high_Ts__CO3__Ts_only","high_Ts","CO3","Ts_only","uniform/high_Ts__CO3__Ts_only/high_Ts__CO3__Ts_only.SBS96.distances.csv"
1,"log.likelihood",-216.734821459549,-222.232838585905,"uniform","high_Ts__Cytb__Ts_and_Tv","high_Ts","Cytb","Ts_and_Tv","uniform/high_Ts__Cytb__Ts_and_Tv/high_Ts__Cytb__Ts_and_Tv.SBS96.distances.csv"
2,"MAP",-345.790140361604,-351.28815748796,"uniform","high_Ts__Cytb__Ts_and_Tv","high_Ts","Cytb","Ts_and_Tv","uniform/high_Ts__Cytb__Ts_and_Tv/high_Ts__Cytb__Ts_and_Tv.SBS96.distances.csv"
3,"euclidean",110.494739474306,92.4921406585814,"uniform","high_Ts__Cytb__Ts_and_Tv","high_Ts","Cytb","Ts_and_Tv","uniform/high_Ts__Cytb__Ts_and_Tv/high_Ts__Cytb__Ts_and_Tv.SBS96.distances.csv"
4,"manhattan",518.202443939101,483.893816175398,"uniform","high_Ts__Cytb__Ts_and_Tv","high_Ts","Cytb","Ts_and_Tv","uniform/high_Ts__Cytb__Ts_and_Tv/high_Ts__Cytb__Ts_and_Tv.SBS96.distances.csv"
5,"cosine",0.911832232436707,0.937286552098017,"uniform","high_Ts__Cytb__Ts_and_Tv","high_Ts","Cytb","Ts_and_Tv","uniform/high_Ts__Cytb__Ts_and_Tv/high_Ts__Cytb__Ts_and_Tv.SBS96.distances.csv"
1,"log.likelihood",-209.258685310595,-217.657330074426,"uniform","high_Ts__Cytb__Ts_only","high_Ts","Cytb","Ts_only","uniform/high_Ts__Cytb__Ts_only/high_Ts__Cytb__Ts_only.SBS96.distances.csv"
2,"MAP",-356.694483613188,-365.093128377019,"uniform","high_Ts__Cytb__Ts_only","high_Ts","Cytb","Ts_only","uniform/high_Ts__Cytb__Ts_only/high_Ts__Cytb__Ts_only.SBS96.distances.csv"
3,"euclidean",125.370113875144,94.9934641830916,"uniform","high_Ts__Cytb__Ts_only","high_Ts","Cytb","Ts_only","uniform/high_Ts__Cytb__Ts_only/high_Ts__Cytb__Ts_only.SBS96.distances.csv"
4,"manhattan",588.832641037065,512.739383895571,"uniform","high_Ts__Cytb__Ts_only","high_Ts","Cytb","Ts_only","uniform/high_Ts__Cytb__Ts_only/high_Ts__Cytb__Ts_only.SBS96.distances.csv"
5,"cosine",0.886782757926981,0.933522522960022,"uniform","high_Ts__Cytb__Ts_only","high_Ts","Cytb","Ts_only","uniform/high_Ts__Cytb__Ts_only/high_Ts__Cytb__Ts_only.SBS96.distances.csv"
1,"log.likelihood",-189.077793583887,-197.310676054483,"uniform","high_minus_low_Ts__CO1__Ts_and_Tv","high_minus_low_Ts","CO1","Ts_and_Tv","uniform/high_minus_low_Ts__CO1__Ts_and_Tv/high_minus_low_Ts__CO1__Ts_and_Tv.SBS96.distances.csv"
2,"MAP",-313.537992635808,-321.770875106403,"uniform","high_minus_low_Ts__CO1__Ts_and_Tv","high_minus_low_Ts","CO1","Ts_and_Tv","uniform/high_minus_low_Ts__CO1__Ts_and_Tv/high_minus_low_Ts__CO1__Ts_and_Tv.SBS96.distances.csv"
3,"euclidean",44.0956383386762,42.0289285554268,"uniform","high_minus_low_Ts__CO1__Ts_and_Tv","high_minus_low_Ts","CO1","Ts_and_Tv","uniform/high_minus_low_Ts__CO1__Ts_and_Tv/high_minus_low_Ts__CO1__Ts_and_Tv.SBS96.distances.csv"
4,"manhattan",249.397164198633,246.733114254163,"uniform","high_minus_low_Ts__CO1__Ts_and_Tv","high_minus_low_Ts","CO1","Ts_and_Tv","uniform/high_minus_low_Ts__CO1__Ts_and_Tv/high_minus_low_Ts__CO1__Ts_and_Tv.SBS96.distances.csv"
5,"cosine",0.925024072836488,0.933476391226936,"uniform","high_minus_low_Ts__CO1__Ts_and_Tv","high_minus_low_Ts","CO1","Ts_and_Tv","uniform/high_minus_low_Ts__CO1__Ts_and_Tv/high_minus_low_Ts__CO1__Ts_and_Tv.SBS96.distances.csv"
1,"log.likelihood",-142.737106180382,-143.746787891935,"uniform","high_minus_low_Ts__CO1__Ts_only","high_minus_low_Ts","CO1","Ts_only","uniform/high_minus_low_Ts__CO1__Ts_only/high_minus_low_Ts__CO1__Ts_only.SBS96.distances.csv"
2,"MAP",-303.958264033379,-304.967945744932,"uniform","high_minus_low_Ts__CO1__Ts_only","high_minus_low_Ts","CO1","Ts_only","uniform/high_minus_low_Ts__CO1__Ts_only/high_minus_low_Ts__CO1__Ts_only.SBS96.distances.csv"
3,"euclidean",46.8909956581263,44.9676981426966,"uniform","high_minus_low_Ts__CO1__Ts_only","high_minus_low_Ts","CO1","Ts_only","uniform/high_minus_low_Ts__CO1__Ts_only/high_minus_low_Ts__CO1__Ts_only.SBS96.distances.csv"
4,"manhattan",237.148259053744,234.930757426505,"uniform","high_minus_low_Ts__CO1__Ts_only","high_minus_low_Ts","CO1","Ts_only","uniform/high_minus_low_Ts__CO1__Ts_only/high_minus_low_Ts__CO1__Ts_only.SBS96.distances.csv"
5,"cosine",0.913643430388825,0.921710166042448,"uniform","high_minus_low_Ts__CO1__Ts_only","high_minus_low_Ts","CO1","Ts_only","uniform/high_minus_low_Ts__CO1__Ts_only/high_minus_low_Ts__CO1__Ts_only.SBS96.distances.csv"
1,"log.likelihood",-244.226268379251,-255.409959476004,"uniform","high_minus_low_Ts__CO3__Ts_and_Tv","high_minus_low_Ts","CO3","Ts_and_Tv","uniform/high_minus_low_Ts__CO3__Ts_and_Tv/high_minus_low_Ts__CO3__Ts_and_Tv.SBS96.distances.csv"
2,"MAP",-377.876707131441,-389.060398228194,"uniform","high_minus_low_Ts__CO3__Ts_and_Tv","high_minus_low_Ts","CO3","Ts_and_Tv","uniform/high_minus_low_Ts__CO3__Ts_and_Tv/high_minus_low_Ts__CO3__Ts_and_Tv.SBS96.distances.csv"
3,"euclidean",100.283884381242,92.5865152365162,"uniform","high_minus_low_Ts__CO3__Ts_and_Tv","high_minus_low_Ts","CO3","Ts_and_Tv","uniform/high_minus_low_Ts__CO3__Ts_and_Tv/high_minus_low_Ts__CO3__Ts_and_Tv.SBS96.distances.csv"
4,"manhattan",485.671776645996,460.541936795422,"uniform","high_minus_low_Ts__CO3__Ts_and_Tv","high_minus_low_Ts","CO3","Ts_and_Tv","uniform/high_minus_low_Ts__CO3__Ts_and_Tv/high_minus_low_Ts__CO3__Ts_and_Tv.SBS96.distances.csv"
5,"cosine",0.810085127918487,0.840829665694294,"uniform","high_minus_low_Ts__CO3__Ts_and_Tv","high_minus_low_Ts","CO3","Ts_and_Tv","uniform/high_minus_low_Ts__CO3__Ts_and_Tv/high_minus_low_Ts__CO3__Ts_and_Tv.SBS96.distances.csv"
1,"log.likelihood",-194.801899421221,-203.910360129717,"uniform","high_minus_low_Ts__CO3__Ts_only","high_minus_low_Ts","CO3","Ts_only","uniform/high_minus_low_Ts__CO3__Ts_only/high_minus_low_Ts__CO3__Ts_only.SBS96.distances.csv"
2,"MAP",-333.047458023546,-342.155918732041,"uniform","high_minus_low_Ts__CO3__Ts_only","high_minus_low_Ts","CO3","Ts_only","uniform/high_minus_low_Ts__CO3__Ts_only/high_minus_low_Ts__CO3__Ts_only.SBS96.distances.csv"
3,"euclidean",104.74599682554,92.523712283609,"uniform","high_minus_low_Ts__CO3__Ts_only","high_minus_low_Ts","CO3","Ts_only","uniform/high_minus_low_Ts__CO3__Ts_only/high_minus_low_Ts__CO3__Ts_only.SBS96.distances.csv"
4,"manhattan",482.856899934472,440.322926471296,"uniform","high_minus_low_Ts__CO3__Ts_only","high_minus_low_Ts","CO3","Ts_only","uniform/high_minus_low_Ts__CO3__Ts_only/high_minus_low_Ts__CO3__Ts_only.SBS96.distances.csv"
5,"cosine",0.788606520492034,0.841895590535532,"uniform","high_minus_low_Ts__CO3__Ts_only","high_minus_low_Ts","CO3","Ts_only","uniform/high_minus_low_Ts__CO3__Ts_only/high_minus_low_Ts__CO3__Ts_only.SBS96.distances.csv"
1,"log.likelihood",-210.198381210633,-228.826913028734,"uniform","high_minus_low_Ts__Cytb__Ts_and_Tv","high_minus_low_Ts","Cytb","Ts_and_Tv","uniform/high_minus_low_Ts__Cytb__Ts_and_Tv/high_minus_low_Ts__Cytb__Ts_and_Tv.SBS96.distances.csv"
2,"MAP",-343.848819962822,-362.477351780923,"uniform","high_minus_low_Ts__Cytb__Ts_and_Tv","high_minus_low_Ts","Cytb","Ts_and_Tv","uniform/high_minus_low_Ts__Cytb__Ts_and_Tv/high_minus_low_Ts__Cytb__Ts_and_Tv.SBS96.distances.csv"
3,"euclidean",95.3789423777671,84.276456310482,"uniform","high_minus_low_Ts__Cytb__Ts_and_Tv","high_minus_low_Ts","Cytb","Ts_and_Tv","uniform/high_minus_low_Ts__Cytb__Ts_and_Tv/high_minus_low_Ts__Cytb__Ts_and_Tv.SBS96.distances.csv"
4,"manhattan",434.961543386197,428.158098547092,"uniform","high_minus_low_Ts__Cytb__Ts_and_Tv","high_minus_low_Ts","Cytb","Ts_and_Tv","uniform/high_minus_low_Ts__Cytb__Ts_and_Tv/high_minus_low_Ts__Cytb__Ts_and_Tv.SBS96.distances.csv"
5,"cosine",0.885614296411852,0.911021431963527,"uniform","high_minus_low_Ts__Cytb__Ts_and_Tv","high_minus_low_Ts","Cytb","Ts_and_Tv","uniform/high_minus_low_Ts__Cytb__Ts_and_Tv/high_minus_low_Ts__Cytb__Ts_and_Tv.SBS96.distances.csv"
1,"log.likelihood",-194.288635471454,-202.642517250453,"uniform","high_minus_low_Ts__Cytb__Ts_only","high_minus_low_Ts","Cytb","Ts_only","uniform/high_minus_low_Ts__Cytb__Ts_only/high_minus_low_Ts__Cytb__Ts_only.SBS96.distances.csv"
2,"MAP",-337.129313923913,-345.483195702911,"uniform","high_minus_low_Ts__Cytb__Ts_only","high_minus_low_Ts","Cytb","Ts_only","uniform/high_minus_low_Ts__Cytb__Ts_only/high_minus_low_Ts__Cytb__Ts_only.SBS96.distances.csv"
3,"euclidean",104.132709371813,87.3863349132239,"uniform","high_minus_low_Ts__Cytb__Ts_only","high_minus_low_Ts","Cytb","Ts_only","uniform/high_minus_low_Ts__Cytb__Ts_only/high_minus_low_Ts__Cytb__Ts_only.SBS96.distances.csv"
4,"manhattan",481.112055349593,429.80535090852,"uniform","high_minus_low_Ts__Cytb__Ts_only","high_minus_low_Ts","Cytb","Ts_only","uniform/high_minus_low_Ts__Cytb__Ts_only/high_minus_low_Ts__Cytb__Ts_only.SBS96.distances.csv"
5,"cosine",0.862832082044687,0.903320463195028,"uniform","high_minus_low_Ts__Cytb__Ts_only","high_minus_low_Ts","Cytb","Ts_only","uniform/high_minus_low_Ts__Cytb__Ts_only/high_minus_low_Ts__Cytb__Ts_only.SBS96.distances.csv"
1,"log.likelihood",-178.489061629812,-183.880780370992,"uniform","low_Ts__CO1__Ts_and_Tv","low_Ts","CO1","Ts_and_Tv","uniform/low_Ts__CO1__Ts_and_Tv/low_Ts__CO1__Ts_and_Tv.SBS96.distances.csv"
2,"MAP",-312.139500382002,-317.531219123182,"uniform","low_Ts__CO1__Ts_and_Tv","low_Ts","CO1","Ts_and_Tv","uniform/low_Ts__CO1__Ts_and_Tv/low_Ts__CO1__Ts_and_Tv.SBS96.distances.csv"
3,"euclidean",39.7039144203279,38.3506536500209,"uniform","low_Ts__CO1__Ts_and_Tv","low_Ts","CO1","Ts_and_Tv","uniform/low_Ts__CO1__Ts_and_Tv/low_Ts__CO1__Ts_and_Tv.SBS96.distances.csv"
4,"manhattan",221.449782982888,223.481329248216,"uniform","low_Ts__CO1__Ts_and_Tv","low_Ts","CO1","Ts_and_Tv","uniform/low_Ts__CO1__Ts_and_Tv/low_Ts__CO1__Ts_and_Tv.SBS96.distances.csv"
5,"cosine",0.934618828614253,0.938966861193047,"uniform","low_Ts__CO1__Ts_and_Tv","low_Ts","CO1","Ts_and_Tv","uniform/low_Ts__CO1__Ts_and_Tv/low_Ts__CO1__Ts_and_Tv.SBS96.distances.csv"
1,"log.likelihood",-136.224475396643,-138.813564147162,"uniform","low_Ts__CO1__Ts_only","low_Ts","CO1","Ts_only","uniform/low_Ts__CO1__Ts_only/low_Ts__CO1__Ts_only.SBS96.distances.csv"
2,"MAP",-274.470033998967,-277.059122749487,"uniform","low_Ts__CO1__Ts_only","low_Ts","CO1","Ts_only","uniform/low_Ts__CO1__Ts_only/low_Ts__CO1__Ts_only.SBS96.distances.csv"
3,"euclidean",42.8165723661431,38.4013055769267,"uniform","low_Ts__CO1__Ts_only","low_Ts","CO1","Ts_only","uniform/low_Ts__CO1__Ts_only/low_Ts__CO1__Ts_only.SBS96.distances.csv"
4,"manhattan",208.600091283865,195.547630764018,"uniform","low_Ts__CO1__Ts_only","low_Ts","CO1","Ts_only","uniform/low_Ts__CO1__Ts_only/low_Ts__CO1__Ts_only.SBS96.distances.csv"
5,"cosine",0.922503053343566,0.938030138858832,"uniform","low_Ts__CO1__Ts_only","low_Ts","CO1","Ts_only","uniform/low_Ts__CO1__Ts_only/low_Ts__CO1__Ts_only.SBS96.distances.csv"
1,"log.likelihood",-191.990433506927,-196.404311071376,"uniform","low_Ts__CO3__Ts_and_Tv","low_Ts","CO3","Ts_and_Tv","uniform/low_Ts__CO3__Ts_and_Tv/low_Ts__CO3__Ts_and_Tv.SBS96.distances.csv"
2,"MAP",-325.640872259117,-330.054749823566,"uniform","low_Ts__CO3__Ts_and_Tv","low_Ts","CO3","Ts_and_Tv","uniform/low_Ts__CO3__Ts_and_Tv/low_Ts__CO3__Ts_and_Tv.SBS96.distances.csv"
3,"euclidean",44.9648156850867,43.8300751742069,"uniform","low_Ts__CO3__Ts_and_Tv","low_Ts","CO3","Ts_and_Tv","uniform/low_Ts__CO3__Ts_and_Tv/low_Ts__CO3__Ts_and_Tv.SBS96.distances.csv"
4,"manhattan",238.596798171564,227.862421709041,"uniform","low_Ts__CO3__Ts_and_Tv","low_Ts","CO3","Ts_and_Tv","uniform/low_Ts__CO3__Ts_and_Tv/low_Ts__CO3__Ts_and_Tv.SBS96.distances.csv"
5,"cosine",0.912706817264383,0.916997393948551,"uniform","low_Ts__CO3__Ts_and_Tv","low_Ts","CO3","Ts_and_Tv","uniform/low_Ts__CO3__Ts_and_Tv/low_Ts__CO3__Ts_and_Tv.SBS96.distances.csv"
1,"log.likelihood",-135.285383671437,-137.844642705404,"uniform","low_Ts__CO3__Ts_only","low_Ts","CO3","Ts_only","uniform/low_Ts__CO3__Ts_only/low_Ts__CO3__Ts_only.SBS96.distances.csv"
2,"MAP",-282.72118197403,-285.280441007998,"uniform","low_Ts__CO3__Ts_only","low_Ts","CO3","Ts_only","uniform/low_Ts__CO3__Ts_only/low_Ts__CO3__Ts_only.SBS96.distances.csv"
3,"euclidean",46.113211332728,42.6599009645578,"uniform","low_Ts__CO3__Ts_only","low_Ts","CO3","Ts_only","uniform/low_Ts__CO3__Ts_only/low_Ts__CO3__Ts_only.SBS96.distances.csv"
4,"manhattan",211.702379763378,206.730160854028,"uniform","low_Ts__CO3__Ts_only","low_Ts","CO3","Ts_only","uniform/low_Ts__CO3__Ts_only/low_Ts__CO3__Ts_only.SBS96.distances.csv"
5,"cosine",0.905806312111669,0.919964316661053,"uniform","low_Ts__CO3__Ts_only","low_Ts","CO3","Ts_only","uniform/low_Ts__CO3__Ts_only/low_Ts__CO3__Ts_only.SBS96.distances.csv"
1,"log.likelihood",-156.368472188143,-162.429303921539,"uniform","low_Ts__Cytb__Ts_and_Tv","low_Ts","Cytb","Ts_and_Tv","uniform/low_Ts__Cytb__Ts_and_Tv/low_Ts__Cytb__Ts_and_Tv.SBS96.distances.csv"
2,"MAP",-276.233551389929,-282.294383123325,"uniform","low_Ts__Cytb__Ts_and_Tv","low_Ts","Cytb","Ts_and_Tv","uniform/low_Ts__Cytb__Ts_and_Tv/low_Ts__Cytb__Ts_and_Tv.SBS96.distances.csv"
3,"euclidean",28.0708951846718,25.7512164461796,"uniform","low_Ts__Cytb__Ts_and_Tv","low_Ts","Cytb","Ts_and_Tv","uniform/low_Ts__Cytb__Ts_and_Tv/low_Ts__Cytb__Ts_and_Tv.SBS96.distances.csv"
4,"manhattan",155.57132305753,157.255380414785,"uniform","low_Ts__Cytb__Ts_and_Tv","low_Ts","Cytb","Ts_and_Tv","uniform/low_Ts__Cytb__Ts_and_Tv/low_Ts__Cytb__Ts_and_Tv.SBS96.distances.csv"
5,"cosine",0.922201796353999,0.935087358298985,"uniform","low_Ts__Cytb__Ts_and_Tv","low_Ts","Cytb","Ts_and_Tv","uniform/low_Ts__Cytb__Ts_and_Tv/low_Ts__Cytb__Ts_and_Tv.SBS96.distances.csv"
1,"log.likelihood",-112.630461651589,-113.547928316327,"uniform","low_Ts__Cytb__Ts_only","low_Ts","Cytb","Ts_only","uniform/low_Ts__Cytb__Ts_only/low_Ts__Cytb__Ts_only.SBS96.distances.csv"
2,"MAP",-269.256499654452,-270.173966319189,"uniform","low_Ts__Cytb__Ts_only","low_Ts","Cytb","Ts_only","uniform/low_Ts__Cytb__Ts_only/low_Ts__Cytb__Ts_only.SBS96.distances.csv"
3,"euclidean",27.8688974335284,26.5301636087921,"uniform","low_Ts__Cytb__Ts_only","low_Ts","Cytb","Ts_only","uniform/low_Ts__Cytb__Ts_only/low_Ts__Cytb__Ts_only.SBS96.distances.csv"
4,"manhattan",134.863836638557,136.747060001207,"uniform","low_Ts__Cytb__Ts_only","low_Ts","Cytb","Ts_only","uniform/low_Ts__Cytb__Ts_only/low_Ts__Cytb__Ts_only.SBS96.distances.csv"
5,"cosine",0.921075923437218,0.929056023162019,"uniform","low_Ts__Cytb__Ts_only","low_Ts","Cytb","Ts_only","uniform/low_Ts__Cytb__Ts_only/low_Ts__Cytb__Ts_only.SBS96.distances.csv"
1,"log.likelihood",-202.820768522945,-203.790776835352,"sigprofiler_priors","high_Ts__CO1__Ts_and_Tv","high_Ts","CO1","Ts_and_Tv","sigprofiler_priors/high_Ts__CO1__Ts_and_Tv/high_Ts__CO1__Ts_and_Tv.SBS96.distances.csv"
2,"MAP",-208.920876762258,-209.890885074665,"sigprofiler_priors","high_Ts__CO1__Ts_and_Tv","high_Ts","CO1","Ts_and_Tv","sigprofiler_priors/high_Ts__CO1__Ts_and_Tv/high_Ts__CO1__Ts_and_Tv.SBS96.distances.csv"
3,"euclidean",60.7043930885657,56.2531127478826,"sigprofiler_priors","high_Ts__CO1__Ts_and_Tv","high_Ts","CO1","Ts_and_Tv","sigprofiler_priors/high_Ts__CO1__Ts_and_Tv/high_Ts__CO1__Ts_and_Tv.SBS96.distances.csv"
4,"manhattan",323.543891568376,312.644315834866,"sigprofiler_priors","high_Ts__CO1__Ts_and_Tv","high_Ts","CO1","Ts_and_Tv","sigprofiler_priors/high_Ts__CO1__Ts_and_Tv/high_Ts__CO1__Ts_and_Tv.SBS96.distances.csv"
5,"cosine",0.95962605420974,0.964850099097945,"sigprofiler_priors","high_Ts__CO1__Ts_and_Tv","high_Ts","CO1","Ts_and_Tv","sigprofiler_priors/high_Ts__CO1__Ts_and_Tv/high_Ts__CO1__Ts_and_Tv.SBS96.distances.csv"
1,"log.likelihood",-176.100803605425,-180.402800812965,"sigprofiler_priors","high_Ts__CO1__Ts_only","high_Ts","CO1","Ts_only","sigprofiler_priors/high_Ts__CO1__Ts_only/high_Ts__CO1__Ts_only.SBS96.distances.csv"
2,"MAP",-182.200911844737,-186.502909052277,"sigprofiler_priors","high_Ts__CO1__Ts_only","high_Ts","CO1","Ts_only","sigprofiler_priors/high_Ts__CO1__Ts_only/high_Ts__CO1__Ts_only.SBS96.distances.csv"
3,"euclidean",72.8171665409356,55.782858985969,"sigprofiler_priors","high_Ts__CO1__Ts_only","high_Ts","CO1","Ts_only","sigprofiler_priors/high_Ts__CO1__Ts_only/high_Ts__CO1__Ts_only.SBS96.distances.csv"
4,"manhattan",363.283105226832,311.238761351306,"sigprofiler_priors","high_Ts__CO1__Ts_only","high_Ts","CO1","Ts_only","sigprofiler_priors/high_Ts__CO1__Ts_only/high_Ts__CO1__Ts_only.SBS96.distances.csv"
5,"cosine",0.942078850795998,0.964983122490967,"sigprofiler_priors","high_Ts__CO1__Ts_only","high_Ts","CO1","Ts_only","sigprofiler_priors/high_Ts__CO1__Ts_only/high_Ts__CO1__Ts_only.SBS96.distances.csv"
1,"log.likelihood",-250.82634449533,-251.781503691726,"sigprofiler_priors","high_Ts__CO3__Ts_and_Tv","high_Ts","CO3","Ts_and_Tv","sigprofiler_priors/high_Ts__CO3__Ts_and_Tv/high_Ts__CO3__Ts_and_Tv.SBS96.distances.csv"
2,"MAP",-253.034632436531,-253.989791632928,"sigprofiler_priors","high_Ts__CO3__Ts_and_Tv","high_Ts","CO3","Ts_and_Tv","sigprofiler_priors/high_Ts__CO3__Ts_and_Tv/high_Ts__CO3__Ts_and_Tv.SBS96.distances.csv"
3,"euclidean",127.561955229289,125.707691013807,"sigprofiler_priors","high_Ts__CO3__Ts_and_Tv","high_Ts","CO3","Ts_and_Tv","sigprofiler_priors/high_Ts__CO3__Ts_and_Tv/high_Ts__CO3__Ts_and_Tv.SBS96.distances.csv"
4,"manhattan",620.00905384073,609.891852427348,"sigprofiler_priors","high_Ts__CO3__Ts_and_Tv","high_Ts","CO3","Ts_and_Tv","sigprofiler_priors/high_Ts__CO3__Ts_and_Tv/high_Ts__CO3__Ts_and_Tv.SBS96.distances.csv"
5,"cosine",0.875703110008333,0.878556937431389,"sigprofiler_priors","high_Ts__CO3__Ts_and_Tv","high_Ts","CO3","Ts_and_Tv","sigprofiler_priors/high_Ts__CO3__Ts_and_Tv/high_Ts__CO3__Ts_and_Tv.SBS96.distances.csv"
1,"log.likelihood",-210.443580565994,-215.003583166741,"sigprofiler_priors","high_Ts__CO3__Ts_only","high_Ts","CO3","Ts_only","sigprofiler_priors/high_Ts__CO3__Ts_only/high_Ts__CO3__Ts_only.SBS96.distances.csv"
2,"MAP",-216.543688805306,-221.103691406054,"sigprofiler_priors","high_Ts__CO3__Ts_only","high_Ts","CO3","Ts_only","sigprofiler_priors/high_Ts__CO3__Ts_only/high_Ts__CO3__Ts_only.SBS96.distances.csv"
3,"euclidean",139.910805861482,122.076642914975,"sigprofiler_priors","high_Ts__CO3__Ts_only","high_Ts","CO3","Ts_only","sigprofiler_priors/high_Ts__CO3__Ts_only/high_Ts__CO3__Ts_only.SBS96.distances.csv"
4,"manhattan",661.318358457169,617.570168273243,"sigprofiler_priors","high_Ts__CO3__Ts_only","high_Ts","CO3","Ts_only","sigprofiler_priors/high_Ts__CO3__Ts_only/high_Ts__CO3__Ts_only.SBS96.distances.csv"
5,"cosine",0.848444553936443,0.885397596397428,"sigprofiler_priors","high_Ts__CO3__Ts_only","high_Ts","CO3","Ts_only","sigprofiler_priors/high_Ts__CO3__Ts_only/high_Ts__CO3__Ts_only.SBS96.distances.csv"
1,"log.likelihood",-224.733885780291,-227.274918086811,"sigprofiler_priors","high_Ts__Cytb__Ts_and_Tv","high_Ts","Cytb","Ts_and_Tv","sigprofiler_priors/high_Ts__Cytb__Ts_and_Tv/high_Ts__Cytb__Ts_and_Tv.SBS96.distances.csv"
2,"MAP",-230.833994019603,-233.375026326124,"sigprofiler_priors","high_Ts__Cytb__Ts_and_Tv","high_Ts","Cytb","Ts_and_Tv","sigprofiler_priors/high_Ts__Cytb__Ts_and_Tv/high_Ts__Cytb__Ts_and_Tv.SBS96.distances.csv"
3,"euclidean",106.160441639097,97.0590852679789,"sigprofiler_priors","high_Ts__Cytb__Ts_and_Tv","high_Ts","Cytb","Ts_and_Tv","sigprofiler_priors/high_Ts__Cytb__Ts_and_Tv/high_Ts__Cytb__Ts_and_Tv.SBS96.distances.csv"
4,"manhattan",513.652034042905,501.054958271413,"sigprofiler_priors","high_Ts__Cytb__Ts_and_Tv","high_Ts","Cytb","Ts_and_Tv","sigprofiler_priors/high_Ts__Cytb__Ts_and_Tv/high_Ts__Cytb__Ts_and_Tv.SBS96.distances.csv"
5,"cosine",0.918827431915798,0.931288505243209,"sigprofiler_priors","high_Ts__Cytb__Ts_and_Tv","high_Ts","Cytb","Ts_and_Tv","sigprofiler_priors/high_Ts__Cytb__Ts_and_Tv/high_Ts__Cytb__Ts_and_Tv.SBS96.distances.csv"
1,"log.likelihood",-211.684770068907,-218.359786984266,"sigprofiler_priors","high_Ts__Cytb__Ts_only","high_Ts","Cytb","Ts_only","sigprofiler_priors/high_Ts__Cytb__Ts_only/high_Ts__Cytb__Ts_only.SBS96.distances.csv"
2,"MAP",-217.78487830822,-224.459895223579,"sigprofiler_priors","high_Ts__Cytb__Ts_only","high_Ts","Cytb","Ts_only","sigprofiler_priors/high_Ts__Cytb__Ts_only/high_Ts__Cytb__Ts_only.SBS96.distances.csv"
3,"euclidean",123.027728314284,96.8405617916432,"sigprofiler_priors","high_Ts__Cytb__Ts_only","high_Ts","Cytb","Ts_only","sigprofiler_priors/high_Ts__Cytb__Ts_only/high_Ts__Cytb__Ts_only.SBS96.distances.csv"
4,"manhattan",560.497299505672,511.488384996163,"sigprofiler_priors","high_Ts__Cytb__Ts_only","high_Ts","Cytb","Ts_only","sigprofiler_priors/high_Ts__Cytb__Ts_only/high_Ts__Cytb__Ts_only.SBS96.distances.csv"
5,"cosine",0.89106885280003,0.93080984581511,"sigprofiler_priors","high_Ts__Cytb__Ts_only","high_Ts","Cytb","Ts_only","sigprofiler_priors/high_Ts__Cytb__Ts_only/high_Ts__Cytb__Ts_only.SBS96.distances.csv"
1,"log.likelihood",-191.679079757233,-195.416923922023,"sigprofiler_priors","high_minus_low_Ts__CO1__Ts_and_Tv","high_minus_low_Ts","CO1","Ts_and_Tv","sigprofiler_priors/high_minus_low_Ts__CO1__Ts_and_Tv/high_minus_low_Ts__CO1__Ts_and_Tv.SBS96.distances.csv"
2,"MAP",-201.255286686381,-204.99313085117,"sigprofiler_priors","high_minus_low_Ts__CO1__Ts_and_Tv","high_minus_low_Ts","CO1","Ts_and_Tv","sigprofiler_priors/high_minus_low_Ts__CO1__Ts_and_Tv/high_minus_low_Ts__CO1__Ts_and_Tv.SBS96.distances.csv"
3,"euclidean",43.7040194077641,42.7004938585021,"sigprofiler_priors","high_minus_low_Ts__CO1__Ts_and_Tv","high_minus_low_Ts","CO1","Ts_and_Tv","sigprofiler_priors/high_minus_low_Ts__CO1__Ts_and_Tv/high_minus_low_Ts__CO1__Ts_and_Tv.SBS96.distances.csv"
4,"manhattan",250.67203094216,251.96269679862,"sigprofiler_priors","high_minus_low_Ts__CO1__Ts_and_Tv","high_minus_low_Ts","CO1","Ts_and_Tv","sigprofiler_priors/high_minus_low_Ts__CO1__Ts_and_Tv/high_minus_low_Ts__CO1__Ts_and_Tv.SBS96.distances.csv"
5,"cosine",0.926414964612356,0.930174963979999,"sigprofiler_priors","high_minus_low_Ts__CO1__Ts_and_Tv","high_minus_low_Ts","CO1","Ts_and_Tv","sigprofiler_priors/high_minus_low_Ts__CO1__Ts_and_Tv/high_minus_low_Ts__CO1__Ts_and_Tv.SBS96.distances.csv"
1,"log.likelihood",-143.753750263087,-144.78922108373,"sigprofiler_priors","high_minus_low_Ts__CO1__Ts_only","high_minus_low_Ts","CO1","Ts_only","sigprofiler_priors/high_minus_low_Ts__CO1__Ts_only/high_minus_low_Ts__CO1__Ts_only.SBS96.distances.csv"
2,"MAP",-149.853858502399,-150.889329323043,"sigprofiler_priors","high_minus_low_Ts__CO1__Ts_only","high_minus_low_Ts","CO1","Ts_only","sigprofiler_priors/high_minus_low_Ts__CO1__Ts_only/high_minus_low_Ts__CO1__Ts_only.SBS96.distances.csv"
3,"euclidean",46.9837435960154,45.0662023058698,"sigprofiler_priors","high_minus_low_Ts__CO1__Ts_only","high_minus_low_Ts","CO1","Ts_only","sigprofiler_priors/high_minus_low_Ts__CO1__Ts_only/high_minus_low_Ts__CO1__Ts_only.SBS96.distances.csv"
4,"manhattan",240.075780808376,236.736549188167,"sigprofiler_priors","high_minus_low_Ts__CO1__Ts_only","high_minus_low_Ts","CO1","Ts_only","sigprofiler_priors/high_minus_low_Ts__CO1__Ts_only/high_minus_low_Ts__CO1__Ts_only.SBS96.distances.csv"
5,"cosine",0.913474568522236,0.921069374035437,"sigprofiler_priors","high_minus_low_Ts__CO1__Ts_only","high_minus_low_Ts","CO1","Ts_only","sigprofiler_priors/high_minus_low_Ts__CO1__Ts_only/high_minus_low_Ts__CO1__Ts_only.SBS96.distances.csv"
1,"log.likelihood",-247.429795031405,-255.897978235189,"sigprofiler_priors","high_minus_low_Ts__CO3__Ts_and_Tv","high_minus_low_Ts","CO3","Ts_and_Tv","sigprofiler_priors/high_minus_low_Ts__CO3__Ts_and_Tv/high_minus_low_Ts__CO3__Ts_and_Tv.SBS96.distances.csv"
2,"MAP",-256.058620641608,-264.526803845393,"sigprofiler_priors","high_minus_low_Ts__CO3__Ts_and_Tv","high_minus_low_Ts","CO3","Ts_and_Tv","sigprofiler_priors/high_minus_low_Ts__CO3__Ts_and_Tv/high_minus_low_Ts__CO3__Ts_and_Tv.SBS96.distances.csv"
3,"euclidean",97.5672863043098,94.1667805470322,"sigprofiler_priors","high_minus_low_Ts__CO3__Ts_and_Tv","high_minus_low_Ts","CO3","Ts_and_Tv","sigprofiler_priors/high_minus_low_Ts__CO3__Ts_and_Tv/high_minus_low_Ts__CO3__Ts_and_Tv.SBS96.distances.csv"
4,"manhattan",495.645368080653,471.5097451607,"sigprofiler_priors","high_minus_low_Ts__CO3__Ts_and_Tv","high_minus_low_Ts","CO3","Ts_and_Tv","sigprofiler_priors/high_minus_low_Ts__CO3__Ts_and_Tv/high_minus_low_Ts__CO3__Ts_and_Tv.SBS96.distances.csv"
5,"cosine",0.821665901026133,0.834758683537095,"sigprofiler_priors","high_minus_low_Ts__CO3__Ts_and_Tv","high_minus_low_Ts","CO3","Ts_and_Tv","sigprofiler_priors/high_minus_low_Ts__CO3__Ts_and_Tv/high_minus_low_Ts__CO3__Ts_and_Tv.SBS96.distances.csv"
1,"log.likelihood",-192.596905224389,-196.115361343352,"sigprofiler_priors","high_minus_low_Ts__CO3__Ts_only","high_minus_low_Ts","CO3","Ts_only","sigprofiler_priors/high_minus_low_Ts__CO3__Ts_only/high_minus_low_Ts__CO3__Ts_only.SBS96.distances.csv"
2,"MAP",-198.697013463701,-202.215469582664,"sigprofiler_priors","high_minus_low_Ts__CO3__Ts_only","high_minus_low_Ts","CO3","Ts_only","sigprofiler_priors/high_minus_low_Ts__CO3__Ts_only/high_minus_low_Ts__CO3__Ts_only.SBS96.distances.csv"
3,"euclidean",111.482906230867,101.936988814187,"sigprofiler_priors","high_minus_low_Ts__CO3__Ts_only","high_minus_low_Ts","CO3","Ts_only","sigprofiler_priors/high_minus_low_Ts__CO3__Ts_only/high_minus_low_Ts__CO3__Ts_only.SBS96.distances.csv"
4,"manhattan",490.167137801506,487.612662188071,"sigprofiler_priors","high_minus_low_Ts__CO3__Ts_only","high_minus_low_Ts","CO3","Ts_only","sigprofiler_priors/high_minus_low_Ts__CO3__Ts_only/high_minus_low_Ts__CO3__Ts_only.SBS96.distances.csv"
5,"cosine",0.760297844143508,0.801621377523762,"sigprofiler_priors","high_minus_low_Ts__CO3__Ts_only","high_minus_low_Ts","CO3","Ts_only","sigprofiler_priors/high_minus_low_Ts__CO3__Ts_only/high_minus_low_Ts__CO3__Ts_only.SBS96.distances.csv"
1,"log.likelihood",-217.895732358587,-220.359987139658,"sigprofiler_priors","high_minus_low_Ts__Cytb__Ts_and_Tv","high_minus_low_Ts","Cytb","Ts_and_Tv","sigprofiler_priors/high_minus_low_Ts__Cytb__Ts_and_Tv/high_minus_low_Ts__Cytb__Ts_and_Tv.SBS96.distances.csv"
2,"MAP",-226.747375910942,-229.211630692013,"sigprofiler_priors","high_minus_low_Ts__Cytb__Ts_and_Tv","high_minus_low_Ts","Cytb","Ts_and_Tv","sigprofiler_priors/high_minus_low_Ts__Cytb__Ts_and_Tv/high_minus_low_Ts__Cytb__Ts_and_Tv.SBS96.distances.csv"
3,"euclidean",92.5223753464934,89.0992112230102,"sigprofiler_priors","high_minus_low_Ts__Cytb__Ts_and_Tv","high_minus_low_Ts","Cytb","Ts_and_Tv","sigprofiler_priors/high_minus_low_Ts__Cytb__Ts_and_Tv/high_minus_low_Ts__Cytb__Ts_and_Tv.SBS96.distances.csv"
4,"manhattan",435.941654721301,437.814709064613,"sigprofiler_priors","high_minus_low_Ts__Cytb__Ts_and_Tv","high_minus_low_Ts","Cytb","Ts_and_Tv","sigprofiler_priors/high_minus_low_Ts__Cytb__Ts_and_Tv/high_minus_low_Ts__Cytb__Ts_and_Tv.SBS96.distances.csv"
5,"cosine",0.892639442246985,0.900089429158577,"sigprofiler_priors","high_minus_low_Ts__Cytb__Ts_and_Tv","high_minus_low_Ts","Cytb","Ts_and_Tv","sigprofiler_priors/high_minus_low_Ts__Cytb__Ts_and_Tv/high_minus_low_Ts__Cytb__Ts_and_Tv.SBS96.distances.csv"
1,"log.likelihood",-197.505722012983,-201.294259454276,"sigprofiler_priors","high_minus_low_Ts__Cytb__Ts_only","high_minus_low_Ts","Cytb","Ts_only","sigprofiler_priors/high_minus_low_Ts__Cytb__Ts_only/high_minus_low_Ts__Cytb__Ts_only.SBS96.distances.csv"
2,"MAP",-203.605830252295,-207.394367693589,"sigprofiler_priors","high_minus_low_Ts__Cytb__Ts_only","high_minus_low_Ts","Cytb","Ts_only","sigprofiler_priors/high_minus_low_Ts__Cytb__Ts_only/high_minus_low_Ts__Cytb__Ts_only.SBS96.distances.csv"
3,"euclidean",102.411675225671,91.7550719651437,"sigprofiler_priors","high_minus_low_Ts__Cytb__Ts_only","high_minus_low_Ts","Cytb","Ts_only","sigprofiler_priors/high_minus_low_Ts__Cytb__Ts_only/high_minus_low_Ts__Cytb__Ts_only.SBS96.distances.csv"
4,"manhattan",476.060170323818,444.229400811631,"sigprofiler_priors","high_minus_low_Ts__Cytb__Ts_only","high_minus_low_Ts","Cytb","Ts_only","sigprofiler_priors/high_minus_low_Ts__Cytb__Ts_only/high_minus_low_Ts__Cytb__Ts_only.SBS96.distances.csv"
5,"cosine",0.867182752379029,0.89266283288248,"sigprofiler_priors","high_minus_low_Ts__Cytb__Ts_only","high_minus_low_Ts","Cytb","Ts_only","sigprofiler_priors/high_minus_low_Ts__Cytb__Ts_only/high_minus_low_Ts__Cytb__Ts_only.SBS96.distances.csv"
1,"log.likelihood",-183.125614620384,-183.604255627114,"sigprofiler_priors","low_Ts__CO1__Ts_and_Tv","low_Ts","CO1","Ts_and_Tv","sigprofiler_priors/low_Ts__CO1__Ts_and_Tv/low_Ts__CO1__Ts_and_Tv.SBS96.distances.csv"
2,"MAP",-188.810001251421,-189.288642258151,"sigprofiler_priors","low_Ts__CO1__Ts_and_Tv","low_Ts","CO1","Ts_and_Tv","sigprofiler_priors/low_Ts__CO1__Ts_and_Tv/low_Ts__CO1__Ts_and_Tv.SBS96.distances.csv"
3,"euclidean",42.5545155253217,42.3879142420168,"sigprofiler_priors","low_Ts__CO1__Ts_and_Tv","low_Ts","CO1","Ts_and_Tv","sigprofiler_priors/low_Ts__CO1__Ts_and_Tv/low_Ts__CO1__Ts_and_Tv.SBS96.distances.csv"
4,"manhattan",236.782279578725,236.834577563595,"sigprofiler_priors","low_Ts__CO1__Ts_and_Tv","low_Ts","CO1","Ts_and_Tv","sigprofiler_priors/low_Ts__CO1__Ts_and_Tv/low_Ts__CO1__Ts_and_Tv.SBS96.distances.csv"
5,"cosine",0.926374939037699,0.927161328591681,"sigprofiler_priors","low_Ts__CO1__Ts_and_Tv","low_Ts","CO1","Ts_and_Tv","sigprofiler_priors/low_Ts__CO1__Ts_and_Tv/low_Ts__CO1__Ts_and_Tv.SBS96.distances.csv"
1,"log.likelihood",-141.425625668023,-142.847784135948,"sigprofiler_priors","low_Ts__CO1__Ts_only","low_Ts","CO1","Ts_only","sigprofiler_priors/low_Ts__CO1__Ts_only/low_Ts__CO1__Ts_only.SBS96.distances.csv"
2,"MAP",-143.633913609225,-145.05607207715,"sigprofiler_priors","low_Ts__CO1__Ts_only","low_Ts","CO1","Ts_only","sigprofiler_priors/low_Ts__CO1__Ts_only/low_Ts__CO1__Ts_only.SBS96.distances.csv"
3,"euclidean",42.3314110134634,40.6842122365267,"sigprofiler_priors","low_Ts__CO1__Ts_only","low_Ts","CO1","Ts_only","sigprofiler_priors/low_Ts__CO1__Ts_only/low_Ts__CO1__Ts_only.SBS96.distances.csv"
4,"manhattan",215.889831315518,212.422718819557,"sigprofiler_priors","low_Ts__CO1__Ts_only","low_Ts","CO1","Ts_only","sigprofiler_priors/low_Ts__CO1__Ts_only/low_Ts__CO1__Ts_only.SBS96.distances.csv"
5,"cosine",0.926007337959123,0.930147517989631,"sigprofiler_priors","low_Ts__CO1__Ts_only","low_Ts","CO1","Ts_only","sigprofiler_priors/low_Ts__CO1__Ts_only/low_Ts__CO1__Ts_only.SBS96.distances.csv"
1,"log.likelihood",-195.349071860051,-196.34530762487,"sigprofiler_priors","low_Ts__CO3__Ts_and_Tv","low_Ts","CO3","Ts_and_Tv","sigprofiler_priors/low_Ts__CO3__Ts_and_Tv/low_Ts__CO3__Ts_and_Tv.SBS96.distances.csv"
2,"MAP",-201.033458491088,-202.029694255907,"sigprofiler_priors","low_Ts__CO3__Ts_and_Tv","low_Ts","CO3","Ts_and_Tv","sigprofiler_priors/low_Ts__CO3__Ts_and_Tv/low_Ts__CO3__Ts_and_Tv.SBS96.distances.csv"
3,"euclidean",45.4014632947094,45.0926947856866,"sigprofiler_priors","low_Ts__CO3__Ts_and_Tv","low_Ts","CO3","Ts_and_Tv","sigprofiler_priors/low_Ts__CO3__Ts_and_Tv/low_Ts__CO3__Ts_and_Tv.SBS96.distances.csv"
4,"manhattan",237.611480339631,230.433974241145,"sigprofiler_priors","low_Ts__CO3__Ts_and_Tv","low_Ts","CO3","Ts_and_Tv","sigprofiler_priors/low_Ts__CO3__Ts_and_Tv/low_Ts__CO3__Ts_and_Tv.SBS96.distances.csv"
5,"cosine",0.911226745330804,0.912903864693604,"sigprofiler_priors","low_Ts__CO3__Ts_and_Tv","low_Ts","CO3","Ts_and_Tv","sigprofiler_priors/low_Ts__CO3__Ts_and_Tv/low_Ts__CO3__Ts_and_Tv.SBS96.distances.csv"
1,"log.likelihood",-136.676923539826,-137.662960603055,"sigprofiler_priors","low_Ts__CO3__Ts_only","low_Ts","CO3","Ts_only","sigprofiler_priors/low_Ts__CO3__Ts_only/low_Ts__CO3__Ts_only.SBS96.distances.csv"
2,"MAP",-138.885211481028,-139.871248544256,"sigprofiler_priors","low_Ts__CO3__Ts_only","low_Ts","CO3","Ts_only","sigprofiler_priors/low_Ts__CO3__Ts_only/low_Ts__CO3__Ts_only.SBS96.distances.csv"
3,"euclidean",44.4118446975768,43.2478691215937,"sigprofiler_priors","low_Ts__CO3__Ts_only","low_Ts","CO3","Ts_only","sigprofiler_priors/low_Ts__CO3__Ts_only/low_Ts__CO3__Ts_only.SBS96.distances.csv"
4,"manhattan",206.313604089193,205.623089258341,"sigprofiler_priors","low_Ts__CO3__Ts_only","low_Ts","CO3","Ts_only","sigprofiler_priors/low_Ts__CO3__Ts_only/low_Ts__CO3__Ts_only.SBS96.distances.csv"
5,"cosine",0.913167472033857,0.917552249678209,"sigprofiler_priors","low_Ts__CO3__Ts_only","low_Ts","CO3","Ts_only","sigprofiler_priors/low_Ts__CO3__Ts_only/low_Ts__CO3__Ts_only.SBS96.distances.csv"
1,"log.likelihood",-168.445417718335,-172.566011445337,"sigprofiler_priors","low_Ts__Cytb__Ts_and_Tv","low_Ts","Cytb","Ts_and_Tv","sigprofiler_priors/low_Ts__Cytb__Ts_and_Tv/low_Ts__Cytb__Ts_and_Tv.SBS96.distances.csv"
2,"MAP",-174.129804349372,-178.250398076374,"sigprofiler_priors","low_Ts__Cytb__Ts_and_Tv","low_Ts","Cytb","Ts_and_Tv","sigprofiler_priors/low_Ts__Cytb__Ts_and_Tv/low_Ts__Cytb__Ts_and_Tv.SBS96.distances.csv"
3,"euclidean",30.8200486078593,29.9653567384109,"sigprofiler_priors","low_Ts__Cytb__Ts_and_Tv","low_Ts","Cytb","Ts_and_Tv","sigprofiler_priors/low_Ts__Cytb__Ts_and_Tv/low_Ts__Cytb__Ts_and_Tv.SBS96.distances.csv"
4,"manhattan",178.092998910058,174.772306948894,"sigprofiler_priors","low_Ts__Cytb__Ts_and_Tv","low_Ts","Cytb","Ts_and_Tv","sigprofiler_priors/low_Ts__Cytb__Ts_and_Tv/low_Ts__Cytb__Ts_and_Tv.SBS96.distances.csv"
5,"cosine",0.907800612267851,0.915324719428951,"sigprofiler_priors","low_Ts__Cytb__Ts_and_Tv","low_Ts","Cytb","Ts_and_Tv","sigprofiler_priors/low_Ts__Cytb__Ts_and_Tv/low_Ts__Cytb__Ts_and_Tv.SBS96.distances.csv"
1,"log.likelihood",-115.539787248222,-116.348631016155,"sigprofiler_priors","low_Ts__Cytb__Ts_only","low_Ts","Cytb","Ts_only","sigprofiler_priors/low_Ts__Cytb__Ts_only/low_Ts__Cytb__Ts_only.SBS96.distances.csv"
2,"MAP",-117.748075189424,-118.556918957357,"sigprofiler_priors","low_Ts__Cytb__Ts_only","low_Ts","Cytb","Ts_only","sigprofiler_priors/low_Ts__Cytb__Ts_only/low_Ts__Cytb__Ts_only.SBS96.distances.csv"
3,"euclidean",28.1235465652613,27.3608973750189,"sigprofiler_priors","low_Ts__Cytb__Ts_only","low_Ts","Cytb","Ts_only","sigprofiler_priors/low_Ts__Cytb__Ts_only/low_Ts__Cytb__Ts_only.SBS96.distances.csv"
4,"manhattan",142.030980904285,145.95997769395,"sigprofiler_priors","low_Ts__Cytb__Ts_only","low_Ts","Cytb","Ts_only","sigprofiler_priors/low_Ts__Cytb__Ts_only/low_Ts__Cytb__Ts_only.SBS96.distances.csv"
5,"cosine",0.920056932886509,0.924029840751382,"sigprofiler_priors","low_Ts__Cytb__Ts_only","low_Ts","Cytb","Ts_only","sigprofiler_priors/low_Ts__Cytb__Ts_only/low_Ts__Cytb__Ts_only.SBS96.distances.csv"
1,"log.likelihood",-202.820768522945,-203.790776835352,"uniform_top6","high_Ts__CO1__Ts_and_Tv","high_Ts","CO1","Ts_and_Tv","uniform_top6/high_Ts__CO1__Ts_and_Tv/high_Ts__CO1__Ts_and_Tv.SBS96.distances.csv"
2,"MAP",-206.593610484594,-207.563618797001,"uniform_top6","high_Ts__CO1__Ts_and_Tv","high_Ts","CO1","Ts_and_Tv","uniform_top6/high_Ts__CO1__Ts_and_Tv/high_Ts__CO1__Ts_and_Tv.SBS96.distances.csv"
3,"euclidean",60.7043930885657,56.2531127478826,"uniform_top6","high_Ts__CO1__Ts_and_Tv","high_Ts","CO1","Ts_and_Tv","uniform_top6/high_Ts__CO1__Ts_and_Tv/high_Ts__CO1__Ts_and_Tv.SBS96.distances.csv"
4,"manhattan",323.543891568376,312.644315834866,"uniform_top6","high_Ts__CO1__Ts_and_Tv","high_Ts","CO1","Ts_and_Tv","uniform_top6/high_Ts__CO1__Ts_and_Tv/high_Ts__CO1__Ts_and_Tv.SBS96.distances.csv"
5,"cosine",0.95962605420974,0.964850099097945,"uniform_top6","high_Ts__CO1__Ts_and_Tv","high_Ts","CO1","Ts_and_Tv","uniform_top6/high_Ts__CO1__Ts_and_Tv/high_Ts__CO1__Ts_and_Tv.SBS96.distances.csv"
1,"log.likelihood",-176.097308785706,-180.402800812965,"uniform_top6","high_Ts__CO1__Ts_only","high_Ts","CO1","Ts_only","uniform_top6/high_Ts__CO1__Ts_only/high_Ts__CO1__Ts_only.SBS96.distances.csv"
2,"MAP",-179.870150747355,-184.175642774613,"uniform_top6","high_Ts__CO1__Ts_only","high_Ts","CO1","Ts_only","uniform_top6/high_Ts__CO1__Ts_only/high_Ts__CO1__Ts_only.SBS96.distances.csv"
3,"euclidean",73.4684263424641,55.782858985969,"uniform_top6","high_Ts__CO1__Ts_only","high_Ts","CO1","Ts_only","uniform_top6/high_Ts__CO1__Ts_only/high_Ts__CO1__Ts_only.SBS96.distances.csv"
4,"manhattan",365.865007474183,311.238761351306,"uniform_top6","high_Ts__CO1__Ts_only","high_Ts","CO1","Ts_only","uniform_top6/high_Ts__CO1__Ts_only/high_Ts__CO1__Ts_only.SBS96.distances.csv"
5,"cosine",0.941207819337899,0.964983122490967,"uniform_top6","high_Ts__CO1__Ts_only","high_Ts","CO1","Ts_only","uniform_top6/high_Ts__CO1__Ts_only/high_Ts__CO1__Ts_only.SBS96.distances.csv"
1,"log.likelihood",-248.457577529341,-248.824628953738,"uniform_top6","high_Ts__CO3__Ts_and_Tv","high_Ts","CO3","Ts_and_Tv","uniform_top6/high_Ts__CO3__Ts_and_Tv/high_Ts__CO3__Ts_and_Tv.SBS96.distances.csv"
2,"MAP",-252.23041949099,-252.597470915386,"uniform_top6","high_Ts__CO3__Ts_and_Tv","high_Ts","CO3","Ts_and_Tv","uniform_top6/high_Ts__CO3__Ts_and_Tv/high_Ts__CO3__Ts_and_Tv.SBS96.distances.csv"
3,"euclidean",123.024422580022,122.264687149586,"uniform_top6","high_Ts__CO3__Ts_and_Tv","high_Ts","CO3","Ts_and_Tv","uniform_top6/high_Ts__CO3__Ts_and_Tv/high_Ts__CO3__Ts_and_Tv.SBS96.distances.csv"
4,"manhattan",623.856857814373,617.055388988239,"uniform_top6","high_Ts__CO3__Ts_and_Tv","high_Ts","CO3","Ts_and_Tv","uniform_top6/high_Ts__CO3__Ts_and_Tv/high_Ts__CO3__Ts_and_Tv.SBS96.distances.csv"
5,"cosine",0.883882108917729,0.885216563836279,"uniform_top6","high_Ts__CO3__Ts_and_Tv","high_Ts","CO3","Ts_and_Tv","uniform_top6/high_Ts__CO3__Ts_and_Tv/high_Ts__CO3__Ts_and_Tv.SBS96.distances.csv"
1,"log.likelihood",-210.443580565423,-215.003583166741,"uniform_top6","high_Ts__CO3__Ts_only","high_Ts","CO3","Ts_only","uniform_top6/high_Ts__CO3__Ts_only/high_Ts__CO3__Ts_only.SBS96.distances.csv"
2,"MAP",-214.216422527071,-218.77642512839,"uniform_top6","high_Ts__CO3__Ts_only","high_Ts","CO3","Ts_only","uniform_top6/high_Ts__CO3__Ts_only/high_Ts__CO3__Ts_only.SBS96.distances.csv"
3,"euclidean",139.910852302234,122.076642914975,"uniform_top6","high_Ts__CO3__Ts_only","high_Ts","CO3","Ts_only","uniform_top6/high_Ts__CO3__Ts_only/high_Ts__CO3__Ts_only.SBS96.distances.csv"
4,"manhattan",661.318500468475,617.570168273243,"uniform_top6","high_Ts__CO3__Ts_only","high_Ts","CO3","Ts_only","uniform_top6/high_Ts__CO3__Ts_only/high_Ts__CO3__Ts_only.SBS96.distances.csv"
5,"cosine",0.848444457570703,0.885397596397428,"uniform_top6","high_Ts__CO3__Ts_only","high_Ts","CO3","Ts_only","uniform_top6/high_Ts__CO3__Ts_only/high_Ts__CO3__Ts_only.SBS96.distances.csv"
1,"log.likelihood",-224.733885780291,-227.274918086811,"uniform_top6","high_Ts__Cytb__Ts_and_Tv","high_Ts","Cytb","Ts_and_Tv","uniform_top6/high_Ts__Cytb__Ts_and_Tv/high_Ts__Cytb__Ts_and_Tv.SBS96.distances.csv"
2,"MAP",-228.50672774194,-231.04776004846,"uniform_top6","high_Ts__Cytb__Ts_and_Tv","high_Ts","Cytb","Ts_and_Tv","uniform_top6/high_Ts__Cytb__Ts_and_Tv/high_Ts__Cytb__Ts_and_Tv.SBS96.distances.csv"
3,"euclidean",106.160441639097,97.0590852679789,"uniform_top6","high_Ts__Cytb__Ts_and_Tv","high_Ts","Cytb","Ts_and_Tv","uniform_top6/high_Ts__Cytb__Ts_and_Tv/high_Ts__Cytb__Ts_and_Tv.SBS96.distances.csv"
4,"manhattan",513.652034042905,501.054958271413,"uniform_top6","high_Ts__Cytb__Ts_and_Tv","high_Ts","Cytb","Ts_and_Tv","uniform_top6/high_Ts__Cytb__Ts_and_Tv/high_Ts__Cytb__Ts_and_Tv.SBS96.distances.csv"
5,"cosine",0.918827431915798,0.931288505243209,"uniform_top6","high_Ts__Cytb__Ts_and_Tv","high_Ts","Cytb","Ts_and_Tv","uniform_top6/high_Ts__Cytb__Ts_and_Tv/high_Ts__Cytb__Ts_and_Tv.SBS96.distances.csv"
1,"log.likelihood",-211.684770068907,-218.359786984266,"uniform_top6","high_Ts__Cytb__Ts_only","high_Ts","Cytb","Ts_only","uniform_top6/high_Ts__Cytb__Ts_only/high_Ts__Cytb__Ts_only.SBS96.distances.csv"
2,"MAP",-215.457612030556,-222.132628945915,"uniform_top6","high_Ts__Cytb__Ts_only","high_Ts","Cytb","Ts_only","uniform_top6/high_Ts__Cytb__Ts_only/high_Ts__Cytb__Ts_only.SBS96.distances.csv"
3,"euclidean",123.027728314284,96.8405617916432,"uniform_top6","high_Ts__Cytb__Ts_only","high_Ts","Cytb","Ts_only","uniform_top6/high_Ts__Cytb__Ts_only/high_Ts__Cytb__Ts_only.SBS96.distances.csv"
4,"manhattan",560.497299505672,511.488384996163,"uniform_top6","high_Ts__Cytb__Ts_only","high_Ts","Cytb","Ts_only","uniform_top6/high_Ts__Cytb__Ts_only/high_Ts__Cytb__Ts_only.SBS96.distances.csv"
5,"cosine",0.89106885280003,0.93080984581511,"uniform_top6","high_Ts__Cytb__Ts_only","high_Ts","Cytb","Ts_only","uniform_top6/high_Ts__Cytb__Ts_only/high_Ts__Cytb__Ts_only.SBS96.distances.csv"
1,"log.likelihood",-191.679079757233,-195.416923922023,"uniform_top6","high_minus_low_Ts__CO1__Ts_and_Tv","high_minus_low_Ts","CO1","Ts_and_Tv","uniform_top6/high_minus_low_Ts__CO1__Ts_and_Tv/high_minus_low_Ts__CO1__Ts_and_Tv.SBS96.distances.csv"
2,"MAP",-199.437545829484,-203.175389994274,"uniform_top6","high_minus_low_Ts__CO1__Ts_and_Tv","high_minus_low_Ts","CO1","Ts_and_Tv","uniform_top6/high_minus_low_Ts__CO1__Ts_and_Tv/high_minus_low_Ts__CO1__Ts_and_Tv.SBS96.distances.csv"
3,"euclidean",43.7040193309929,42.7004938585021,"uniform_top6","high_minus_low_Ts__CO1__Ts_and_Tv","high_minus_low_Ts","CO1","Ts_and_Tv","uniform_top6/high_minus_low_Ts__CO1__Ts_and_Tv/high_minus_low_Ts__CO1__Ts_and_Tv.SBS96.distances.csv"
4,"manhattan",250.672030366402,251.96269679862,"uniform_top6","high_minus_low_Ts__CO1__Ts_and_Tv","high_minus_low_Ts","CO1","Ts_and_Tv","uniform_top6/high_minus_low_Ts__CO1__Ts_and_Tv/high_minus_low_Ts__CO1__Ts_and_Tv.SBS96.distances.csv"
5,"cosine",0.926414964894487,0.930174963979999,"uniform_top6","high_minus_low_Ts__CO1__Ts_and_Tv","high_minus_low_Ts","CO1","Ts_and_Tv","uniform_top6/high_minus_low_Ts__CO1__Ts_and_Tv/high_minus_low_Ts__CO1__Ts_and_Tv.SBS96.distances.csv"
1,"log.likelihood",-143.753750204339,-144.78922108373,"uniform_top6","high_minus_low_Ts__CO1__Ts_only","high_minus_low_Ts","CO1","Ts_only","uniform_top6/high_minus_low_Ts__CO1__Ts_only/high_minus_low_Ts__CO1__Ts_only.SBS96.distances.csv"
2,"MAP",-147.526592165988,-148.562063045379,"uniform_top6","high_minus_low_Ts__CO1__Ts_only","high_minus_low_Ts","CO1","Ts_only","uniform_top6/high_minus_low_Ts__CO1__Ts_only/high_minus_low_Ts__CO1__Ts_only.SBS96.distances.csv"
3,"euclidean",46.9837440117257,45.0662023058698,"uniform_top6","high_minus_low_Ts__CO1__Ts_only","high_minus_low_Ts","CO1","Ts_only","uniform_top6/high_minus_low_Ts__CO1__Ts_only/high_minus_low_Ts__CO1__Ts_only.SBS96.distances.csv"
4,"manhattan",240.075781711524,236.736549188167,"uniform_top6","high_minus_low_Ts__CO1__Ts_only","high_minus_low_Ts","CO1","Ts_only","uniform_top6/high_minus_low_Ts__CO1__Ts_only/high_minus_low_Ts__CO1__Ts_only.SBS96.distances.csv"
5,"cosine",0.913474566956546,0.921069374035437,"uniform_top6","high_minus_low_Ts__CO1__Ts_only","high_minus_low_Ts","CO1","Ts_only","uniform_top6/high_minus_low_Ts__CO1__Ts_only/high_minus_low_Ts__CO1__Ts_only.SBS96.distances.csv"
1,"log.likelihood",-246.729650193163,-254.901843607895,"uniform_top6","high_minus_low_Ts__CO3__Ts_and_Tv","high_minus_low_Ts","CO3","Ts_and_Tv","uniform_top6/high_minus_low_Ts__CO3__Ts_and_Tv/high_minus_low_Ts__CO3__Ts_and_Tv.SBS96.distances.csv"
2,"MAP",-254.488116265414,-262.660309680145,"uniform_top6","high_minus_low_Ts__CO3__Ts_and_Tv","high_minus_low_Ts","CO3","Ts_and_Tv","uniform_top6/high_minus_low_Ts__CO3__Ts_and_Tv/high_minus_low_Ts__CO3__Ts_and_Tv.SBS96.distances.csv"
3,"euclidean",106.203724702509,102.608198364261,"uniform_top6","high_minus_low_Ts__CO3__Ts_and_Tv","high_minus_low_Ts","CO3","Ts_and_Tv","uniform_top6/high_minus_low_Ts__CO3__Ts_and_Tv/high_minus_low_Ts__CO3__Ts_and_Tv.SBS96.distances.csv"
4,"manhattan",509.697015427622,508.599756472165,"uniform_top6","high_minus_low_Ts__CO3__Ts_and_Tv","high_minus_low_Ts","CO3","Ts_and_Tv","uniform_top6/high_minus_low_Ts__CO3__Ts_and_Tv/high_minus_low_Ts__CO3__Ts_and_Tv.SBS96.distances.csv"
5,"cosine",0.784608136768963,0.800465704570399,"uniform_top6","high_minus_low_Ts__CO3__Ts_and_Tv","high_minus_low_Ts","CO3","Ts_and_Tv","uniform_top6/high_minus_low_Ts__CO3__Ts_and_Tv/high_minus_low_Ts__CO3__Ts_and_Tv.SBS96.distances.csv"
1,"log.likelihood",-192.595049966889,-196.115361343352,"uniform_top6","high_minus_low_Ts__CO3__Ts_only","high_minus_low_Ts","CO3","Ts_only","uniform_top6/high_minus_low_Ts__CO3__Ts_only/high_minus_low_Ts__CO3__Ts_only.SBS96.distances.csv"
2,"MAP",-196.367891928538,-199.888203305001,"uniform_top6","high_minus_low_Ts__CO3__Ts_only","high_minus_low_Ts","CO3","Ts_only","uniform_top6/high_minus_low_Ts__CO3__Ts_only/high_minus_low_Ts__CO3__Ts_only.SBS96.distances.csv"
3,"euclidean",111.146690927484,101.936988814187,"uniform_top6","high_minus_low_Ts__CO3__Ts_only","high_minus_low_Ts","CO3","Ts_only","uniform_top6/high_minus_low_Ts__CO3__Ts_only/high_minus_low_Ts__CO3__Ts_only.SBS96.distances.csv"
4,"manhattan",489.861918892622,487.612662188071,"uniform_top6","high_minus_low_Ts__CO3__Ts_only","high_minus_low_Ts","CO3","Ts_only","uniform_top6/high_minus_low_Ts__CO3__Ts_only/high_minus_low_Ts__CO3__Ts_only.SBS96.distances.csv"
5,"cosine",0.761662455838949,0.801621377523762,"uniform_top6","high_minus_low_Ts__CO3__Ts_only","high_minus_low_Ts","CO3","Ts_only","uniform_top6/high_minus_low_Ts__CO3__Ts_only/high_minus_low_Ts__CO3__Ts_only.SBS96.distances.csv"
1,"log.likelihood",-217.895732358587,-220.359987139658,"uniform_top6","high_minus_low_Ts__Cytb__Ts_and_Tv","high_minus_low_Ts","Cytb","Ts_and_Tv","uniform_top6/high_minus_low_Ts__Cytb__Ts_and_Tv/high_minus_low_Ts__Cytb__Ts_and_Tv.SBS96.distances.csv"
2,"MAP",-224.572249395445,-227.036504176516,"uniform_top6","high_minus_low_Ts__Cytb__Ts_and_Tv","high_minus_low_Ts","Cytb","Ts_and_Tv","uniform_top6/high_minus_low_Ts__Cytb__Ts_and_Tv/high_minus_low_Ts__Cytb__Ts_and_Tv.SBS96.distances.csv"
3,"euclidean",92.5223753464934,89.0992112230102,"uniform_top6","high_minus_low_Ts__Cytb__Ts_and_Tv","high_minus_low_Ts","Cytb","Ts_and_Tv","uniform_top6/high_minus_low_Ts__Cytb__Ts_and_Tv/high_minus_low_Ts__Cytb__Ts_and_Tv.SBS96.distances.csv"
4,"manhattan",435.941654721301,437.814709064613,"uniform_top6","high_minus_low_Ts__Cytb__Ts_and_Tv","high_minus_low_Ts","Cytb","Ts_and_Tv","uniform_top6/high_minus_low_Ts__Cytb__Ts_and_Tv/high_minus_low_Ts__Cytb__Ts_and_Tv.SBS96.distances.csv"
5,"cosine",0.892639442246985,0.900089429158577,"uniform_top6","high_minus_low_Ts__Cytb__Ts_and_Tv","high_minus_low_Ts","Cytb","Ts_and_Tv","uniform_top6/high_minus_low_Ts__Cytb__Ts_and_Tv/high_minus_low_Ts__Cytb__Ts_and_Tv.SBS96.distances.csv"
1,"log.likelihood",-197.505722012983,-201.294259454276,"uniform_top6","high_minus_low_Ts__Cytb__Ts_only","high_minus_low_Ts","Cytb","Ts_only","uniform_top6/high_minus_low_Ts__Cytb__Ts_only/high_minus_low_Ts__Cytb__Ts_only.SBS96.distances.csv"
2,"MAP",-201.278563974631,-205.067101415925,"uniform_top6","high_minus_low_Ts__Cytb__Ts_only","high_minus_low_Ts","Cytb","Ts_only","uniform_top6/high_minus_low_Ts__Cytb__Ts_only/high_minus_low_Ts__Cytb__Ts_only.SBS96.distances.csv"
3,"euclidean",102.411675225671,91.7550719651437,"uniform_top6","high_minus_low_Ts__Cytb__Ts_only","high_minus_low_Ts","Cytb","Ts_only","uniform_top6/high_minus_low_Ts__Cytb__Ts_only/high_minus_low_Ts__Cytb__Ts_only.SBS96.distances.csv"
4,"manhattan",476.060170323818,444.229400811631,"uniform_top6","high_minus_low_Ts__Cytb__Ts_only","high_minus_low_Ts","Cytb","Ts_only","uniform_top6/high_minus_low_Ts__Cytb__Ts_only/high_minus_low_Ts__Cytb__Ts_only.SBS96.distances.csv"
5,"cosine",0.867182752379029,0.89266283288248,"uniform_top6","high_minus_low_Ts__Cytb__Ts_only","high_minus_low_Ts","Cytb","Ts_only","uniform_top6/high_minus_low_Ts__Cytb__Ts_only/high_minus_low_Ts__Cytb__Ts_only.SBS96.distances.csv"
1,"log.likelihood",-183.125614620384,-183.604255627114,"uniform_top6","low_Ts__CO1__Ts_and_Tv","low_Ts","CO1","Ts_and_Tv","uniform_top6/low_Ts__CO1__Ts_and_Tv/low_Ts__CO1__Ts_and_Tv.SBS96.distances.csv"
2,"MAP",-189.630033941675,-190.108674948405,"uniform_top6","low_Ts__CO1__Ts_and_Tv","low_Ts","CO1","Ts_and_Tv","uniform_top6/low_Ts__CO1__Ts_and_Tv/low_Ts__CO1__Ts_and_Tv.SBS96.distances.csv"
3,"euclidean",42.5545155253217,42.3879142420168,"uniform_top6","low_Ts__CO1__Ts_and_Tv","low_Ts","CO1","Ts_and_Tv","uniform_top6/low_Ts__CO1__Ts_and_Tv/low_Ts__CO1__Ts_and_Tv.SBS96.distances.csv"
4,"manhattan",236.782279578725,236.834577563595,"uniform_top6","low_Ts__CO1__Ts_and_Tv","low_Ts","CO1","Ts_and_Tv","uniform_top6/low_Ts__CO1__Ts_and_Tv/low_Ts__CO1__Ts_and_Tv.SBS96.distances.csv"
5,"cosine",0.926374939037699,0.927161328591681,"uniform_top6","low_Ts__CO1__Ts_and_Tv","low_Ts","CO1","Ts_and_Tv","uniform_top6/low_Ts__CO1__Ts_and_Tv/low_Ts__CO1__Ts_and_Tv.SBS96.distances.csv"
1,"log.likelihood",-137.891042010752,-142.224581463174,"uniform_top6","low_Ts__CO1__Ts_only","low_Ts","CO1","Ts_only","uniform_top6/low_Ts__CO1__Ts_only/low_Ts__CO1__Ts_only.SBS96.distances.csv"
2,"MAP",-141.663883972401,-145.997423424823,"uniform_top6","low_Ts__CO1__Ts_only","low_Ts","CO1","Ts_only","uniform_top6/low_Ts__CO1__Ts_only/low_Ts__CO1__Ts_only.SBS96.distances.csv"
3,"euclidean",45.7740067837229,40.6666888529465,"uniform_top6","low_Ts__CO1__Ts_only","low_Ts","CO1","Ts_only","uniform_top6/low_Ts__CO1__Ts_only/low_Ts__CO1__Ts_only.SBS96.distances.csv"
4,"manhattan",229.884076127287,212.19959774853,"uniform_top6","low_Ts__CO1__Ts_only","low_Ts","CO1","Ts_only","uniform_top6/low_Ts__CO1__Ts_only/low_Ts__CO1__Ts_only.SBS96.distances.csv"
5,"cosine",0.912063361769514,0.930187713108194,"uniform_top6","low_Ts__CO1__Ts_only","low_Ts","CO1","Ts_only","uniform_top6/low_Ts__CO1__Ts_only/low_Ts__CO1__Ts_only.SBS96.distances.csv"
1,"log.likelihood",-195.349071860051,-196.34530762487,"uniform_top6","low_Ts__CO3__Ts_and_Tv","low_Ts","CO3","Ts_and_Tv","uniform_top6/low_Ts__CO3__Ts_and_Tv/low_Ts__CO3__Ts_and_Tv.SBS96.distances.csv"
2,"MAP",-201.853491181342,-202.849726946161,"uniform_top6","low_Ts__CO3__Ts_and_Tv","low_Ts","CO3","Ts_and_Tv","uniform_top6/low_Ts__CO3__Ts_and_Tv/low_Ts__CO3__Ts_and_Tv.SBS96.distances.csv"
3,"euclidean",45.4014632947094,45.0926947856866,"uniform_top6","low_Ts__CO3__Ts_and_Tv","low_Ts","CO3","Ts_and_Tv","uniform_top6/low_Ts__CO3__Ts_and_Tv/low_Ts__CO3__Ts_and_Tv.SBS96.distances.csv"
4,"manhattan",237.611480339631,230.433974241145,"uniform_top6","low_Ts__CO3__Ts_and_Tv","low_Ts","CO3","Ts_and_Tv","uniform_top6/low_Ts__CO3__Ts_and_Tv/low_Ts__CO3__Ts_and_Tv.SBS96.distances.csv"
5,"cosine",0.911226745330804,0.912903864693604,"uniform_top6","low_Ts__CO3__Ts_and_Tv","low_Ts","CO3","Ts_and_Tv","uniform_top6/low_Ts__CO3__Ts_and_Tv/low_Ts__CO3__Ts_and_Tv.SBS96.distances.csv"
1,"log.likelihood",-136.676923539826,-137.662960603055,"uniform_top6","low_Ts__CO3__Ts_only","low_Ts","CO3","Ts_only","uniform_top6/low_Ts__CO3__Ts_only/low_Ts__CO3__Ts_only.SBS96.distances.csv"
2,"MAP",-139.195718750515,-140.181755813744,"uniform_top6","low_Ts__CO3__Ts_only","low_Ts","CO3","Ts_only","uniform_top6/low_Ts__CO3__Ts_only/low_Ts__CO3__Ts_only.SBS96.distances.csv"
3,"euclidean",44.4118446975768,43.2478691215937,"uniform_top6","low_Ts__CO3__Ts_only","low_Ts","CO3","Ts_only","uniform_top6/low_Ts__CO3__Ts_only/low_Ts__CO3__Ts_only.SBS96.distances.csv"
4,"manhattan",206.313604089193,205.623089258341,"uniform_top6","low_Ts__CO3__Ts_only","low_Ts","CO3","Ts_only","uniform_top6/low_Ts__CO3__Ts_only/low_Ts__CO3__Ts_only.SBS96.distances.csv"
5,"cosine",0.913167472033857,0.917552249678209,"uniform_top6","low_Ts__CO3__Ts_only","low_Ts","CO3","Ts_only","uniform_top6/low_Ts__CO3__Ts_only/low_Ts__CO3__Ts_only.SBS96.distances.csv"
1,"log.likelihood",-168.445417718335,-172.566011445337,"uniform_top6","low_Ts__Cytb__Ts_and_Tv","low_Ts","Cytb","Ts_and_Tv","uniform_top6/low_Ts__Cytb__Ts_and_Tv/low_Ts__Cytb__Ts_and_Tv.SBS96.distances.csv"
2,"MAP",-174.949837039626,-179.070430766628,"uniform_top6","low_Ts__Cytb__Ts_and_Tv","low_Ts","Cytb","Ts_and_Tv","uniform_top6/low_Ts__Cytb__Ts_and_Tv/low_Ts__Cytb__Ts_and_Tv.SBS96.distances.csv"
3,"euclidean",30.8200486078593,29.9653567384109,"uniform_top6","low_Ts__Cytb__Ts_and_Tv","low_Ts","Cytb","Ts_and_Tv","uniform_top6/low_Ts__Cytb__Ts_and_Tv/low_Ts__Cytb__Ts_and_Tv.SBS96.distances.csv"
4,"manhattan",178.092998910058,174.772306948894,"uniform_top6","low_Ts__Cytb__Ts_and_Tv","low_Ts","Cytb","Ts_and_Tv","uniform_top6/low_Ts__Cytb__Ts_and_Tv/low_Ts__Cytb__Ts_and_Tv.SBS96.distances.csv"
5,"cosine",0.907800612267851,0.915324719428951,"uniform_top6","low_Ts__Cytb__Ts_and_Tv","low_Ts","Cytb","Ts_and_Tv","uniform_top6/low_Ts__Cytb__Ts_and_Tv/low_Ts__Cytb__Ts_and_Tv.SBS96.distances.csv"
1,"log.likelihood",-115.539787248222,-116.348631016155,"uniform_top6","low_Ts__Cytb__Ts_only","low_Ts","Cytb","Ts_only","uniform_top6/low_Ts__Cytb__Ts_only/low_Ts__Cytb__Ts_only.SBS96.distances.csv"
2,"MAP",-118.058582458911,-118.867426226844,"uniform_top6","low_Ts__Cytb__Ts_only","low_Ts","Cytb","Ts_only","uniform_top6/low_Ts__Cytb__Ts_only/low_Ts__Cytb__Ts_only.SBS96.distances.csv"
3,"euclidean",28.1235465652613,27.3608973750189,"uniform_top6","low_Ts__Cytb__Ts_only","low_Ts","Cytb","Ts_only","uniform_top6/low_Ts__Cytb__Ts_only/low_Ts__Cytb__Ts_only.SBS96.distances.csv"
4,"manhattan",142.030980904285,145.95997769395,"uniform_top6","low_Ts__Cytb__Ts_only","low_Ts","Cytb","Ts_only","uniform_top6/low_Ts__Cytb__Ts_only/low_Ts__Cytb__Ts_only.SBS96.distances.csv"
5,"cosine",0.920056932886509,0.924029840751382,"uniform_top6","low_Ts__Cytb__Ts_only","low_Ts","Cytb","Ts_only","uniform_top6/low_Ts__Cytb__Ts_only/low_Ts__Cytb__Ts_only.SBS96.distances.csv"
