Sample,Signature,Activity,Branch,Gene,SpectrumType,ActivityFraction
CO1__Ts_only,SBS1,3,low_Ts,CO1,Ts_only,0.005535055350553505
Cytb__Ts_only,SBS1,4,low_Ts,Cytb,Ts_only,0.011527377521613832
CO1__Ts_and_Tv,SBS1,1,low_Ts,CO1,Ts_and_Tv,0.0016750418760469012
Cytb__Ts_and_Tv,SBS1,2,low_Ts,Cytb,Ts_and_Tv,0.005025125628140704
CO1__Ts_only,SBS5,88,low_Ts,CO1,Ts_only,0.16236162361623616
Cytb__Ts_only,SBS5,36,low_Ts,Cytb,Ts_only,0.1037463976945245
CO1__Ts_and_Tv,SBS5,160,low_Ts,CO1,Ts_and_Tv,0.26800670016750416
CO3__Ts_and_Tv,SBS5,57,low_Ts,CO3,Ts_and_Tv,0.0976027397260274
Cytb__Ts_and_Tv,SBS5,105,low_Ts,Cytb,Ts_and_Tv,0.2638190954773869
CO1__Ts_only,SBS12,190,low_Ts,CO1,Ts_only,0.3505535055350554
CO3__Ts_only,SBS12,223,low_Ts,CO3,Ts_only,0.4215500945179584
Cytb__Ts_only,SBS12,143,low_Ts,Cytb,Ts_only,0.41210374639769454
CO1__Ts_and_Tv,SBS12,177,low_Ts,CO1,Ts_and_Tv,0.2964824120603015
CO3__Ts_and_Tv,SBS12,218,low_Ts,CO3,Ts_and_Tv,0.3732876712328767
Cytb__Ts_and_Tv,SBS12,131,low_Ts,Cytb,Ts_and_Tv,0.32914572864321606
CO1__Ts_only,SBS30,261,low_Ts,CO1,Ts_only,0.48154981549815495
CO3__Ts_only,SBS30,222,low_Ts,CO3,Ts_only,0.41965973534971646
Cytb__Ts_only,SBS30,164,low_Ts,Cytb,Ts_only,0.47262247838616717
CO1__Ts_and_Tv,SBS30,259,low_Ts,CO1,Ts_and_Tv,0.4338358458961474
CO3__Ts_and_Tv,SBS30,224,low_Ts,CO3,Ts_and_Tv,0.3835616438356164
Cytb__Ts_and_Tv,SBS30,160,low_Ts,Cytb,Ts_and_Tv,0.4020100502512563
CO3__Ts_only,SBS44,84,low_Ts,CO3,Ts_only,0.15879017013232513
CO3__Ts_and_Tv,SBS44,85,low_Ts,CO3,Ts_and_Tv,0.14554794520547945
CO1__Ts_only,SBS1,11,high_Ts,CO1,Ts_only,0.010367577756833177
CO1__Ts_and_Tv,SBS1,14,high_Ts,CO1,Ts_and_Tv,0.012544802867383513
CO1__Ts_only,SBS5,36,high_Ts,CO1,Ts_only,0.033930254476908575
CO3__Ts_only,SBS5,60,high_Ts,CO3,Ts_only,0.04866180048661801
Cytb__Ts_only,SBS5,105,high_Ts,Cytb,Ts_only,0.07841672890216579
CO3__Ts_and_Tv,SBS5,119,high_Ts,CO3,Ts_and_Tv,0.09239130434782608
Cytb__Ts_and_Tv,SBS5,169,high_Ts,Cytb,Ts_and_Tv,0.12158273381294964
CO1__Ts_only,SBS12,443,high_Ts,CO1,Ts_only,0.4175306314797361
CO3__Ts_only,SBS12,582,high_Ts,CO3,Ts_only,0.4720194647201946
Cytb__Ts_only,SBS12,622,high_Ts,Cytb,Ts_only,0.46452576549663926
CO1__Ts_and_Tv,SBS12,436,high_Ts,CO1,Ts_and_Tv,0.3906810035842294
CO3__Ts_and_Tv,SBS12,576,high_Ts,CO3,Ts_and_Tv,0.4472049689440994
Cytb__Ts_and_Tv,SBS12,612,high_Ts,Cytb,Ts_and_Tv,0.44028776978417267
CO3__Ts_only,SBS19,188,high_Ts,CO3,Ts_only,0.15247364152473641
CO3__Ts_and_Tv,SBS19,190,high_Ts,CO3,Ts_and_Tv,0.14751552795031056
CO1__Ts_only,SBS23,147,high_Ts,CO1,Ts_only,0.13854853911404336
CO1__Ts_only,SBS30,424,high_Ts,CO1,Ts_only,0.3996229971724788
CO3__Ts_only,SBS30,403,high_Ts,CO3,Ts_only,0.32684509326845096
Cytb__Ts_only,SBS30,612,high_Ts,Cytb,Ts_only,0.4570575056011949
CO1__Ts_and_Tv,SBS30,470,high_Ts,CO1,Ts_and_Tv,0.4211469534050179
CO3__Ts_and_Tv,SBS30,403,high_Ts,CO3,Ts_and_Tv,0.31288819875776397
Cytb__Ts_and_Tv,SBS30,609,high_Ts,Cytb,Ts_and_Tv,0.4381294964028777
CO1__Ts_and_Tv,SBS42,196,high_Ts,CO1,Ts_and_Tv,0.17562724014336917
CO1__Ts_only,SBS1,9,high_minus_low_Ts,CO1,Ts_only,0.017077798861480076
CO1__Ts_and_Tv,SBS1,10,high_minus_low_Ts,CO1,Ts_and_Tv,0.01718213058419244
Cytb__Ts_only,SBS5,76,high_minus_low_Ts,Cytb,Ts_only,0.07645875251509054
CO3__Ts_and_Tv,SBS5,40,high_minus_low_Ts,CO3,Ts_and_Tv,0.05128205128205128
CO1__Ts_only,SBS12,224,high_minus_low_Ts,CO1,Ts_only,0.4250474383301708
CO3__Ts_only,SBS12,374,high_minus_low_Ts,CO3,Ts_only,0.5158620689655172
CO1__Ts_and_Tv,SBS12,217,high_minus_low_Ts,CO1,Ts_and_Tv,0.37285223367697595
CO3__Ts_and_Tv,SBS12,379,high_minus_low_Ts,CO3,Ts_and_Tv,0.4858974358974359
CO3__Ts_only,SBS19,169,high_minus_low_Ts,CO3,Ts_only,0.23310344827586207
CO3__Ts_and_Tv,SBS19,176,high_minus_low_Ts,CO3,Ts_and_Tv,0.22564102564102564
CO1__Ts_only,SBS23,140,high_minus_low_Ts,CO1,Ts_only,0.2656546489563567
CO1__Ts_and_Tv,SBS23,82,high_minus_low_Ts,CO1,Ts_and_Tv,0.140893470790378
Cytb__Ts_only,SBS26,470,high_minus_low_Ts,Cytb,Ts_only,0.47283702213279677
Cytb__Ts_and_Tv,SBS26,482,high_minus_low_Ts,Cytb,Ts_and_Tv,0.46124401913875596
CO1__Ts_only,SBS30,154,high_minus_low_Ts,CO1,Ts_only,0.2922201138519924
CO3__Ts_only,SBS30,182,high_minus_low_Ts,CO3,Ts_only,0.25103448275862067
Cytb__Ts_only,SBS30,448,high_minus_low_Ts,Cytb,Ts_only,0.4507042253521127
CO1__Ts_and_Tv,SBS30,155,high_minus_low_Ts,CO1,Ts_and_Tv,0.2663230240549828
CO3__Ts_and_Tv,SBS30,185,high_minus_low_Ts,CO3,Ts_and_Tv,0.23717948717948717
Cytb__Ts_and_Tv,SBS30,400,high_minus_low_Ts,Cytb,Ts_and_Tv,0.3827751196172249
CO1__Ts_and_Tv,SBS42,118,high_minus_low_Ts,CO1,Ts_and_Tv,0.2027491408934708
Cytb__Ts_and_Tv,SBS42,163,high_minus_low_Ts,Cytb,Ts_and_Tv,0.15598086124401914
