Branch,Gene,SpectrumType,mSigActMode,CosineSimilarityBetweenTools,TotalVariationDistance,DominantSigProfilerSignature,DominantMSigActSignature,SameDominantSignature
high_Ts,CO1,Ts_and_Tv,uniform_top6,0.8751811588136915,0.2658212385682369,SBS30,SBS12,False
high_Ts,CO1,Ts_only,uniform_top6,0.9408341811254509,0.17530631479736097,SBS12,SBS12,True
high_Ts,CO3,Ts_and_Tv,uniform_top6,0.9341312159169605,0.23990683229813664,SBS12,SBS12,True
high_Ts,CO3,Ts_only,uniform_top6,0.8246230446755103,0.30388978930307947,SBS12,SBS12,True
high_Ts,Cytb,Ts_and_Tv,uniform_top6,0.9364812137299318,0.19182166146132767,SBS12,SBS12,True
high_Ts,Cytb,Ts_only,uniform_top6,0.8823054711626376,0.26343283582089555,SBS12,SBS12,True
high_minus_low_Ts,CO1,Ts_and_Tv,uniform_top6,0.9669131873808204,0.1254295532646048,SBS12,SBS12,True
high_minus_low_Ts,CO1,Ts_only,uniform_top6,0.978835706809521,0.10246679316888047,SBS12,SBS12,True
high_minus_low_Ts,CO3,Ts_and_Tv,uniform_top6,0.8392358386432259,0.3310039725532684,SBS12,SBS12,True
high_minus_low_Ts,CO3,Ts_only,uniform_top6,0.700326299274602,0.4041379310344828,SBS12,SBS12,True
high_minus_low_Ts,Cytb,Ts_and_Tv,uniform_top6,0.5803903246196207,0.5215311004784688,SBS26,SBS12,False
high_minus_low_Ts,Cytb,Ts_only,uniform_top6,0.3614979097370651,0.6874371859296482,SBS26,SBS12,False
low_Ts,CO1,Ts_and_Tv,uniform_top6,0.8761165929381592,0.2696817420435511,SBS30,SBS30,True
low_Ts,CO1,Ts_only,uniform_top6,0.9308484027964341,0.19272457917949343,SBS30,SBS30,True
low_Ts,CO3,Ts_and_Tv,uniform_top6,0.9331912353216528,0.24315068493150685,SBS30,SBS12,False
low_Ts,CO3,Ts_only,uniform_top6,0.960370945624246,0.1587901701323251,SBS12,SBS30,False
low_Ts,Cytb,Ts_and_Tv,uniform_top6,0.8649055593416127,0.2688442211055276,SBS30,SBS12,False
low_Ts,Cytb,Ts_only,uniform_top6,0.9825306697559607,0.1152737752161383,SBS30,SBS30,True
