mutation,n_species,mean_weight_COX1,bootstrap_ci95_low_COX1,bootstrap_ci95_high_COX1,median_COX1,mean_weight_CytB,bootstrap_ci95_low_CytB,bootstrap_ci95_high_CytB,median_CytB,mean_difference_CytB_minus_COX1,bootstrap_ci95_low_difference_CytB_minus_COX1,bootstrap_ci95_high_difference_CytB_minus_COX1,median_paired_difference_CytB_minus_COX1,n_nonzero_differences,fraction_CytB_greater_than_COX1,wilcoxon_W_exploratory,p_value_exploratory,p_value_holm_exploratory
A>C,104,0.005720843971768088,0.0030578206589652527,0.008771655076760474,0.0,0.005433591453170308,0.0027855791415178155,0.008746851393575377,0.0,-0.0002872525185977784,-0.004505319517107504,0.004162976931153793,0.0,37,0.19230769230769232,330.0,0.7456691760444498,1.0
A>G,104,0.18600762466379545,0.17415635419177106,0.1983622407817862,0.179668234756725,0.23925080849769836,0.22126677678327653,0.25881758304169705,0.22433700506871884,0.05324318383390293,0.03192643938000503,0.07551569659553717,0.046238381872172205,104,0.7115384615384616,1226.0,1.0761193728993554e-06,1.0761193728993553e-05
A>T,104,0.011732179913125905,0.007726237122689688,0.016416395407745813,0.0,0.014157656753910734,0.008887454579191014,0.020279964062903645,0.0,0.0024254768407848317,-0.004711242444494856,0.009933892161610473,0.0,59,0.27884615384615385,846.0,0.7684743761882565,1.0
C>A,104,0.0177833526314777,0.008378329017684528,0.02954370226110096,0.0,0.01040463959617073,0.005341677507713365,0.016192745934222628,0.0,-0.007378713035306965,-0.020584921746758567,0.004003115183748778,0.0,27,0.1346153846153846,154.0,0.40041798467382594,1.0
C>G,104,0.011141012890996557,0.004893459112719346,0.018392974301779125,0.0,0.012841570627143058,0.006899629388486354,0.019715695137045554,0.0,0.0017005577361465022,-0.007668749370505249,0.011231303849990661,0.0,29,0.14423076923076922,196.0,0.642003911924413,1.0
C>T,104,0.44828304000695296,0.4189192154743223,0.4764153724928706,0.47199092675564797,0.5030369254452103,0.4763144500529185,0.5270377814003986,0.54405550460739,0.05475388543825742,0.015286363840775547,0.09258009706755213,0.04366938492196487,104,0.625,1795.0,0.002429191311787762,0.02186272180608986
G>A,104,0.17228944774511154,0.1548070984631173,0.19145520741033062,0.152311876202506,0.11176975404586079,0.10264458823643124,0.12178550798946644,0.1015416105835542,-0.06051969369925077,-0.07977572086921178,-0.042482942648350994,-0.057382889788242,104,0.23076923076923078,902.0,3.069229796304753e-09,3.3761527759352285e-08
G>C,104,0.005696493521982277,0.0024832574366306726,0.009400778742594644,0.0,0.00492920694058356,0.0026610248630345263,0.007655381602290345,0.0,-0.0007672865813987176,-0.004790490745403908,0.002995517508636296,0.0,40,0.2692307692307692,309.0,0.1745998412125983,1.0
G>T,104,0.019547181753865658,0.013733094687305205,0.02609254879933875,0.0,0.01563173220862599,0.011427764583161576,0.020539445886435657,0.0062608696297203,-0.003915449545239666,-0.011035584301318345,0.003172195721432864,0.0,72,0.375,1178.0,0.44534990455152434,1.0
T>A,104,0.011601966754355595,0.008532337332897972,0.01496963498047765,0.0,0.010833497522237698,0.008273231992215491,0.013934511620256175,0.0084231773535519,-0.0007684692321178962,-0.004919978049157943,0.0035255797033500597,0.0,82,0.40384615384615385,1659.0,0.8442386430870825,1.0
T>C,104,0.10344143467378628,0.09430426018071082,0.11309281083722594,0.09751332683749855,0.0671193525330924,0.05929211429247744,0.07625104872325848,0.0580869980125251,-0.03632208214069389,-0.04719036538173932,-0.024485752860818794,-0.03344609730032749,104,0.15384615384615385,621.0,7.970289253499215e-12,9.564347104199057e-11
T>G,104,0.006755421472781784,0.004617817056710979,0.009147823140797732,0.0,0.004591264376295753,0.003160371622116685,0.006225279663084709,0.0,-0.0021641570964860313,-0.004785651416478666,0.0003245474132071633,0.0,62,0.27884615384615385,793.0,0.19825748872871196,1.0
