Gene,Mut,n_species,estimate,ci_low,ci_high,estimator,confidence,dssh_proxy,plot_label,display_gene,arc_position,rCRS_start,rCRS_end,rCRS_midpoint
CO1,A>G,85,0.18211238839468463,0.1682593152178344,0.19576045762402813,mean,0.95,0.1140080873921178,"COX1
DssH=0.114",COX1,beginning,5904,7445,6674.5
CO1,C>T,85,0.4393501361836343,0.4105586897825187,0.46553450003059804,mean,0.95,0.1140080873921178,"COX1
DssH=0.114",COX1,beginning,5904,7445,6674.5
CO1,G>A,85,0.16600362529144888,0.15055371870533196,0.18233666467505127,mean,0.95,0.1140080873921178,"COX1
DssH=0.114",COX1,beginning,5904,7445,6674.5
CO1,T>C,85,0.11683219597627309,0.1043098222756357,0.13016000788396626,mean,0.95,0.1140080873921178,"COX1
DssH=0.114",COX1,beginning,5904,7445,6674.5
CO3,A>G,85,0.21588136481943565,0.195010877483794,0.2385694543545757,mean,0.95,0.46695636429476733,"COX3
DssH=0.467",COX3,middle,9207,9990,9598.5
CO3,C>T,85,0.456405606974921,0.42435079897580835,0.4866135760503122,mean,0.95,0.46695636429476733,"COX3
DssH=0.467",COX3,middle,9207,9990,9598.5
CO3,G>A,85,0.12239614365804509,0.11139113177359836,0.13396338966852342,mean,0.95,0.46695636429476733,"COX3
DssH=0.467",COX3,middle,9207,9990,9598.5
CO3,T>C,85,0.10540842898544144,0.09228894674492749,0.11979700218678464,mean,0.95,0.46695636429476733,"COX3
DssH=0.467",COX3,middle,9207,9990,9598.5
Cytb,A>G,85,0.21089547941186787,0.19350677745608116,0.22906115753316894,mean,0.95,1.1572213169171344,"CytB
DssH=1.157",CytB,end,14747,15887,15317.0
Cytb,C>T,85,0.513702491777139,0.49092755050430137,0.5351306724906181,mean,0.95,1.1572213169171344,"CytB
DssH=1.157",CytB,end,14747,15887,15317.0
Cytb,G>A,85,0.09896492710893041,0.08967747266968923,0.10876143964580363,mean,0.95,1.1572213169171344,"CytB
DssH=1.157",CytB,end,14747,15887,15317.0
Cytb,T>C,85,0.08516450073881152,0.07367343467834149,0.09810863820614253,mean,0.95,1.1572213169171344,"CytB
DssH=1.157",CytB,end,14747,15887,15317.0
