Species,Class,Gene,Mut,Observed,Expected,OpportunityAdjusted
Andrias_davidianus,Amphibia,CO1,A>G,3.94118,230.875,0.01707062263129399
Andrias_davidianus,Amphibia,CO3,A>G,7.690066,105.65625,0.0727838249038746
Andrias_davidianus,Amphibia,Cytb,A>G,13.467676,123.71428571428572,0.10886112240184757
Anguilla_anguilla,Actinopteri,CO1,A>G,17.94362,149.15217391304347,0.1203041131030462
Anguilla_anguilla,Actinopteri,CO3,A>G,8.932491,57.79310344827586,0.1545598084725537
Anguilla_anguilla,Actinopteri,Cytb,A>G,14.748516,79.02083333333333,0.18664085631426314
Anguilla_rostrata,Actinopteri,CO1,A>G,7.99765,150.84615384615387,0.0530185874553799
Anguilla_rostrata,Actinopteri,CO3,A>G,7.896537,60.22222222222221,0.13112330811808123
Anguilla_rostrata,Actinopteri,Cytb,A>G,13.99198,86.56666666666666,0.16163242202541395
Balaenoptera_physalus,Mammalia,CO1,A>G,17.927275,125.51851851851842,0.1428257376807319
Balaenoptera_physalus,Mammalia,CO3,A>G,8.95061,60.81818181818183,0.14716997010463376
Balaenoptera_physalus,Mammalia,Cytb,A>G,18.16458,57.91379310344827,0.3136485977969634
Bison_priscus,Mammalia,CO1,A>G,9.93271,133.6071428571429,0.07434265704357122
Bison_priscus,Mammalia,CO3,A>G,7.97386,66.77419354838712,0.1194152946859903
Bison_priscus,Mammalia,Cytb,A>G,25.38929,68.26190476190479,0.37193937216602707
Bos_taurus,Mammalia,CO1,A>G,55.741765,141.59477124182982,0.3936710692854512
Bos_taurus,Mammalia,CO3,A>G,23.99995,70.05600000000005,0.3425823626812833
Bos_taurus,Mammalia,Cytb,A>G,47.949545,58.12946428571423,0.8248750541433078
Camelus_dromedarius,Mammalia,CO1,A>G,7.64683,153.40740740740736,0.049846549975857087
Camelus_dromedarius,Mammalia,CO3,A>G,6.97991,66.3157894736842,0.10525261111111113
Camelus_dromedarius,Mammalia,Cytb,A>G,21.659333,85.7397260273972,0.2526172406135167
Canis_latrans,Mammalia,CO1,A>G,12.99029,188.2758620689655,0.0689960457875458
Canis_latrans,Mammalia,CO3,A>G,11.688269,89.8125,0.13014078218510786
Canis_latrans,Mammalia,Cytb,A>G,20.232164,81.25925925925925,0.24898287511394715
Canis_lupus,Mammalia,CO1,A>G,90.122459,185.07902735562308,0.48694041830483986
Canis_lupus,Mammalia,CO3,A>G,57.98602,76.93950177935957,0.753657336725253
Canis_lupus,Mammalia,Cytb,A>G,89.227106,94.74882629107996,0.9417225467878984
Capra_hircus,Mammalia,CO1,A>G,16.755437,136.80952380952385,0.1224727382526975
Capra_hircus,Mammalia,CO3,A>G,16.863314,73.87096774193549,0.22828066986899562
Capra_hircus,Mammalia,Cytb,A>G,55.93785,72.20895522388068,0.7746663807358404
Carassius_auratus,Actinopteri,CO1,A>G,13.770512,142.03448275862073,0.09695189317795579
Carassius_auratus,Actinopteri,CO3,A>G,9.090671,60.27777777777777,0.1508129751152074
Carassius_auratus,Actinopteri,Cytb,A>G,82.836105,89.465,0.9259051584418487
Certhia_americana,Aves,CO1,A>G,4.98754,99.625,0.05006313676286073
Certhia_americana,Aves,CO3,A>G,5.9913,45.04545454545455,0.13300565085771948
Certhia_americana,Aves,Cytb,A>G,3.88417,63.47619047619048,0.06119097524381095
Cervus_elaphus,Mammalia,CO1,A>G,12.867165,171.51999999999998,0.07501845265858209
Cervus_elaphus,Mammalia,CO3,A>G,15.430752,73.23809523809524,0.21069297269180753
Cervus_elaphus,Mammalia,Cytb,A>G,106.144973,87.67049808429124,1.210726245651603
Chaenogobius_annularis,Actinopteri,CO1,A>G,14.99973,227.7101449275365,0.06587203220468424
Chaenogobius_annularis,Actinopteri,CO3,A>G,2.0,102.22222222222229,0.019565217391304335
Chaenogobius_annularis,Actinopteri,Cytb,A>G,5.99972,138.9753086419754,0.04317112196855287
Cinclosoma_clarum,Aves,CO1,A>G,25.97691,79.2553191489362,0.327762354362416
Cinclosoma_clarum,Aves,CO3,A>G,19.262554,38.45714285714286,0.500883647845468
Cinclosoma_clarum,Aves,Cytb,A>G,24.677643,45.16666666666668,0.5463684797047968
Clupea_harengus,Actinopteri,CO1,A>G,18.99663,131.6521739130436,0.14429408520475548
Clupea_harengus,Actinopteri,CO3,A>G,13.96836,54.64583333333335,0.25561619519634
Clupea_harengus,Actinopteri,Cytb,A>G,31.96224,91.3353293413174,0.3499438851373499
Corvus_splendens,Aves,CO1,A>G,14.802362,86.8888888888889,0.17035966496163682
Corvus_splendens,Aves,CO3,A>G,6.979991,42.44444444444443,0.16445004973821994
Corvus_splendens,Aves,Cytb,A>G,17.98757,48.246913580246925,0.37282322671443185
Cricetulus_kamensis,Mammalia,CO1,A>G,20.574641,125.54838709677416,0.1638781785714286
Cricetulus_kamensis,Mammalia,CO3,A>G,10.99582,52.78260869565216,0.20832278418451408
Cricetulus_kamensis,Mammalia,Cytb,A>G,15.220327,77.25,0.19702688673139157
Crocidura_suaveolens,Mammalia,CO1,A>G,33.197515,252.82857142857145,0.13130444400497232
Crocidura_suaveolens,Mammalia,CO3,A>G,15.554658,104.59999999999998,0.14870609942638627
Crocidura_suaveolens,Mammalia,Cytb,A>G,69.949718,126.31666666666672,0.553764755244755
Crocuta_crocuta,Mammalia,CO1,A>G,12.757234,146.0,0.08737831506849315
Crocuta_crocuta,Mammalia,CO3,A>G,5.963411,46.23076923076923,0.12899225124792013
Crocuta_crocuta,Mammalia,Cytb,A>G,9.484365,54.61904761904761,0.1736457410636443
Cyprinus_carpio,Actinopteri,CO1,A>G,16.716282,129.71875,0.12886558034208623
Cyprinus_carpio,Actinopteri,CO3,A>G,10.483779,58.259259259259245,0.17995043420216153
Cyprinus_carpio,Actinopteri,Cytb,A>G,23.861926,59.365853658536615,0.4019469868529168
Dicrostonyx_torquatus,Mammalia,CO1,A>G,15.98881,138.43333333333334,0.1154982663135083
Dicrostonyx_torquatus,Mammalia,CO3,A>G,12.949374,56.22727272727274,0.23030414551333867
Dicrostonyx_torquatus,Mammalia,Cytb,A>G,10.948974,75.08695652173914,0.14581725651418642
Equus_caballus,Mammalia,CO1,A>G,44.160227,123.27884615384612,0.3582141492863272
Equus_caballus,Mammalia,CO3,A>G,32.940594,45.25581395348838,0.7278754069886946
Equus_caballus,Mammalia,Cytb,A>G,59.403813,62.86713286713296,0.9449104848720787
Gadus_chalcogrammus,Actinopteri,CO1,A>G,21.405611,187.36363636363632,0.1142463469189714
Gadus_chalcogrammus,Actinopteri,CO3,A>G,3.99993,85.69565217391306,0.04667599695585996
Gadus_chalcogrammus,Actinopteri,Cytb,A>G,15.98518,146.67500000000004,0.10898367138230779
Gadus_morhua,Actinopteri,CO1,A>G,33.98947,185.83653846153868,0.1828998230454802
Gadus_morhua,Actinopteri,CO3,A>G,19.99375,92.7741935483871,0.2155098226703755
Gadus_morhua,Actinopteri,Cytb,A>G,24.9738,136.36986301369873,0.1831328377699647
Guerlinguetus_brasiliensis,Mammalia,CO1,A>G,25.762705,205.0,0.12567173170731707
Guerlinguetus_brasiliensis,Mammalia,CO3,A>G,14.105934,97.33333333333331,0.14492397945205482
Guerlinguetus_brasiliensis,Mammalia,Cytb,A>G,11.737207,136.0588235294118,0.08626568050151316
Helarctos_malayanus,Mammalia,CO1,A>G,9.96007,162.05263157894734,0.06146194543683015
Helarctos_malayanus,Mammalia,CO3,A>G,10.94263,68.5625,0.15960080218778486
Helarctos_malayanus,Mammalia,Cytb,A>G,7.928398,67.95454545454545,0.11667207759197325
Hippotragus_equinus,Mammalia,CO1,A>G,21.982929,128.6888888888888,0.1708222768088414
Hippotragus_equinus,Mammalia,CO3,A>G,13.91118,59.423076923076906,0.23410400000000006
Hippotragus_equinus,Mammalia,Cytb,A>G,14.703767,59.272727272727295,0.24806968865030665
Hirundo_rustica,Aves,CO1,A>G,34.391626,73.51824817518246,0.4677971368149326
Hirundo_rustica,Aves,CO3,A>G,22.98,32.90000000000002,0.6984802431610938
Hirundo_rustica,Aves,Cytb,A>G,42.314385,39.94634146341461,1.0592806111857376
Holbrookia_lacerata,Lepidosauria,CO1,A>G,17.210218,160.12121212121212,0.10748243641180924
Holbrookia_lacerata,Lepidosauria,CO3,A>G,10.214319,63.818181818181806,0.16005343162393165
Holbrookia_lacerata,Lepidosauria,Cytb,A>G,18.214708,97.85,0.18614928972917735
Homo_sapiens,Mammalia,CO1,A>G,117.98073,92.97795591182414,1.2689107739891303
Homo_sapiens,Mammalia,CO3,A>G,110.98546,47.46492985971939,2.3382623829427933
Homo_sapiens,Mammalia,Cytb,A>G,104.97218,55.06613226452906,1.9062929550913457
Hoplodactylus_duvaucelii,Lepidosauria,CO1,A>G,9.660317,120.50000000000004,0.0801686058091286
Hoplodactylus_duvaucelii,Lepidosauria,CO3,A>G,4.994996,58.7142857142857,0.08507292457420927
Hoplodactylus_duvaucelii,Lepidosauria,Cytb,A>G,8.729743,82.83999999999999,0.10538077015934331
Hylomyscus_walterverheyeni,Mammalia,CO1,A>G,8.833946000000001,177.08333333333331,0.04988581270588236
Hylomyscus_walterverheyeni,Mammalia,CO3,A>G,5.226357,78.2,0.06683320971867007
Hylomyscus_walterverheyeni,Mammalia,Cytb,A>G,51.792408,106.07792207792204,0.48824870421155747
Lasiopodomys_anglicus,Mammalia,CO1,A>G,42.657811,133.0882352941176,0.3205227787845305
Lasiopodomys_anglicus,Mammalia,CO3,A>G,26.260506,46.33898305084749,0.5667044089246521
Lasiopodomys_anglicus,Mammalia,Cytb,A>G,44.070527,70.11688311688312,0.6285294645304685
Lasiopodomys_gregalis,Mammalia,CO1,A>G,17.140763,128.575,0.13331334240715537
Lasiopodomys_gregalis,Mammalia,CO3,A>G,8.725906,48.088235294117645,0.181456149235474
Lasiopodomys_gregalis,Mammalia,Cytb,A>G,25.688634,63.22916666666667,0.40627823130148266
Leiothlypis_ruficapilla,Aves,CO1,A>G,12.899282,77.07692307692307,0.1673559540918164
Leiothlypis_ruficapilla,Aves,CO3,A>G,8.95513,41.428571428571416,0.21615831034482766
Leiothlypis_ruficapilla,Aves,Cytb,A>G,7.764512,38.88888888888888,0.19965888000000004
Lentipes_armatus,Actinopteri,CO1,A>G,8.53467,158.89473684210526,0.0537127293805896
Lentipes_armatus,Actinopteri,CO3,A>G,4.99996,60.33333333333333,0.08287226519337017
Lentipes_armatus,Actinopteri,Cytb,A>G,9.909308,92.72727272727272,0.1068650862745098
Lentipes_palawanirufus,Actinopteri,CO1,A>G,6.446006000000001,158.41666666666663,0.040690200946870085
Lentipes_palawanirufus,Actinopteri,CO3,A>G,2.978879,59.58333333333333,0.04999517202797203
Lentipes_palawanirufus,Actinopteri,Cytb,A>G,9.812061,92.14285714285714,0.10648748372093024
Macaca_fascicularis,Mammalia,CO1,A>G,75.377588,136.68224299065415,0.5514804728888891
Macaca_fascicularis,Mammalia,CO3,A>G,49.762938,49.98876404494382,0.9954824639244774
Macaca_fascicularis,Mammalia,Cytb,A>G,81.812815,56.10576923076923,1.4581889905741217
Macaca_mulatta,Mammalia,CO1,A>G,26.143746,133.4310344827586,0.19593452228970154
Macaca_mulatta,Mammalia,CO3,A>G,30.15972,46.04255319148937,0.6550401293900184
Macaca_mulatta,Mammalia,Cytb,A>G,27.136296,53.57894736842101,0.5064731080550102
Mammuthus_primigenius,Mammalia,CO1,A>G,19.867425,191.96969696969705,0.10349250591949483
Mammuthus_primigenius,Mammalia,CO3,A>G,12.989464,88.16176470588242,0.14733670592160122
Mammuthus_primigenius,Mammalia,Cytb,A>G,23.728649,83.00000000000001,0.28588733734939753
Martes_zibellina,Mammalia,CO1,A>G,6.99987,123.7441860465116,0.05656726367224207
Martes_zibellina,Mammalia,CO3,A>G,7.96816,49.19999999999999,0.16195447154471548
Martes_zibellina,Mammalia,Cytb,A>G,18.99834,63.45901639344263,0.29937967966933604
Menidia_menidia,Actinopteri,CO1,A>G,22.99694,125.59090909090898,0.1831099095186393
Menidia_menidia,Actinopteri,CO3,A>G,11.99995,60.75000000000001,0.19753004115226336
Menidia_menidia,Actinopteri,Cytb,A>G,25.99324,104.38028169014088,0.24902442855215212
Mesoplodon_grayi,Mammalia,CO1,A>G,17.940775,176.10526315789477,0.10187529139270768
Mesoplodon_grayi,Mammalia,CO3,A>G,13.772804,93.05882352941175,0.14800105436156766
Mesoplodon_grayi,Mammalia,Cytb,A>G,16.69106,97.13636363636364,0.17183122133832476
Microtus_richardsoni,Mammalia,CO1,A>G,13.854521,136.68421052631578,0.10136153215248364
Microtus_richardsoni,Mammalia,CO3,A>G,8.769825,54.5294117647059,0.160827427184466
Microtus_richardsoni,Mammalia,Cytb,A>G,14.487337,70.64999999999999,0.20505784854918616
Misgurnus_anguillicaudatus,Actinopteri,CO1,A>G,8.972911,178.00000000000003,0.050409612359550555
Misgurnus_anguillicaudatus,Actinopteri,CO3,A>G,9.239194,72.95652173913044,0.12663972705601906
Misgurnus_anguillicaudatus,Actinopteri,Cytb,A>G,86.649242,118.80419580419576,0.7293449647418921
Mus_musculus,Mammalia,CO1,A>G,51.192827,152.8938053097344,0.3348260375643922
Mus_musculus,Mammalia,CO3,A>G,48.335757,76.17073170731706,0.6345712574447647
Mus_musculus,Mammalia,Cytb,A>G,116.932913,88.5545454545454,1.320462009033981
Myodes_glareolus,Mammalia,CO1,A>G,81.777813,112.09677419354836,0.7295286915107915
Myodes_glareolus,Mammalia,CO3,A>G,42.609373,62.81081081081084,0.6783764203958688
Myodes_glareolus,Mammalia,Cytb,A>G,168.750315,72.9277108433734,2.313939558070381
Ochotona_cansus,Mammalia,CO1,A>G,14.403484,128.58823529411765,0.11201245562671547
Ochotona_cansus,Mammalia,CO3,A>G,11.829993,58.84615384615385,0.20103256078431372
Ochotona_cansus,Mammalia,Cytb,A>G,56.08378,60.34782608695655,0.9293421757925067
Ochotona_thibetana,Mammalia,CO1,A>G,24.046647,129.4878048780488,0.18570588189866263
Ochotona_thibetana,Mammalia,CO3,A>G,29.057618,59.38709677419354,0.4892917751222163
Ochotona_thibetana,Mammalia,Cytb,A>G,49.855547,71.51785714285714,0.6971062751560549
Odocoileus_virginianus,Mammalia,CO1,A>G,5.769993,198.3846153846154,0.029084881349360218
Odocoileus_virginianus,Mammalia,CO3,A>G,13.11071,88.30769230769229,0.14846622822299654
Odocoileus_virginianus,Mammalia,Cytb,A>G,45.851014,82.73134328358205,0.5542157564495763
Oncorhynchus_clarkii,Actinopteri,CO1,A>G,5.303353,151.79999999999998,0.034936449275362325
Oncorhynchus_clarkii,Actinopteri,CO3,A>G,5.651028,78.5,0.0719876178343949
Oncorhynchus_clarkii,Actinopteri,Cytb,A>G,8.624089,100.69230769230768,0.08564794270435448
Ovis_ammon,Mammalia,CO1,A>G,11.7819,153.77777777777777,0.07661640173410406
Ovis_ammon,Mammalia,CO3,A>G,7.95914,63.5,0.1253407874015748
Ovis_ammon,Mammalia,Cytb,A>G,22.71638,69.34375,0.32759087877422266
Ovis_aries,Mammalia,CO1,A>G,58.98783,152.41975308641986,0.3870090903936495
Ovis_aries,Mammalia,CO3,A>G,28.948564,63.935483870967694,0.45277774167507606
Ovis_aries,Mammalia,Cytb,A>G,112.9468,75.34890965732076,1.4989838673667695
Pachyhynobius_shangchengensis,Amphibia,CO1,A>G,13.48697,233.967741935484,0.057644570522542356
Pachyhynobius_shangchengensis,Amphibia,CO3,A>G,11.522307,104.46428571428572,0.11029900717948717
Pachyhynobius_shangchengensis,Amphibia,Cytb,A>G,41.454505,153.65384615384596,0.2697915219023783
Pan_troglodytes,Mammalia,CO1,A>G,26.749262,102.20253164556964,0.26172797844934353
Pan_troglodytes,Mammalia,CO3,A>G,16.853721,53.91044776119403,0.3126243928571429
Pan_troglodytes,Mammalia,Cytb,A>G,35.971266,56.2134831460674,0.6399045920447733
Papio_anubis,Mammalia,CO1,A>G,24.306656,137.33333333333334,0.176990213592233
Papio_anubis,Mammalia,CO3,A>G,19.617238,56.428571428571416,0.34764725569620264
Papio_anubis,Mammalia,Cytb,A>G,59.140621,55.98,1.0564598249374777
Phoca_groenlandica,Mammalia,CO1,A>G,13.308245,145.0833333333333,0.0917282825962091
Phoca_groenlandica,Mammalia,CO3,A>G,5.96838,61.19999999999997,0.0975225490196079
Phoca_groenlandica,Mammalia,Cytb,A>G,15.904442,57.65217391304349,0.2758689034690799
Phyllopteryx_taeniolatus,Actinopteri,CO1,A>G,1.98983,139.24000000000004,0.014290649238724501
Phyllopteryx_taeniolatus,Actinopteri,CO3,A>G,6.99998,79.45454545454547,0.08810043478260868
Phyllopteryx_taeniolatus,Actinopteri,Cytb,A>G,5.96508,87.87999999999998,0.06787756030951299
Phylloscopus_collybita,Aves,CO1,A>G,8.811414,79.45454545454544,0.11089880320366134
Phylloscopus_collybita,Aves,CO3,A>G,16.931569,39.22727272727273,0.431627483198146
Phylloscopus_collybita,Aves,Cytb,A>G,19.368995,50.21212121212121,0.38574341279420643
Plecotus_macrobullaris,Mammalia,CO1,A>G,9.788729,197.3125,0.0496102831802344
Plecotus_macrobullaris,Mammalia,CO3,A>G,10.739068,84.6111111111111,0.12692266841759686
Plecotus_macrobullaris,Mammalia,Cytb,A>G,15.623527,126.34615384615384,0.12365653028919331
Prionailurus_bengalensis,Mammalia,CO1,A>G,20.840537,179.7222222222222,0.11595971128284392
Prionailurus_bengalensis,Mammalia,CO3,A>G,14.986247,72.2121212121212,0.20753090684011752
Prionailurus_bengalensis,Mammalia,Cytb,A>G,39.014155,68.22000000000004,0.5718873497508059
Procyon_lotor,Mammalia,CO1,A>G,7.972614,156.8461538461538,0.05083079058361943
Procyon_lotor,Mammalia,CO3,A>G,9.680292,60.22222222222221,0.16074285608856093
Procyon_lotor,Mammalia,Cytb,A>G,12.774178,94.4571428571428,0.13523781911675747
Proechimys_guyannensis,Mammalia,CO1,A>G,5.990485,210.1428571428572,0.028506726716519364
Proechimys_guyannensis,Mammalia,CO3,A>G,9.837143,77.0,0.1277551038961039
Proechimys_guyannensis,Mammalia,Cytb,A>G,18.956507,118.56521739130432,0.15988253061972868
Ptychadena_amharensis,Amphibia,CO1,A>G,17.988970000000002,179.68,0.10011670747996439
Ptychadena_amharensis,Amphibia,CO3,A>G,10.99192,82.2777777777778,0.13359524645509788
Ptychadena_amharensis,Amphibia,Cytb,A>G,14.88576,96.74074074074078,0.15387271056661556
Rhinichthys_osculus,Actinopteri,CO1,A>G,15.764956,151.45000000000002,0.10409346979201055
Rhinichthys_osculus,Actinopteri,CO3,A>G,7.870838,75.11111111111111,0.10478926331360947
Rhinichthys_osculus,Actinopteri,Cytb,A>G,42.01271,93.11594202898556,0.45118708015564174
Rusa_unicolor,Mammalia,CO1,A>G,28.03162,179.11111111111106,0.15650408188585613
Rusa_unicolor,Mammalia,CO3,A>G,10.936923,72.03125,0.15183580737527116
Rusa_unicolor,Mammalia,Cytb,A>G,23.795893,82.73684210526316,0.2876093937659033
Salamandrella_keyserlingii,Amphibia,CO1,A>G,6.99698,226.35,0.030912215595316987
Salamandrella_keyserlingii,Amphibia,CO3,A>G,6.90817,102.66666666666666,0.06728737012987014
Salamandrella_keyserlingii,Amphibia,Cytb,A>G,24.847095,134.21739130434793,0.18512574829931958
Salmo_trutta,Actinopteri,CO1,A>G,13.904324,144.42105263157896,0.09627629591836734
Salmo_trutta,Actinopteri,CO3,A>G,4.99967,74.14285714285715,0.06743292870905587
Salmo_trutta,Actinopteri,Cytb,A>G,22.918038,96.58333333333324,0.23728771009490962
Sardinella_longiceps,Actinopteri,CO1,A>G,7.99151,135.52272727272728,0.05896804293141036
Sardinella_longiceps,Actinopteri,CO3,A>G,5.941512,47.49999999999999,0.12508446315789476
Sardinella_longiceps,Actinopteri,Cytb,A>G,18.940861,95.82500000000002,0.19766095486564048
Schismatogobius_ampluvinculus,Actinopteri,CO1,A>G,2.99998,144.9333333333333,0.02069903403863846
Schismatogobius_ampluvinculus,Actinopteri,CO3,A>G,5.986222,67.6875,0.08843910618651893
Schismatogobius_ampluvinculus,Actinopteri,Cytb,A>G,8.956126,115.08333333333331,0.07782296307023896
Setophaga_pensylvanica,Aves,CO1,A>G,7.97608,75.96296296296296,0.10499959044368601
Setophaga_pensylvanica,Aves,CO3,A>G,7.9975,42.2,0.18951421800947865
Setophaga_pensylvanica,Aves,Cytb,A>G,15.96143,41.96153846153847,0.3803823831347387
Sicista_betulina,Mammalia,CO1,A>G,12.408432,175.15151515151518,0.07084398892733562
Sicista_betulina,Mammalia,CO3,A>G,9.75483,82.53125,0.11819559257856872
Sicista_betulina,Mammalia,Cytb,A>G,16.910604,120.23333333333338,0.1406482173551427
Spilogale_gracilis,Mammalia,CO1,A>G,11.761913,176.3043478260869,0.06671368655980273
Spilogale_gracilis,Mammalia,CO3,A>G,10.414935,82.73913043478264,0.12587677614293216
Spilogale_gracilis,Mammalia,Cytb,A>G,19.590094,93.70769230769233,0.2090553455918568
Stenella_attenuata,Mammalia,CO1,A>G,10.967468,172.296875,0.06365448009431396
Stenella_attenuata,Mammalia,CO3,A>G,9.96075,62.39130434782607,0.1596496515679443
Stenella_attenuata,Mammalia,Cytb,A>G,22.425636,82.59016393442622,0.2715291377530767
Stenella_longirostris,Mammalia,CO1,A>G,29.349191,179.1756756756755,0.16380120174975504
Stenella_longirostris,Mammalia,CO3,A>G,29.889848,66.88461538461537,0.44688674410580803
Stenella_longirostris,Mammalia,Cytb,A>G,43.875791,81.50632911392401,0.5383114596987112
Stenocephalemys_albipes,Mammalia,CO1,A>G,10.464766,177.10000000000002,0.059089587803500834
Stenocephalemys_albipes,Mammalia,CO3,A>G,10.787544,81.1,0.13301533908754626
Stenocephalemys_albipes,Mammalia,Cytb,A>G,33.166751,94.02222222222224,0.35275438312455676
Sus_scrofa,Mammalia,CO1,A>G,43.258862,135.00000000000009,0.3204360148148146
Sus_scrofa,Mammalia,CO3,A>G,21.306913,48.2289156626506,0.4417871044216838
Sus_scrofa,Mammalia,Cytb,A>G,76.322811,62.73020527859236,1.2166835842644106
Syncerus_caffer,Mammalia,CO1,A>G,10.986295,140.15789473684208,0.07838513143071725
Syncerus_caffer,Mammalia,CO3,A>G,6.995941,62.10526315789475,0.11264650762711863
Syncerus_caffer,Mammalia,Cytb,A>G,9.96755,62.0,0.16076693548387094
Thymallus_thymallus,Actinopteri,CO1,A>G,4.843821,168.0,0.02883226785714286
Thymallus_thymallus,Actinopteri,CO3,A>G,2.99592,75.8125,0.039517493816982684
Thymallus_thymallus,Actinopteri,Cytb,A>G,7.052574,96.5263157894737,0.07306374372955288
Trachypithecus_phayrei,Mammalia,CO1,A>G,14.217207,177.64,0.08003381558207612
Trachypithecus_phayrei,Mammalia,CO3,A>G,12.723848,84.54545454545453,0.15049712688172046
Trachypithecus_phayrei,Mammalia,Cytb,A>G,28.489664,104.90909090909092,0.27156525476603116
Tursiops_truncatus,Mammalia,CO1,A>G,21.168325,170.87179487179492,0.12388425495198076
Tursiops_truncatus,Mammalia,CO3,A>G,7.98659,69.84615384615384,0.11434545154185023
Tursiops_truncatus,Mammalia,Cytb,A>G,19.859015,81.48484848484848,0.24371420416511713
Urocyon_cinereoargenteus,Mammalia,CO1,A>G,23.96105,157.01960784313724,0.15259909465534469
Urocyon_cinereoargenteus,Mammalia,CO3,A>G,12.99975,64.69444444444447,0.20094074710176033
Urocyon_cinereoargenteus,Mammalia,Cytb,A>G,13.99534,79.28571428571428,0.17651780180180182
Ursus_arctos,Mammalia,CO1,A>G,43.693393,160.33606557377055,0.27251132079137047
Ursus_arctos,Mammalia,CO3,A>G,25.712901,72.54166666666663,0.35445699253302715
Ursus_arctos,Mammalia,Cytb,A>G,75.932911,78.6849315068492,0.9650248090181074
Vireo_olivaceus,Aves,CO1,A>G,13.923936,57.38235294117647,0.24265188313685288
Vireo_olivaceus,Aves,CO3,A>G,10.96653,25.375,0.4321785221674877
Vireo_olivaceus,Aves,Cytb,A>G,17.99721,35.8095238095238,0.5025816622340427
Andrias_davidianus,Amphibia,CO1,C>T,7.430459,38.84375,0.19129097988736926
Andrias_davidianus,Amphibia,CO3,C>T,8.147217,13.125,0.6207403428571429
Andrias_davidianus,Amphibia,Cytb,C>T,12.529006,28.03571428571428,0.4468944815286625
Anguilla_anguilla,Actinopteri,CO1,C>T,11.98727,33.95652173913043,0.3530181946222792
Anguilla_anguilla,Actinopteri,CO3,C>T,10.99942,12.310344827586205,0.8935103081232495
Anguilla_anguilla,Actinopteri,Cytb,C>T,29.722192,23.875,1.2449085654450263
Anguilla_rostrata,Actinopteri,CO1,C>T,6.98979,36.42307692307691,0.19190553326293563
Anguilla_rostrata,Actinopteri,CO3,C>T,1.99999,10.166666666666666,0.19672032786885246
Anguilla_rostrata,Actinopteri,Cytb,C>T,7.870960999999999,20.099999999999994,0.39159009950248763
Balaenoptera_physalus,Mammalia,CO1,C>T,11.99058,24.9074074074074,0.48140618587360606
Balaenoptera_physalus,Mammalia,CO3,C>T,2.99974,7.060606060606056,0.42485587982832645
Balaenoptera_physalus,Mammalia,Cytb,C>T,6.73247,9.896551724137934,0.6802844250871078
Bison_priscus,Mammalia,CO1,C>T,2.891313,26.96428571428571,0.10722750198675497
Bison_priscus,Mammalia,CO3,C>T,3.99822,7.548387096774189,0.5296787179487182
Bison_priscus,Mammalia,Cytb,C>T,4.983953,6.714285714285719,0.742290872340425
Bos_taurus,Mammalia,CO1,C>T,16.0,25.771241830065303,0.6208470707583073
Bos_taurus,Mammalia,CO3,C>T,10.99999,10.919999999999987,1.0073250915750929
Bos_taurus,Mammalia,Cytb,C>T,19.882442,13.825892857142849,1.4380584462382962
Camelus_dromedarius,Mammalia,CO1,C>T,12.769674,60.59259259259259,0.2107464535452323
Camelus_dromedarius,Mammalia,CO3,C>T,6.859958,31.21052631578948,0.21979629342327145
Camelus_dromedarius,Mammalia,Cytb,C>T,10.933031,26.356164383561666,0.41481874376299344
Canis_latrans,Mammalia,CO1,C>T,8.9971,48.37931034482759,0.18596999287241625
Canis_latrans,Mammalia,CO3,C>T,3.99991,14.1875,0.28193198237885464
Canis_latrans,Mammalia,Cytb,C>T,0.99634,15.296296296296292,0.06513602905569009
Canis_lupus,Mammalia,CO1,C>T,74.854748,50.975683890577486,1.4684402893089268
Canis_lupus,Mammalia,CO3,C>T,24.98379,18.818505338078253,1.32761819024206
Canis_lupus,Mammalia,Cytb,C>T,32.735057,18.68309859154924,1.7521214074632543
Capra_hircus,Mammalia,CO1,C>T,5.9399820000000005,24.253968253968235,0.24490763481675415
Capra_hircus,Mammalia,CO3,C>T,4.99998,8.161290322580642,0.6126457707509884
Capra_hircus,Mammalia,Cytb,C>T,13.982617,14.995024875621835,0.9324837481751859
Carassius_auratus,Actinopteri,CO1,C>T,4.752777,32.068965517241374,0.1482048741935484
Carassius_auratus,Actinopteri,CO3,C>T,4.400385,7.555555555555558,0.5824038970588233
Carassius_auratus,Actinopteri,Cytb,C>T,44.712754,19.425,2.3018148777348775
Certhia_americana,Aves,CO1,C>T,2.99934,35.875,0.08360529616724739
Certhia_americana,Aves,CO3,C>T,3.99612,15.090909090909088,0.2648031325301205
Certhia_americana,Aves,Cytb,C>T,2.99941,15.952380952380958,0.18802271641791038
Cervus_elaphus,Mammalia,CO1,C>T,6.913667,26.0,0.2659102692307692
Cervus_elaphus,Mammalia,CO3,C>T,,5.714285714285714,0.0
Cervus_elaphus,Mammalia,Cytb,C>T,56.768651,13.808429118773962,4.111159242785789
Chaenogobius_annularis,Actinopteri,CO1,C>T,9.99985,32.08695652173912,0.31164844173441747
Chaenogobius_annularis,Actinopteri,CO3,C>T,9.803955,14.98412698412697,0.6542893697033905
Chaenogobius_annularis,Actinopteri,Cytb,C>T,30.910921,35.888888888888886,0.8612950123839009
Cinclosoma_clarum,Aves,CO1,C>T,10.90448,27.574468085106368,0.3954556790123459
Cinclosoma_clarum,Aves,CO3,C>T,4.878852,8.085714285714287,0.603391590106007
Cinclosoma_clarum,Aves,Cytb,C>T,11.98167,19.370370370370363,0.6185565774378587
Clupea_harengus,Actinopteri,CO1,C>T,16.98293,65.91304347826093,0.2576565897097623
Clupea_harengus,Actinopteri,CO3,C>T,9.99627,26.875,0.3719542325581396
Clupea_harengus,Actinopteri,Cytb,C>T,68.606696,48.29940119760472,1.4204460986858438
Corvus_splendens,Aves,CO1,C>T,10.99767,27.31746031746028,0.4025875711795473
Corvus_splendens,Aves,CO3,C>T,2.0,12.933333333333344,0.15463917525773183
Corvus_splendens,Aves,Cytb,C>T,5.99823,11.283950617283942,0.5315718052516416
Cricetulus_kamensis,Mammalia,CO1,C>T,9.349105,26.41935483870967,0.3538733272283273
Cricetulus_kamensis,Mammalia,CO3,C>T,5.0,8.39130434782609,0.5958549222797925
Cricetulus_kamensis,Mammalia,Cytb,C>T,7.638268,8.59375,0.88881664
Crocidura_suaveolens,Mammalia,CO1,C>T,10.807114,18.457142857142863,0.5855247523219813
Crocidura_suaveolens,Mammalia,CO3,C>T,3.0,7.466666666666666,0.4017857142857143
Crocidura_suaveolens,Mammalia,Cytb,C>T,17.69484,11.074999999999992,1.59772821670429
Crocuta_crocuta,Mammalia,CO1,C>T,9.121656,52.46666666666666,0.17385621346886915
Crocuta_crocuta,Mammalia,CO3,C>T,9.884105,27.769230769230766,0.3559372991689751
Crocuta_crocuta,Mammalia,Cytb,C>T,6.553159,20.761904761904763,0.3156338050458715
Cyprinus_carpio,Actinopteri,CO1,C>T,8.798446,34.6875,0.2536488936936937
Cyprinus_carpio,Actinopteri,CO3,C>T,6.723205,7.407407407407409,0.9076326749999998
Cyprinus_carpio,Actinopteri,Cytb,C>T,22.155341,13.439024390243892,1.648582542649729
Dicrostonyx_torquatus,Mammalia,CO1,C>T,5.967711,21.23333333333333,0.2810538932496076
Dicrostonyx_torquatus,Mammalia,CO3,C>T,1.966501,5.772727272727272,0.34065371653543314
Dicrostonyx_torquatus,Mammalia,Cytb,C>T,8.945996000000001,13.47826086956522,0.6637351870967741
Equus_caballus,Mammalia,CO1,C>T,28.446829,30.20192307692311,0.9418880025469586
Equus_caballus,Mammalia,CO3,C>T,11.865162,10.127906976744194,1.1715314948335238
Equus_caballus,Mammalia,Cytb,C>T,36.511082,19.937062937062954,1.8313169856190796
Gadus_chalcogrammus,Actinopteri,CO1,C>T,2.316033,36.12121212121212,0.06411836325503356
Gadus_chalcogrammus,Actinopteri,CO3,C>T,3.99997,13.826086956521738,0.2893060062893082
Gadus_chalcogrammus,Actinopteri,Cytb,C>T,10.94364,21.625,0.5060642774566474
Gadus_morhua,Actinopteri,CO1,C>T,16.99515,40.28846153846153,0.4218366587112172
Gadus_morhua,Actinopteri,CO3,C>T,7.0,14.08064516129033,0.49713631156930105
Gadus_morhua,Actinopteri,Cytb,C>T,19.96676,21.50684931506845,0.9283907515923586
Guerlinguetus_brasiliensis,Mammalia,CO1,C>T,8.36486,23.625,0.35406814814814813
Guerlinguetus_brasiliensis,Mammalia,CO3,C>T,13.757791,20.33333333333333,0.6766126721311476
Guerlinguetus_brasiliensis,Mammalia,Cytb,C>T,3.934556,9.705882352941176,0.405378496969697
Helarctos_malayanus,Mammalia,CO1,C>T,1.99999,63.68421052631578,0.03140480165289256
Helarctos_malayanus,Mammalia,CO3,C>T,1.9945,26.5,0.07526415094339622
Helarctos_malayanus,Mammalia,Cytb,C>T,9.965687,26.18181818181818,0.3806338784722223
Hippotragus_equinus,Mammalia,CO1,C>T,13.97405,40.22222222222221,0.3474211325966852
Hippotragus_equinus,Mammalia,CO3,C>T,1.990202,8.538461538461538,0.23308672072072073
Hippotragus_equinus,Mammalia,Cytb,C>T,8.912982,10.568181818181817,0.8433789419354839
Hirundo_rustica,Aves,CO1,C>T,29.224347,30.00000000000001,0.9741448999999998
Hirundo_rustica,Aves,CO3,C>T,13.984731,15.974999999999993,0.875413521126761
Hirundo_rustica,Aves,Cytb,C>T,26.99286,18.28780487804873,1.4760032808749042
Holbrookia_lacerata,Lepidosauria,CO1,C>T,17.927387,29.757575757575754,0.6024478319755602
Holbrookia_lacerata,Lepidosauria,CO3,C>T,5.724972,8.21212121212121,0.6971368118081184
Holbrookia_lacerata,Lepidosauria,Cytb,C>T,22.548765,18.55,1.215566846361186
Homo_sapiens,Mammalia,CO1,C>T,70.83459,27.66332665330663,2.560595509272673
Homo_sapiens,Mammalia,CO3,C>T,81.97161,18.352705410821663,4.4664592039746625
Homo_sapiens,Mammalia,Cytb,C>T,74.827402,14.06412825651308,5.320443658877153
Hoplodactylus_duvaucelii,Lepidosauria,CO1,C>T,4.650073,41.20833333333332,0.11284302527805867
Hoplodactylus_duvaucelii,Lepidosauria,CO3,C>T,4.199153,12.428571428571423,0.3378628850574714
Hoplodactylus_duvaucelii,Lepidosauria,Cytb,C>T,5.469923,16.600000000000005,0.32951343373493963
Hylomyscus_walterverheyeni,Mammalia,CO1,C>T,,10.083333333333332,0.0
Hylomyscus_walterverheyeni,Mammalia,CO3,C>T,0.99896,7.199999999999999,0.13874444444444445
Hylomyscus_walterverheyeni,Mammalia,Cytb,C>T,15.899563,9.779220779220775,1.6258517277556448
Lasiopodomys_anglicus,Mammalia,CO1,C>T,21.92204,44.92647058823529,0.48795375450081835
Lasiopodomys_anglicus,Mammalia,CO3,C>T,16.799064,15.169491525423728,1.107424330726257
Lasiopodomys_anglicus,Mammalia,Cytb,C>T,22.515796,12.35064935064934,1.823045522607783
Lasiopodomys_gregalis,Mammalia,CO1,C>T,16.882341,46.65,0.36189369774919616
Lasiopodomys_gregalis,Mammalia,CO3,C>T,4.958941,13.970588235294125,0.3549557768421051
Lasiopodomys_gregalis,Mammalia,Cytb,C>T,15.915041,14.541666666666664,1.0944440802292266
Leiothlypis_ruficapilla,Aves,CO1,C>T,5.984046,16.34615384615384,0.3660828141176472
Leiothlypis_ruficapilla,Aves,CO3,C>T,3.99338,6.7142857142857135,0.5947587234042554
Leiothlypis_ruficapilla,Aves,Cytb,C>T,6.782964,8.296296296296294,0.8175894107142859
Lentipes_armatus,Actinopteri,CO1,C>T,4.9876,45.78947368421052,0.10892459770114943
Lentipes_armatus,Actinopteri,CO3,C>T,1.78883,14.66666666666667,0.12196568181818179
Lentipes_armatus,Actinopteri,Cytb,C>T,10.603782,25.13636363636364,0.42185027848101264
Lentipes_palawanirufus,Actinopteri,CO1,C>T,4.989202,48.83333333333333,0.10216795904436861
Lentipes_palawanirufus,Actinopteri,CO3,C>T,4.89145,14.83333333333333,0.3297606741573034
Lentipes_palawanirufus,Actinopteri,Cytb,C>T,13.825618,26.142857142857142,0.5288487759562842
Macaca_fascicularis,Mammalia,CO1,C>T,66.999266,35.177570093457945,1.9046018761955368
Macaca_fascicularis,Mammalia,CO3,C>T,30.341516,12.52808988764045,2.421878855605381
Macaca_fascicularis,Mammalia,Cytb,C>T,45.402611,15.23076923076924,2.980979510101008
Macaca_mulatta,Mammalia,CO1,C>T,14.644759,33.241379310344826,0.4405581026970955
Macaca_mulatta,Mammalia,CO3,C>T,6.654667,11.914893617021278,0.558516694642857
Macaca_mulatta,Mammalia,Cytb,C>T,9.9008,16.82456140350877,0.58847299270073
Mammuthus_primigenius,Mammalia,CO1,C>T,4.9945,28.287878787878785,0.17655972147830748
Mammuthus_primigenius,Mammalia,CO3,C>T,3.971481,10.16176470588236,0.3908259160636755
Mammuthus_primigenius,Mammalia,Cytb,C>T,7.946853,11.285714285714286,0.7041515316455695
Martes_zibellina,Mammalia,CO1,C>T,14.93696,53.11627906976744,0.281212469352014
Martes_zibellina,Mammalia,CO3,C>T,6.97618,18.8,0.37107340425531915
Martes_zibellina,Mammalia,Cytb,C>T,18.99902,29.34426229508196,0.6474526368715086
Menidia_menidia,Actinopteri,CO1,C>T,14.99108,75.13636363636363,0.19951830611010288
Menidia_menidia,Actinopteri,CO3,C>T,7.99804,26.29166666666667,0.30420437400950867
Menidia_menidia,Actinopteri,Cytb,C>T,21.946912,42.77464788732395,0.5130822364175173
Mesoplodon_grayi,Mammalia,CO1,C>T,3.99517,14.78947368421052,0.2701360498220642
Mesoplodon_grayi,Mammalia,CO3,C>T,3.98422,7.23529411764706,0.5506645528455284
Mesoplodon_grayi,Mammalia,Cytb,C>T,4.983932,11.045454545454543,0.451220181069959
Microtus_richardsoni,Mammalia,CO1,C>T,8.53137,30.78947368421052,0.27708723076923086
Microtus_richardsoni,Mammalia,CO3,C>T,5.876291,13.294117647058822,0.442021889380531
Microtus_richardsoni,Mammalia,Cytb,C>T,8.841274,12.1,0.7306838016528926
Misgurnus_anguillicaudatus,Actinopteri,CO1,C>T,9.988817,44.30769230769231,0.2254420503472222
Misgurnus_anguillicaudatus,Actinopteri,CO3,C>T,4.610736,19.347826086956523,0.2383077033707865
Misgurnus_anguillicaudatus,Actinopteri,Cytb,C>T,40.657351,25.384615384615387,1.601653221212121
Mus_musculus,Mammalia,CO1,C>T,13.148301,17.247787610619486,0.7623181185223183
Mus_musculus,Mammalia,CO3,C>T,8.974541,5.902439024390241,1.5204800867768602
Mus_musculus,Mammalia,Cytb,C>T,38.122861,11.057575757575766,3.4476689860235656
Myodes_glareolus,Mammalia,CO1,C>T,34.881685,19.053763440860227,1.8306979147855518
Myodes_glareolus,Mammalia,CO3,C>T,17.971133000000002,6.7837837837837816,2.649131159362551
Myodes_glareolus,Mammalia,Cytb,C>T,50.608023,9.763052208835347,5.18362720156314
Ochotona_cansus,Mammalia,CO1,C>T,7.761219,23.94117647058824,0.3241786805896805
Ochotona_cansus,Mammalia,CO3,C>T,4.691739,7.000000000000002,0.6702484285714284
Ochotona_cansus,Mammalia,Cytb,C>T,20.229045,8.782608695652169,2.3033071039603974
Ochotona_thibetana,Mammalia,CO1,C>T,8.043631,24.804878048780488,0.32427617600786623
Ochotona_thibetana,Mammalia,CO3,C>T,5.723732,8.322580645161285,0.6877352403100779
Ochotona_thibetana,Mammalia,Cytb,C>T,16.983521,13.357142857142854,1.2714935508021392
Odocoileus_virginianus,Mammalia,CO1,C>T,2.708883,21.0,0.12899442857142857
Odocoileus_virginianus,Mammalia,CO3,C>T,1.931776,9.615384615384617,0.20090470399999996
Odocoileus_virginianus,Mammalia,Cytb,C>T,17.72588,10.970149253731334,1.615828517006804
Oncorhynchus_clarkii,Actinopteri,CO1,C>T,2.883894,44.5,0.06480660674157304
Oncorhynchus_clarkii,Actinopteri,CO3,C>T,8.332025,16.099999999999998,0.5175170807453416
Oncorhynchus_clarkii,Actinopteri,Cytb,C>T,8.318999,21.76923076923077,0.38214483038869257
Ovis_ammon,Mammalia,CO1,C>T,6.970278,24.72222222222222,0.28194382921348315
Ovis_ammon,Mammalia,CO3,C>T,1.959111,11.875,0.16497776842105263
Ovis_ammon,Mammalia,Cytb,C>T,12.490472,9.09375,1.3735226941580756
Ovis_aries,Mammalia,CO1,C>T,27.99568,25.129629629629623,1.1140506411201183
Ovis_aries,Mammalia,CO3,C>T,16.99026,13.42741935483873,1.2653406846846829
Ovis_aries,Mammalia,Cytb,C>T,27.95251,12.57632398753898,2.2226296036660815
Pachyhynobius_shangchengensis,Amphibia,CO1,C>T,12.908044,30.35483870967741,0.4252384314558981
Pachyhynobius_shangchengensis,Amphibia,CO3,C>T,4.922938,8.607142857142856,0.5719596016597511
Pachyhynobius_shangchengensis,Amphibia,Cytb,C>T,9.469221,13.355769230769226,0.7089985485961124
Pan_troglodytes,Mammalia,CO1,C>T,19.869595,30.17721518987341,0.6584303712248324
Pan_troglodytes,Mammalia,CO3,C>T,10.93947,13.552238805970148,0.8072075881057269
Pan_troglodytes,Mammalia,Cytb,C>T,16.691954,14.561797752808978,1.1462838780864206
Papio_anubis,Mammalia,CO1,C>T,15.273684,43.52380952380952,0.35092709409190376
Papio_anubis,Mammalia,CO3,C>T,10.247486,13.52380952380952,0.7577366408450706
Papio_anubis,Mammalia,Cytb,C>T,12.016121,16.360000000000007,0.7344817237163811
Phoca_groenlandica,Mammalia,CO1,C>T,4.98717,37.61111111111113,0.13259831610044306
Phoca_groenlandica,Mammalia,CO3,C>T,3.0,14.4,0.20833333333333331
Phoca_groenlandica,Mammalia,Cytb,C>T,9.982388,17.978260869565226,0.5552477001209187
Phyllopteryx_taeniolatus,Actinopteri,CO1,C>T,6.99749,59.24,0.11812103308575286
Phyllopteryx_taeniolatus,Actinopteri,CO3,C>T,,19.13636363636363,0.0
Phyllopteryx_taeniolatus,Actinopteri,Cytb,C>T,8.776095,22.280000000000005,0.39390013464991014
Phylloscopus_collybita,Aves,CO1,C>T,8.554753,23.393939393939384,0.36568244689119184
Phylloscopus_collybita,Aves,CO3,C>T,3.734498,5.8181818181818175,0.64186684375
Phylloscopus_collybita,Aves,Cytb,C>T,5.992,9.757575757575756,0.6140869565217393
Plecotus_macrobullaris,Mammalia,CO1,C>T,3.835339,46.875,0.08182056533333333
Plecotus_macrobullaris,Mammalia,CO3,C>T,1.99878,16.722222222222225,0.11952837209302324
Plecotus_macrobullaris,Mammalia,Cytb,C>T,8.812294,15.34615384615384,0.5742346967418549
Prionailurus_bengalensis,Mammalia,CO1,C>T,14.411326,42.69444444444444,0.3375456968119714
Prionailurus_bengalensis,Mammalia,CO3,C>T,3.0,10.181818181818182,0.29464285714285715
Prionailurus_bengalensis,Mammalia,Cytb,C>T,14.99684,12.399999999999997,1.2094225806451617
Procyon_lotor,Mammalia,CO1,C>T,8.956944,51.384615384615394,0.1743117844311377
Procyon_lotor,Mammalia,CO3,C>T,1.99696,13.88888888888889,0.14378112
Procyon_lotor,Mammalia,Cytb,C>T,5.983343,13.800000000000008,0.43357557971014465
Proechimys_guyannensis,Mammalia,CO1,C>T,5.111754,18.071428571428573,0.2828638577075099
Proechimys_guyannensis,Mammalia,CO3,C>T,2.639061,6.357142857142856,0.415133191011236
Proechimys_guyannensis,Mammalia,Cytb,C>T,6.302770000000001,9.82608695652174,0.6414323451327434
Ptychadena_amharensis,Amphibia,CO1,C>T,2.99497,68.87999999999998,0.04348098141695704
Ptychadena_amharensis,Amphibia,CO3,C>T,4.99999,26.38888888888889,0.1894733052631579
Ptychadena_amharensis,Amphibia,Cytb,C>T,6.971542,38.77777777777776,0.17978188538681958
Rhinichthys_osculus,Actinopteri,CO1,C>T,13.249304,53.95,0.24558487488415198
Rhinichthys_osculus,Actinopteri,CO3,C>T,5.026872,29.38888888888889,0.1710466843100189
Rhinichthys_osculus,Actinopteri,Cytb,C>T,61.431116,47.97826086956528,1.280394805618485
Rusa_unicolor,Mammalia,CO1,C>T,10.960296,24.740740740740748,0.44300597604790404
Rusa_unicolor,Mammalia,CO3,C>T,9.98535,7.15625,1.395332751091703
Rusa_unicolor,Mammalia,Cytb,C>T,10.930403,13.394736842105267,0.8160222278978386
Salamandrella_keyserlingii,Amphibia,CO1,C>T,5.968641,36.55,0.16330071135430918
Salamandrella_keyserlingii,Amphibia,CO3,C>T,2.99228,12.9047619047619,0.2318740959409595
Salamandrella_keyserlingii,Amphibia,Cytb,C>T,4.99684,14.23913043478261,0.35092311450381675
Salmo_trutta,Actinopteri,CO1,C>T,11.412294,36.94736842105264,0.30887975213675206
Salmo_trutta,Actinopteri,CO3,C>T,5.96251,15.57142857142857,0.38291348623853216
Salmo_trutta,Actinopteri,Cytb,C>T,33.691952,18.27380952380951,1.8437289693811088
Sardinella_longiceps,Actinopteri,CO1,C>T,13.992051,58.90909090909094,0.23751938425925911
Sardinella_longiceps,Actinopteri,CO3,C>T,4.99841,26.807692307692307,0.18645431850789096
Sardinella_longiceps,Actinopteri,Cytb,C>T,17.696687,42.54999999999999,0.4159033372502939
Schismatogobius_ampluvinculus,Actinopteri,CO1,C>T,10.99367,50.86666666666667,0.21612719528178242
Schismatogobius_ampluvinculus,Actinopteri,CO3,C>T,4.993072,25.25,0.19774542574257425
Schismatogobius_ampluvinculus,Actinopteri,Cytb,C>T,13.954469,39.95833333333333,0.34922550156412935
Setophaga_pensylvanica,Aves,CO1,C>T,4.99673,24.8888888888889,0.20076147321428564
Setophaga_pensylvanica,Aves,CO3,C>T,4.9951,10.36,0.48215250965250966
Setophaga_pensylvanica,Aves,Cytb,C>T,6.99733,9.730769230769235,0.7190932015810273
Sicista_betulina,Mammalia,CO1,C>T,2.1239280000000003,29.909090909090896,0.07101279027355627
Sicista_betulina,Mammalia,CO3,C>T,4.927413,8.75,0.5631329142857142
Sicista_betulina,Mammalia,Cytb,C>T,2.99316,10.8,0.2771444444444444
Spilogale_gracilis,Mammalia,CO1,C>T,4.6807360000000005,29.39130434782609,0.15925581065088756
Spilogale_gracilis,Mammalia,CO3,C>T,4.85344,10.000000000000004,0.48534399999999983
Spilogale_gracilis,Mammalia,Cytb,C>T,4.99521,17.15384615384615,0.29120058295964135
Stenella_attenuata,Mammalia,CO1,C>T,6.0,20.8125,0.2882882882882883
Stenella_attenuata,Mammalia,CO3,C>T,2.0,2.630434782608696,0.7603305785123966
Stenella_attenuata,Mammalia,Cytb,C>T,4.971437,6.688524590163938,0.7432785710784309
Stenella_longirostris,Mammalia,CO1,C>T,23.247269,24.56756756756757,0.9462584741474147
Stenella_longirostris,Mammalia,CO3,C>T,2.99954,6.230769230769226,0.48140765432098803
Stenella_longirostris,Mammalia,Cytb,C>T,7.98203,6.848101265822779,1.1655829390018495
Stenocephalemys_albipes,Mammalia,CO1,C>T,3.982329,11.7,0.34037
Stenocephalemys_albipes,Mammalia,CO3,C>T,0.99973,3.7,0.2701972972972973
Stenocephalemys_albipes,Mammalia,Cytb,C>T,8.650584,6.488888888888892,1.333137945205479
Sus_scrofa,Mammalia,CO1,C>T,18.75562,30.740157480314977,0.6101341547131145
Sus_scrofa,Mammalia,CO3,C>T,5.0,11.24096385542168,0.44480171489817816
Sus_scrofa,Mammalia,Cytb,C>T,45.620832,13.175953079178932,3.4624312735366005
Syncerus_caffer,Mammalia,CO1,C>T,6.99878,34.36842105263158,0.20363984686064315
Syncerus_caffer,Mammalia,CO3,C>T,3.99879,14.684210526315788,0.27231903225806453
Syncerus_caffer,Mammalia,Cytb,C>T,4.996971,16.086956521739133,0.3106225216216216
Thymallus_thymallus,Actinopteri,CO1,C>T,5.983896,57.8125,0.1035052281081081
Thymallus_thymallus,Actinopteri,CO3,C>T,2.857267,15.875,0.17998532283464566
Thymallus_thymallus,Actinopteri,Cytb,C>T,8.812172,23.842105263157897,0.3696054481236203
Trachypithecus_phayrei,Mammalia,CO1,C>T,9.884424,26.12,0.3784235834609494
Trachypithecus_phayrei,Mammalia,CO3,C>T,3.99553,6.136363636363636,0.6511234074074075
Trachypithecus_phayrei,Mammalia,Cytb,C>T,7.270149,12.363636363636363,0.5880267573529412
Tursiops_truncatus,Mammalia,CO1,C>T,2.0,23.10256410256412,0.0865704772475027
Tursiops_truncatus,Mammalia,CO3,C>T,1.957025,4.884615384615386,0.4006507874015747
Tursiops_truncatus,Mammalia,Cytb,C>T,3.99841,7.787878787878784,0.5134145136186773
Urocyon_cinereoargenteus,Mammalia,CO1,C>T,26.97663,75.68627450980394,0.35642697668393775
Urocyon_cinereoargenteus,Mammalia,CO3,C>T,5.0,26.47222222222221,0.18887722980062968
Urocyon_cinereoargenteus,Mammalia,Cytb,C>T,8.9961,31.17857142857144,0.28853470790377994
Ursus_arctos,Mammalia,CO1,C>T,16.951273,68.29508196721304,0.24820634973595804
Ursus_arctos,Mammalia,CO3,C>T,20.851111,21.777777777777786,0.9574489744897956
Ursus_arctos,Mammalia,Cytb,C>T,28.740341,25.33561643835611,1.134384911057045
Vireo_olivaceus,Aves,CO1,C>T,8.99726,22.58823529411764,0.3983161979166668
Vireo_olivaceus,Aves,CO3,C>T,2.0,14.5,0.13793103448275862
Vireo_olivaceus,Aves,Cytb,C>T,7.967651,6.833333333333337,1.1659977073170726
Andrias_davidianus,Amphibia,CO1,G>A,4.568011,103.46875,0.044148701902748416
Andrias_davidianus,Amphibia,CO3,G>A,10.015512,62.8125,0.15945093731343282
Andrias_davidianus,Amphibia,Cytb,G>A,21.861972,111.5714285714286,0.1959459718309859
Anguilla_anguilla,Actinopteri,CO1,G>A,21.94991,176.804347826087,0.12414802164023113
Anguilla_anguilla,Actinopteri,CO3,G>A,11.93598,97.0689655172414,0.12296391474245114
Anguilla_anguilla,Actinopteri,Cytb,G>A,26.871255,155.1875,0.17315347563431335
Anguilla_rostrata,Actinopteri,CO1,G>A,5.99522,176.4615384615385,0.03397465562336529
Anguilla_rostrata,Actinopteri,CO3,G>A,5.964933,94.83333333333331,0.06289911775043938
Anguilla_rostrata,Actinopteri,Cytb,G>A,7.99987,150.20000000000002,0.05326145139813581
Balaenoptera_physalus,Mammalia,CO1,G>A,17.92413,202.537037037037,0.088498036024504
Balaenoptera_physalus,Mammalia,CO3,G>A,14.56103,113.84848484848484,0.1278983204684589
Balaenoptera_physalus,Mammalia,Cytb,G>A,28.50829,195.7413793103448,0.14564263366511057
Bison_priscus,Mammalia,CO1,G>A,9.98486,191.75,0.05207228161668839
Bison_priscus,Mammalia,CO3,G>A,5.99877,114.77419354838705,0.05226584317032043
Bison_priscus,Mammalia,Cytb,G>A,11.343714,165.452380952381,0.06856180572744278
Bos_taurus,Mammalia,CO1,G>A,52.984842,184.45751633986927,0.28724685798313376
Bos_taurus,Mammalia,CO3,G>A,24.93973,110.90400000000014,0.2248767402438142
Bos_taurus,Mammalia,Cytb,G>A,69.911446,180.72767857142856,0.3868330880616555
Camelus_dromedarius,Mammalia,CO1,G>A,17.573751,182.8148148148148,0.09612870279578607
Camelus_dromedarius,Mammalia,CO3,G>A,5.9396640000000005,114.0,0.05210231578947369
Camelus_dromedarius,Mammalia,Cytb,G>A,15.406889,156.73972602739715,0.0982960056808251
Canis_latrans,Mammalia,CO1,G>A,8.894383,137.72413793103448,0.06458114847270906
Canis_latrans,Mammalia,CO3,G>A,8.100521,80.1875,0.10101974746687452
Canis_latrans,Mammalia,Cytb,G>A,8.690478,169.88888888888889,0.051153892740353174
Canis_lupus,Mammalia,CO1,G>A,83.413979,140.86930091185388,0.5921373816726372
Canis_lupus,Mammalia,CO3,G>A,30.98466,92.67971530249092,0.33431975809238634
Canis_lupus,Mammalia,Cytb,G>A,81.634878,159.8896713615024,0.5105700531176133
Capra_hircus,Mammalia,CO1,G>A,27.207333,184.4603174603174,0.14749694337836677
Capra_hircus,Mammalia,CO3,G>A,20.791825,103.90322580645152,0.20010759857187227
Capra_hircus,Mammalia,Cytb,G>A,58.874089,160.5572139303482,0.3666860401896382
Carassius_auratus,Actinopteri,CO1,G>A,7.568682,172.6896551724138,0.0438282304313099
Carassius_auratus,Actinopteri,CO3,G>A,5.469378,99.27777777777776,0.055091664241745955
Carassius_auratus,Actinopteri,Cytb,G>A,72.086677,157.97500000000008,0.45631699319512553
Certhia_americana,Aves,CO1,G>A,13.97588,248.5,0.05624096579476861
Certhia_americana,Aves,CO3,G>A,4.99991,137.9545454545454,0.03624316968698518
Certhia_americana,Aves,Cytb,G>A,11.97538,198.4285714285714,0.060351087113030964
Cervus_elaphus,Mammalia,CO1,G>A,12.94736,149.52,0.08659283039058319
Cervus_elaphus,Mammalia,CO3,G>A,9.26581,104.6190476190476,0.0885671415566682
Cervus_elaphus,Mammalia,Cytb,G>A,102.859961,149.51724137931026,0.6879471561346867
Chaenogobius_annularis,Actinopteri,CO1,G>A,15.99965,112.18840579710148,0.14261411316367392
Chaenogobius_annularis,Actinopteri,CO3,G>A,7.0,70.61904761904766,0.09912339851652051
Chaenogobius_annularis,Actinopteri,Cytb,G>A,15.96279,127.1851851851852,0.12550824985439718
Cinclosoma_clarum,Aves,CO1,G>A,24.935864,234.80851063829783,0.10619659369336718
Cinclosoma_clarum,Aves,CO3,G>A,14.779652,123.4,0.1197702755267423
Cinclosoma_clarum,Aves,Cytb,G>A,23.674887,206.0555555555556,0.11489565004044214
Clupea_harengus,Actinopteri,CO1,G>A,21.98819,187.3478260869564,0.11736559990717112
Clupea_harengus,Actinopteri,CO3,G>A,6.99996,114.5208333333333,0.06112390030925961
Clupea_harengus,Actinopteri,Cytb,G>A,25.94424,148.60479041916156,0.17458548897932882
Corvus_splendens,Aves,CO1,G>A,15.99947,228.15873015873007,0.07012429455962157
Corvus_splendens,Aves,CO3,G>A,13.95832,126.46666666666664,0.11037153400105432
Corvus_splendens,Aves,Cytb,G>A,25.98506,207.7283950617284,0.1250915167003447
Cricetulus_kamensis,Mammalia,CO1,G>A,20.090655,189.87096774193543,0.10581214831804285
Cricetulus_kamensis,Mammalia,CO3,G>A,12.99822,105.30434782608694,0.12343478943022297
Cricetulus_kamensis,Mammalia,Cytb,G>A,14.526835,164.9375,0.08807478590375142
Crocidura_suaveolens,Mammalia,CO1,G>A,21.816851,103.88571428571429,0.21000819169416943
Crocidura_suaveolens,Mammalia,CO3,G>A,7.99999,62.76666666666666,0.1274560276155072
Crocidura_suaveolens,Mammalia,Cytb,G>A,58.767099,123.65833333333327,0.4752376763932882
Crocuta_crocuta,Mammalia,CO1,G>A,14.854196,185.8666666666667,0.07991855810616928
Crocuta_crocuta,Mammalia,CO3,G>A,3.888486,114.92307692307692,0.03383555421686747
Crocuta_crocuta,Mammalia,Cytb,G>A,7.031471,190.2380952380952,0.03696142453066333
Cyprinus_carpio,Actinopteri,CO1,G>A,6.5199,183.6875,0.03549452194624022
Cyprinus_carpio,Actinopteri,CO3,G>A,11.283743,99.40740740740743,0.11351008233979132
Cyprinus_carpio,Actinopteri,Cytb,G>A,17.531662,182.8414634146341,0.09588449836590413
Dicrostonyx_torquatus,Mammalia,CO1,G>A,11.98477,182.89999999999995,0.06552635319846913
Dicrostonyx_torquatus,Mammalia,CO3,G>A,7.948042,115.2272727272727,0.06897709033530573
Dicrostonyx_torquatus,Mammalia,Cytb,G>A,15.961052,175.30434782608688,0.0910476676587302
Equus_caballus,Mammalia,CO1,G>A,32.504322,203.5576923076921,0.1596811283892302
Equus_caballus,Mammalia,CO3,G>A,25.956781,123.6976744186046,0.20984049313780792
Equus_caballus,Mammalia,Cytb,G>A,108.559552,199.02097902097856,0.5454678825017582
Gadus_chalcogrammus,Actinopteri,CO1,G>A,13.861232,153.45454545454547,0.0903279336492891
Gadus_chalcogrammus,Actinopteri,CO3,G>A,5.99887,89.0869565217391,0.06733724255734508
Gadus_chalcogrammus,Actinopteri,Cytb,G>A,10.99924,124.30000000000004,0.08848946098149635
Gadus_morhua,Actinopteri,CO1,G>A,38.98099,152.14423076923066,0.25621076660557435
Gadus_morhua,Actinopteri,CO3,G>A,15.97754,83.20967741935485,0.19201540608645085
Gadus_morhua,Actinopteri,Cytb,G>A,36.98089,130.78082191780848,0.28276997695611134
Guerlinguetus_brasiliensis,Mammalia,CO1,G>A,7.840259,118.75,0.06602323368421052
Guerlinguetus_brasiliensis,Mammalia,CO3,G>A,16.227745,79.8,0.20335520050125314
Guerlinguetus_brasiliensis,Mammalia,Cytb,G>A,17.751537,137.23529411764704,0.12935110544363482
Helarctos_malayanus,Mammalia,CO1,G>A,12.820333,157.0526315789474,0.08163080663538873
Helarctos_malayanus,Mammalia,CO3,G>A,2.0,90.875,0.02200825309491059
Helarctos_malayanus,Mammalia,Cytb,G>A,5.9885980000000005,182.0,0.03290438461538462
Hippotragus_equinus,Mammalia,CO1,G>A,20.959641,190.46666666666667,0.11004361743087154
Hippotragus_equinus,Mammalia,CO3,G>A,11.973621,114.57692307692308,0.1045029023162135
Hippotragus_equinus,Mammalia,Cytb,G>A,30.478958,180.50000000000003,0.1688584930747922
Hirundo_rustica,Aves,CO1,G>A,38.744986,254.49635036496343,0.1522418138587736
Hirundo_rustica,Aves,CO3,G>A,15.9999,132.10000000000008,0.12111960635881901
Hirundo_rustica,Aves,Cytb,G>A,66.342412,210.0634146341465,0.315820877783712
Holbrookia_lacerata,Lepidosauria,CO1,G>A,17.270046999999998,134.5757575757576,0.1283295543796442
Holbrookia_lacerata,Lepidosauria,CO3,G>A,14.40087,89.15151515151516,0.1615325322909585
Holbrookia_lacerata,Lepidosauria,Cytb,G>A,27.425068,133.47499999999997,0.2054696984454018
Homo_sapiens,Mammalia,CO1,G>A,131.667949,251.9599198396813,0.5225749757492324
Homo_sapiens,Mammalia,CO3,G>A,100.97048,124.39078156312634,0.8117199581124834
Homo_sapiens,Mammalia,Cytb,G>A,142.92673,207.88777555110065,0.6875186846417881
Hoplodactylus_duvaucelii,Lepidosauria,CO1,G>A,12.235918,208.3333333333333,0.05873240640000001
Hoplodactylus_duvaucelii,Lepidosauria,CO3,G>A,11.921432,109.52380952380952,0.10884785739130434
Hoplodactylus_duvaucelii,Lepidosauria,Cytb,G>A,14.041328,175.84,0.07985286624203822
Hylomyscus_walterverheyeni,Mammalia,CO1,G>A,9.330008,138.16666666666666,0.0675271990349819
Hylomyscus_walterverheyeni,Mammalia,CO3,G>A,7.546164,80.50000000000001,0.09374116770186335
Hylomyscus_walterverheyeni,Mammalia,Cytb,G>A,33.759779,124.89610389610392,0.27030289934491003
Lasiopodomys_anglicus,Mammalia,CO1,G>A,21.410966,178.6764705882353,0.11983092082304525
Lasiopodomys_anglicus,Mammalia,CO3,G>A,17.822377,110.81355932203384,0.1608320959008872
Lasiopodomys_anglicus,Mammalia,Cytb,G>A,38.830987,179.37662337662343,0.21647741087460173
Lasiopodomys_gregalis,Mammalia,CO1,G>A,20.458457,180.9,0.11309263128800441
Lasiopodomys_gregalis,Mammalia,CO3,G>A,7.977856,110.41176470588236,0.0722554885455514
Lasiopodomys_gregalis,Mammalia,Cytb,G>A,18.158384,179.14583333333337,0.10136090615187811
Leiothlypis_ruficapilla,Aves,CO1,G>A,15.972131,255.7692307692308,0.0624474294736842
Leiothlypis_ruficapilla,Aves,CO3,G>A,9.948784,131.5714285714286,0.07561507926167207
Leiothlypis_ruficapilla,Aves,Cytb,G>A,11.699626,215.14814814814807,0.054379394388018615
Lentipes_armatus,Actinopteri,CO1,G>A,12.92215,179.36842105263162,0.07204250293427229
Lentipes_armatus,Actinopteri,CO3,G>A,7.9526,103.55555555555556,0.07679549356223177
Lentipes_armatus,Actinopteri,Cytb,G>A,10.977044,170.09090909090912,0.06453633564938534
Lentipes_palawanirufus,Actinopteri,CO1,G>A,8.070578,180.5,0.04471234349030471
Lentipes_palawanirufus,Actinopteri,CO3,G>A,0.99148,104.41666666666669,0.009495418994413406
Lentipes_palawanirufus,Actinopteri,Cytb,G>A,2.957662,171.14285714285714,0.017281831385642737
Macaca_fascicularis,Mammalia,CO1,G>A,63.217456,222.6635514018692,0.28391470270724023
Macaca_fascicularis,Mammalia,CO3,G>A,51.542056,128.41573033707877,0.4013687097733831
Macaca_fascicularis,Mammalia,Cytb,G>A,52.32792,203.66346153846163,0.25693327416080436
Macaca_mulatta,Mammalia,CO1,G>A,26.155544,227.3793103448276,0.11503044828632089
Macaca_mulatta,Mammalia,CO3,G>A,26.914312,132.7659574468086,0.20271997820512805
Macaca_mulatta,Mammalia,Cytb,G>A,19.823042,205.78947368421035,0.09632680255754485
Mammuthus_primigenius,Mammalia,CO1,G>A,31.961892,143.92424242424252,0.22207441541214848
Mammuthus_primigenius,Mammalia,CO3,G>A,13.983939,81.94117647058818,0.17065826489590824
Mammuthus_primigenius,Mammalia,Cytb,G>A,36.836979,165.09183673469394,0.22313022696087512
Martes_zibellina,Mammalia,CO1,G>A,13.97434,189.0697674418605,0.07391102337023368
Martes_zibellina,Mammalia,CO3,G>A,5.93502,117.80000000000004,0.050382173174872646
Martes_zibellina,Mammalia,Cytb,G>A,13.95917,193.8196721311476,0.07202143026304658
Menidia_menidia,Actinopteri,CO1,G>A,26.984021,220.1969696969697,0.12254492437899951
Menidia_menidia,Actinopteri,CO3,G>A,16.99236,124.27083333333331,0.13673650963956416
Menidia_menidia,Actinopteri,Cytb,G>A,9.0,170.60563380281693,0.05275324032031701
Mesoplodon_grayi,Mammalia,CO1,G>A,12.975705,153.57894736842107,0.08448882625085674
Mesoplodon_grayi,Mammalia,CO3,G>A,12.95456,82.94117647058823,0.1561897304964539
Mesoplodon_grayi,Mammalia,Cytb,G>A,24.721104,163.9090909090909,0.15082204326123128
Microtus_richardsoni,Mammalia,CO1,G>A,15.511973,181.2105263157896,0.08560194220156835
Microtus_richardsoni,Mammalia,CO3,G>A,5.580095,107.64705882352942,0.05183694808743169
Microtus_richardsoni,Mammalia,Cytb,G>A,19.788687,170.6,0.11599464830011723
Misgurnus_anguillicaudatus,Actinopteri,CO1,G>A,19.547735,160.4230769230769,0.12185114121313835
Misgurnus_anguillicaudatus,Actinopteri,CO3,G>A,14.177767,95.73913043478262,0.14808748455949133
Misgurnus_anguillicaudatus,Actinopteri,Cytb,G>A,61.813611,133.18881118881112,0.46410513351884936
Mus_musculus,Mammalia,CO1,G>A,44.199548,152.9999999999999,0.2888859346405231
Mus_musculus,Mammalia,CO3,G>A,39.373114,83.07317073170732,0.473957038755138
Mus_musculus,Mammalia,Cytb,G>A,76.591367,151.7303030303029,0.5047862257594221
Myodes_glareolus,Mammalia,CO1,G>A,42.624244,201.8172043010753,0.211202231978262
Myodes_glareolus,Mammalia,CO3,G>A,25.954278,114.05405405405408,0.22756120521327008
Myodes_glareolus,Mammalia,Cytb,G>A,86.033141,175.07630522088408,0.49140368190576533
Ochotona_cansus,Mammalia,CO1,G>A,16.117493,214.0,0.07531538785046729
Ochotona_cansus,Mammalia,CO3,G>A,12.809327,119.61538461538464,0.10708762122186492
Ochotona_cansus,Mammalia,Cytb,G>A,40.906287,214.01449275362305,0.19113792936954033
Ochotona_thibetana,Mammalia,CO1,G>A,25.34751,214.4146341463415,0.11821725742236375
Ochotona_thibetana,Mammalia,CO3,G>A,23.103206,118.6451612903226,0.19472522729744424
Ochotona_thibetana,Mammalia,Cytb,G>A,57.248588,199.57142857142856,0.2868576349319972
Odocoileus_virginianus,Mammalia,CO1,G>A,11.657776,125.0,0.093262208
Odocoileus_virginianus,Mammalia,CO3,G>A,9.235395,91.23076923076924,0.10123114249578415
Odocoileus_virginianus,Mammalia,Cytb,G>A,37.257403,153.77611940298507,0.24228341269533143
Oncorhynchus_clarkii,Actinopteri,CO1,G>A,7.892507,188.9,0.04178140285865537
Oncorhynchus_clarkii,Actinopteri,CO3,G>A,6.76049,106.1,0.06371809613572102
Oncorhynchus_clarkii,Actinopteri,Cytb,G>A,7.674527,166.0,0.046232090361445786
Ovis_ammon,Mammalia,CO1,G>A,15.549521,167.1111111111111,0.09304899534574469
Ovis_ammon,Mammalia,CO3,G>A,10.866633,112.5625,0.0965386607440311
Ovis_ammon,Mammalia,Cytb,G>A,26.331017,169.59375,0.1552593594988023
Ovis_aries,Mammalia,CO1,G>A,50.98967,167.5,0.30441594029850744
Ovis_aries,Mammalia,CO3,G>A,36.987114,112.07258064516132,0.33002821731308907
Ovis_aries,Mammalia,Cytb,G>A,106.950873,163.6417445482867,0.6535671768546893
Pachyhynobius_shangchengensis,Amphibia,CO1,G>A,9.993686,85.9032258064516,0.11633656252346979
Pachyhynobius_shangchengensis,Amphibia,CO3,G>A,9.352717,53.035714285714285,0.17634752592592592
Pachyhynobius_shangchengensis,Amphibia,Cytb,G>A,25.048767,88.89423076923075,0.2817816947539211
Pan_troglodytes,Mammalia,CO1,G>A,31.504348,242.93670886075952,0.1296812990829512
Pan_troglodytes,Mammalia,CO3,G>A,17.7348,118.01492537313436,0.15027590742380165
Pan_troglodytes,Mammalia,Cytb,G>A,22.57476,209.89887640449464,0.10755064718162827
Papio_anubis,Mammalia,CO1,G>A,9.170487,224.4761904761905,0.04085282711073398
Papio_anubis,Mammalia,CO3,G>A,15.612612,124.14285714285715,0.12576327272727272
Papio_anubis,Mammalia,Cytb,G>A,24.253433,200.78,0.12079606036457816
Phoca_groenlandica,Mammalia,CO1,G>A,21.615015,174.94444444444446,0.12355359479199744
Phoca_groenlandica,Mammalia,CO3,G>A,9.99185,109.71999999999998,0.0910668064163325
Phoca_groenlandica,Mammalia,Cytb,G>A,21.892504,187.7173913043477,0.1166248041690794
Phyllopteryx_taeniolatus,Actinopteri,CO1,G>A,4.907534,206.96,0.02371247584074217
Phyllopteryx_taeniolatus,Actinopteri,CO3,G>A,4.99966,103.40909090909092,0.04834836043956044
Phyllopteryx_taeniolatus,Actinopteri,Cytb,G>A,4.99377,180.56,0.027657122286220644
Phylloscopus_collybita,Aves,CO1,G>A,11.94736,253.7272727272725,0.04708740953063422
Phylloscopus_collybita,Aves,CO3,G>A,12.937377,137.8181818181818,0.0938727882585752
Phylloscopus_collybita,Aves,Cytb,G>A,27.258924,206.6363636363637,0.13191736207655078
Plecotus_macrobullaris,Mammalia,CO1,G>A,16.394094,143.6875,0.11409547803392779
Plecotus_macrobullaris,Mammalia,CO3,G>A,5.99051,81.44444444444444,0.07355332878581172
Plecotus_macrobullaris,Mammalia,Cytb,G>A,21.827771,129.5769230769231,0.16845415434847133
Prionailurus_bengalensis,Mammalia,CO1,G>A,21.427811,148.80555555555551,0.14399872988613033
Prionailurus_bengalensis,Mammalia,CO3,G>A,9.976197,97.2121212121212,0.10262297412718206
Prionailurus_bengalensis,Mammalia,Cytb,G>A,36.59359,188.39,0.19424380274961517
Procyon_lotor,Mammalia,CO1,G>A,17.861358,150.3076923076923,0.11883196212896623
Procyon_lotor,Mammalia,CO3,G>A,8.204564,109.0,0.07527122935779816
Procyon_lotor,Mammalia,Cytb,G>A,15.680314,153.40000000000003,0.10221847457627116
Proechimys_guyannensis,Mammalia,CO1,G>A,4.789631,116.71428571428572,0.04103723011015912
Proechimys_guyannensis,Mammalia,CO3,G>A,15.404875,87.28571428571428,0.17648792962356794
Proechimys_guyannensis,Mammalia,Cytb,G>A,29.018206,127.82608695652168,0.22701317619047628
Ptychadena_amharensis,Amphibia,CO1,G>A,9.9961,169.4,0.059008854781582055
Ptychadena_amharensis,Amphibia,CO3,G>A,1.99996,89.72222222222221,0.022290575851393192
Ptychadena_amharensis,Amphibia,Cytb,G>A,7.9971,174.74074074074082,0.04576551504874945
Rhinichthys_osculus,Actinopteri,CO1,G>A,14.734124,173.6,0.08487398617511521
Rhinichthys_osculus,Actinopteri,CO3,G>A,6.883878,87.55555555555553,0.0786229720812183
Rhinichthys_osculus,Actinopteri,Cytb,G>A,65.552042,152.6159420289854,0.42952289995726733
Rusa_unicolor,Mammalia,CO1,G>A,18.768731,143.7777777777778,0.13053986012364757
Rusa_unicolor,Mammalia,CO3,G>A,23.870641,104.375,0.22870075209580837
Rusa_unicolor,Mammalia,Cytb,G>A,24.589678,154.13157894736838,0.15953692402253716
Salamandrella_keyserlingii,Amphibia,CO1,G>A,12.778447,102.05,0.12521751102400785
Salamandrella_keyserlingii,Amphibia,CO3,G>A,3.966618,53.47619047619048,0.0741754033837934
Salamandrella_keyserlingii,Amphibia,Cytb,G>A,10.1052,98.58695652173918,0.10250037486218297
Salmo_trutta,Actinopteri,CO1,G>A,6.989242,206.578947368421,0.03383327337579618
Salmo_trutta,Actinopteri,CO3,G>A,0.99996,106.57142857142856,0.009383002680965149
Salmo_trutta,Actinopteri,Cytb,G>A,23.757914,178.92857142857133,0.13277876087824358
Sardinella_longiceps,Actinopteri,CO1,G>A,9.99022,181.4772727272727,0.05504942767689419
Sardinella_longiceps,Actinopteri,CO3,G>A,10.866383,121.92307692307692,0.08912490788643535
Sardinella_longiceps,Actinopteri,Cytb,G>A,8.994041,157.99999999999997,0.056924310126582285
Schismatogobius_ampluvinculus,Actinopteri,CO1,G>A,5.99371,183.13333333333333,0.032728667637422645
Schismatogobius_ampluvinculus,Actinopteri,CO3,G>A,3.99999,102.3125,0.03909580940745266
Schismatogobius_ampluvinculus,Actinopteri,Cytb,G>A,5.969734,165.79166666666663,0.036007443076149795
Setophaga_pensylvanica,Aves,CO1,G>A,10.98561,253.81481481481487,0.04328198890996643
Setophaga_pensylvanica,Aves,CO3,G>A,7.98995,128.79999999999998,0.06203377329192548
Setophaga_pensylvanica,Aves,Cytb,G>A,9.94122,218.9615384615384,0.04540167222905323
Sicista_betulina,Mammalia,CO1,G>A,16.406877,170.45454545454552,0.09625367839999997
Sicista_betulina,Mammalia,CO3,G>A,10.393347,95.625,0.10868859607843137
Sicista_betulina,Mammalia,Cytb,G>A,24.181116,158.13333333333327,0.15291599494097813
Spilogale_gracilis,Mammalia,CO1,G>A,12.354759,121.7391304347826,0.10148552035714287
Spilogale_gracilis,Mammalia,CO3,G>A,3.0,81.47826086956523,0.03681963713980789
Spilogale_gracilis,Mammalia,Cytb,G>A,19.638582,159.30769230769232,0.12327453693867696
Stenella_attenuata,Mammalia,CO1,G>A,17.510955,154.71875,0.11317926883457886
Stenella_attenuata,Mammalia,CO3,G>A,9.94453,108.7173913043478,0.09147138172365529
Stenella_attenuata,Mammalia,Cytb,G>A,24.392052,173.5573770491803,0.14054171833380563
Stenella_longirostris,Mammalia,CO1,G>A,39.059816,149.7027027027028,0.2609159039537821
Stenella_longirostris,Mammalia,CO3,G>A,20.98979,105.0384615384615,0.19982956426217507
Stenella_longirostris,Mammalia,Cytb,G>A,38.848215,176.03797468354432,0.22068087905371395
Stenocephalemys_albipes,Mammalia,CO1,G>A,5.96849,124.4,0.0479782154340836
Stenocephalemys_albipes,Mammalia,CO3,G>A,11.605213,78.89999999999999,0.1470876172370089
Stenocephalemys_albipes,Mammalia,Cytb,G>A,34.855751,136.82222222222222,0.2547521187266526
Sus_scrofa,Mammalia,CO1,G>A,24.760161,181.551181102362,0.1363811617729975
Sus_scrofa,Mammalia,CO3,G>A,18.708477,110.8915662650602,0.1687096470013038
Sus_scrofa,Mammalia,Cytb,G>A,70.652888,182.3636363636361,0.38742859820538444
Syncerus_caffer,Mammalia,CO1,G>A,12.989575,179.84210526315792,0.07222766315481416
Syncerus_caffer,Mammalia,CO3,G>A,6.0,115.84210526315792,0.0517946388005452
Syncerus_caffer,Mammalia,Cytb,G>A,12.665013,172.0,0.07363379651162791
Thymallus_thymallus,Actinopteri,CO1,G>A,12.713734,180.5625,0.07041181862236068
Thymallus_thymallus,Actinopteri,CO3,G>A,12.93996,99.5,0.13004984924623114
Thymallus_thymallus,Actinopteri,Cytb,G>A,12.363625,162.52631578947364,0.07607152687823837
Trachypithecus_phayrei,Mammalia,CO1,G>A,22.038457,168.27999999999997,0.13096301996672216
Trachypithecus_phayrei,Mammalia,CO3,G>A,10.997923,91.40909090909092,0.12031541819990053
Trachypithecus_phayrei,Mammalia,Cytb,G>A,21.882541,161.03030303030295,0.13589082668423041
Tursiops_truncatus,Mammalia,CO1,G>A,20.630316,159.38461538461542,0.12943731081081078
Tursiops_truncatus,Mammalia,CO3,G>A,11.972283,102.07692307692304,0.11728687189148458
Tursiops_truncatus,Mammalia,Cytb,G>A,24.539483,176.939393939394,0.13868863486898436
Urocyon_cinereoargenteus,Mammalia,CO1,G>A,16.98858,164.9803921568628,0.10297332778702159
Urocyon_cinereoargenteus,Mammalia,CO3,G>A,11.99884,96.05555555555554,0.12491562753036438
Urocyon_cinereoargenteus,Mammalia,Cytb,G>A,25.99897,172.99999999999997,0.15028306358381505
Ursus_arctos,Mammalia,CO1,G>A,40.833417,162.40983606557376,0.2514220689411527
Ursus_arctos,Mammalia,CO3,G>A,20.673971,87.20833333333334,0.23706416817964643
Ursus_arctos,Mammalia,Cytb,G>A,47.219213,174.05479452054774,0.27128935534393234
Vireo_olivaceus,Aves,CO1,G>A,15.976591,241.55882352941185,0.0661395463289906
Vireo_olivaceus,Aves,CO3,G>A,12.99074,138.5,0.09379595667870036
Vireo_olivaceus,Aves,Cytb,G>A,18.950937,215.8571428571429,0.08779388418266047
Andrias_davidianus,Amphibia,CO1,T>C,14.3528,182.6875,0.07856476223058502
Andrias_davidianus,Amphibia,CO3,T>C,6.01746,92.875,0.06479095558546433
Andrias_davidianus,Amphibia,Cytb,T>C,9.664101,137.69642857142853,0.07018410789780835
Anguilla_anguilla,Actinopteri,CO1,T>C,20.61444,213.8695652173912,0.0963879081114048
Anguilla_anguilla,Actinopteri,CO3,T>C,7.99991,114.82758620689656,0.06966888588588588
Anguilla_anguilla,Actinopteri,Cytb,T>C,20.597258,162.95833333333337,0.12639585579135768
Anguilla_rostrata,Actinopteri,CO1,T>C,12.99558,210.23076923076923,0.0618157848518112
Anguilla_rostrata,Actinopteri,CO3,T>C,3.959962,117.72222222222224,0.03363818593676262
Anguilla_rostrata,Actinopteri,Cytb,T>C,8.992615,164.16666666666669,0.0547773502538071
Balaenoptera_physalus,Mammalia,CO1,T>C,13.95112,210.5,0.06627610451306414
Balaenoptera_physalus,Mammalia,CO3,T>C,5.96574,99.84848484848486,0.05974792716236722
Balaenoptera_physalus,Mammalia,Cytb,T>C,8.099513,155.8793103448275,0.05196015418648382
Bison_priscus,Mammalia,CO1,T>C,5.72642,202.8571428571428,0.028228830985915502
Bison_priscus,Mammalia,CO3,T>C,1.9996,90.96774193548391,0.0219814184397163
Bison_priscus,Mammalia,Cytb,T>C,2.99995,175.4761904761905,0.017096051560379917
Bos_taurus,Mammalia,CO1,T>C,23.996321,206.13071895424795,0.11641312426279432
Bos_taurus,Mammalia,CO3,T>C,10.99998,89.04000000000012,0.12353975741239877
Bos_taurus,Mammalia,Cytb,T>C,25.975554,167.13392857142858,0.15541759965810137
Camelus_dromedarius,Mammalia,CO1,T>C,8.736495,165.44444444444449,0.05280621558092678
Camelus_dromedarius,Mammalia,CO3,T>C,6.931424,75.26315789473684,0.09209584335664336
Camelus_dromedarius,Mammalia,Cytb,T>C,16.958871000000002,151.04109589041087,0.11227984609105758
Canis_latrans,Mammalia,CO1,T>C,13.99079,179.58620689655174,0.07790570468509984
Canis_latrans,Mammalia,CO3,T>C,2.514952,94.8125,0.026525531970995386
Canis_latrans,Mammalia,Cytb,T>C,12.71425,154.51851851851845,0.0822830177372963
Canis_lupus,Mammalia,CO1,T>C,48.756876,176.97568389057744,0.275500424285101
Canis_lupus,Mammalia,CO3,T>C,51.94963,89.97153024911044,0.5774007606202033
Canis_lupus,Mammalia,Cytb,T>C,54.686409,147.30046948356795,0.37125753360956204
Capra_hircus,Mammalia,CO1,T>C,12.44882,210.42857142857164,0.059159361846571556
Capra_hircus,Mammalia,CO3,T>C,5.998950000000001,92.80645161290325,0.06463936392075077
Capra_hircus,Mammalia,Cytb,T>C,27.993,164.91542288557213,0.1697415530348739
Carassius_auratus,Actinopteri,CO1,T>C,9.931737,206.0689655172414,0.04819618022088353
Carassius_auratus,Actinopteri,CO3,T>C,10.706162,114.77777777777776,0.09327730687318492
Carassius_auratus,Actinopteri,Cytb,T>C,104.182154,154.72000000000017,0.6733593200620468
Certhia_americana,Aves,CO1,T>C,1.0,174.0,0.005747126436781609
Certhia_americana,Aves,CO3,T>C,4.98879,77.86363636363637,0.06407085814360769
Certhia_americana,Aves,Cytb,T>C,5.9988600000000005,133.1428571428571,0.04505581545064379
Cervus_elaphus,Mammalia,CO1,T>C,3.98928,208.11999999999995,0.019168172208341345
Cervus_elaphus,Mammalia,CO3,T>C,3.744344,99.04761904761904,0.03780347307692308
Cervus_elaphus,Mammalia,Cytb,T>C,71.943498,164.3678160919541,0.43769820461538445
Chaenogobius_annularis,Actinopteri,CO1,T>C,17.991152,178.37681159420276,0.10086037439064031
Chaenogobius_annularis,Actinopteri,CO3,T>C,15.00261,78.31746031746033,0.19156149777057152
Chaenogobius_annularis,Actinopteri,Cytb,T>C,37.483354,106.13580246913573,0.3531640891008494
Cinclosoma_clarum,Aves,CO1,T>C,12.99787,223.27659574468083,0.05821420716599963
Cinclosoma_clarum,Aves,CO3,T>C,9.953591,117.14285714285718,0.08496967926829264
Cinclosoma_clarum,Aves,Cytb,T>C,17.745622,164.40740740740742,0.10793687632349629
Clupea_harengus,Actinopteri,CO1,T>C,51.951461,167.1014492753625,0.31089772844752783
Clupea_harengus,Actinopteri,CO3,T>C,32.903481,84.93749999999999,0.3873846181015453
Clupea_harengus,Actinopteri,Cytb,T>C,180.902475,122.08982035928152,1.4817162845161598
Corvus_splendens,Aves,CO1,T>C,15.99172,218.6349206349209,0.0731434848264846
Corvus_splendens,Aves,CO3,T>C,3.99155,98.08888888888887,0.04069319211599457
Corvus_splendens,Aves,Cytb,T>C,18.99099,159.75308641975317,0.11887713987635233
Cricetulus_kamensis,Mammalia,CO1,T>C,11.713582,210.93548387096783,0.05553158617525614
Cricetulus_kamensis,Mammalia,CO3,T>C,10.9937,112.04347826086956,0.09811994567326349
Cricetulus_kamensis,Mammalia,Cytb,T>C,13.091029,166.1875,0.07877264535539677
Crocidura_suaveolens,Mammalia,CO1,T>C,12.973534,180.4857142857143,0.0718812236821276
Crocidura_suaveolens,Mammalia,CO3,T>C,12.899437,108.36666666666667,0.11903509996924024
Crocidura_suaveolens,Mammalia,Cytb,T>C,26.824067,151.74166666666673,0.17677456422648133
Crocuta_crocuta,Mammalia,CO1,T>C,11.500444,173.33333333333334,0.06634871538461538
Crocuta_crocuta,Mammalia,CO3,T>C,1.9868,87.53846153846153,0.022696309314586997
Crocuta_crocuta,Mammalia,Cytb,T>C,4.224587,158.80952380952382,0.02660159730134932
Cyprinus_carpio,Actinopteri,CO1,T>C,7.997009999999999,203.90625,0.03921905287356321
Cyprinus_carpio,Actinopteri,CO3,T>C,15.307248,116.11111111111109,0.13183275789473686
Cyprinus_carpio,Actinopteri,Cytb,T>C,25.336821,167.57317073170728,0.15119855338039448
Dicrostonyx_torquatus,Mammalia,CO1,T>C,13.895623,208.2333333333333,0.06673102129021932
Dicrostonyx_torquatus,Mammalia,CO3,T>C,7.931035,103.18181818181824,0.07686465638766515
Dicrostonyx_torquatus,Mammalia,Cytb,T>C,8.90542,149.08695652173915,0.059733059200933206
Equus_caballus,Mammalia,CO1,T>C,28.895014,194.82692307692304,0.14831119613068802
Equus_caballus,Mammalia,CO3,T>C,17.880015,101.76744186046513,0.17569484574954294
Equus_caballus,Mammalia,Cytb,T>C,31.660375,132.05244755244746,0.23975606349458536
Gadus_chalcogrammus,Actinopteri,CO1,T>C,14.428925,170.09090909090918,0.08483066541956169
Gadus_chalcogrammus,Actinopteri,CO3,T>C,11.9997,89.3913043478261,0.13423788910505838
Gadus_chalcogrammus,Actinopteri,Cytb,T>C,12.98676,116.375,0.1115940708915145
Gadus_morhua,Actinopteri,CO1,T>C,24.99985,170.721153846154,0.1464367445789917
Gadus_morhua,Actinopteri,CO3,T>C,12.99404,87.9032258064517,0.1478221064220182
Gadus_morhua,Actinopteri,Cytb,T>C,74.688152,119.34246575342492,0.6258304747474734
Guerlinguetus_brasiliensis,Mammalia,CO1,T>C,3.52358,204.6875,0.017214436641221374
Guerlinguetus_brasiliensis,Mammalia,CO3,T>C,2.908383,86.66666666666666,0.03355826538461539
Guerlinguetus_brasiliensis,Mammalia,Cytb,T>C,2.99569,130.47058823529414,0.022960653742110006
Helarctos_malayanus,Mammalia,CO1,T>C,3.98097,173.15789473684214,0.022990404255319147
Helarctos_malayanus,Mammalia,CO3,T>C,6.722446,94.0625,0.07146786445182723
Helarctos_malayanus,Mammalia,Cytb,T>C,4.945463,143.9090909090909,0.03436518825015793
Hippotragus_equinus,Mammalia,CO1,T>C,14.931292,197.62222222222223,0.0755547216912178
Hippotragus_equinus,Mammalia,CO3,T>C,5.99969,95.46153846153848,0.06284929089443995
Hippotragus_equinus,Mammalia,Cytb,T>C,17.829178,165.38636363636363,0.10780319252439192
Hirundo_rustica,Aves,CO1,T>C,42.721337,205.98540145985424,0.2073998288093548
Hirundo_rustica,Aves,CO3,T>C,23.956527,105.15000000000002,0.22783192582025674
Hirundo_rustica,Aves,Cytb,T>C,37.97257,161.7804878048779,0.2347166244534903
Holbrookia_lacerata,Lepidosauria,CO1,T>C,21.074647,228.90909090909088,0.09206557466243051
Holbrookia_lacerata,Lepidosauria,CO3,T>C,15.162808,119.33333333333336,0.12706263687150834
Holbrookia_lacerata,Lepidosauria,Cytb,T>C,20.100709,167.20000000000005,0.12021955143540666
Homo_sapiens,Mammalia,CO1,T>C,135.624374,183.31462925851724,0.7398447933401832
Homo_sapiens,Mammalia,CO3,T>C,127.9731,91.54108216432851,1.3979854396987696
Homo_sapiens,Mammalia,Cytb,T>C,111.87041,137.8597194388768,0.8114800353238806
Hoplodactylus_duvaucelii,Lepidosauria,CO1,T>C,11.775202,172.0,0.06846047674418605
Hoplodactylus_duvaucelii,Lepidosauria,CO3,T>C,4.8788990000000005,96.66666666666666,0.05047136896551725
Hoplodactylus_duvaucelii,Lepidosauria,Cytb,T>C,9.685198,137.56,0.07040708054667054
Hylomyscus_walterverheyeni,Mammalia,CO1,T>C,4.891988,225.25,0.021718037735849054
Hylomyscus_walterverheyeni,Mammalia,CO3,T>C,5.442866,118.6,0.04589263069139967
Hylomyscus_walterverheyeni,Mammalia,Cytb,T>C,20.141284,175.29870129870133,0.11489693791672838
Lasiopodomys_anglicus,Mammalia,CO1,T>C,33.536098,187.54411764705884,0.17881711471810555
Lasiopodomys_anglicus,Mammalia,CO3,T>C,16.695195000000002,111.99999999999996,0.14906424107142865
Lasiopodomys_anglicus,Mammalia,Cytb,T>C,24.317103,149.80519480519482,0.16232483146944082
Lasiopodomys_gregalis,Mammalia,CO1,T>C,18.538122,189.75,0.09769761264822135
Lasiopodomys_gregalis,Mammalia,CO3,T>C,14.875918,112.94117647058825,0.13171385729166665
Lasiopodomys_gregalis,Mammalia,Cytb,T>C,16.941374,154.6041666666667,0.1095790260072766
Leiothlypis_ruficapilla,Aves,CO1,T>C,11.9976,214.6538461538462,0.05589277907185092
Leiothlypis_ruficapilla,Aves,CO3,T>C,1.99764,104.28571428571426,0.019155452054794526
Leiothlypis_ruficapilla,Aves,Cytb,T>C,6.660219,139.6666666666667,0.047686532219570386
Lentipes_armatus,Actinopteri,CO1,T>C,8.864023,166.89473684210526,0.0531114591611479
Lentipes_armatus,Actinopteri,CO3,T>C,15.969046,96.16666666666664,0.16605593760831894
Lentipes_armatus,Actinopteri,Cytb,T>C,17.515287,123.59090909090912,0.1417198653916881
Lentipes_palawanirufus,Actinopteri,CO1,T>C,11.829715,163.25,0.072463797856049
Lentipes_palawanirufus,Actinopteri,CO3,T>C,12.954861,96.16666666666666,0.13471259272097055
Lentipes_palawanirufus,Actinopteri,Cytb,T>C,18.502261,121.78571428571426,0.15192472375366572
Macaca_fascicularis,Mammalia,CO1,T>C,55.942569,169.10280373831768,0.33081987857853445
Macaca_fascicularis,Mammalia,CO3,T>C,32.27581,92.1685393258426,0.35018250518103167
Macaca_fascicularis,Mammalia,Cytb,T>C,50.706675,140.94230769230762,0.3597690135079821
Macaca_mulatta,Mammalia,CO1,T>C,16.484796,172.75862068965515,0.0954209748502994
Macaca_mulatta,Mammalia,CO3,T>C,13.257672,92.8936170212766,0.1427188694457169
Macaca_mulatta,Mammalia,Cytb,T>C,23.225583,139.6140350877193,0.1663556460165871
Mammuthus_primigenius,Mammalia,CO1,T>C,9.739922,184.45454545454544,0.052803914243469696
Mammuthus_primigenius,Mammalia,CO3,T>C,7.99434,96.61764705882344,0.08274202739726036
Mammuthus_primigenius,Mammalia,Cytb,T>C,8.969344,153.1632653061224,0.058560673684210536
Martes_zibellina,Mammalia,CO1,T>C,27.86902,194.0465116279069,0.14362030920421864
Martes_zibellina,Mammalia,CO3,T>C,10.99201,97.13333333333334,0.11316413864104324
Martes_zibellina,Mammalia,Cytb,T>C,15.860021,133.75409836065575,0.11857596286309596
Menidia_menidia,Actinopteri,CO1,T>C,20.99138,125.09090909090897,0.1678089970930234
Menidia_menidia,Actinopteri,CO3,T>C,11.98762,63.68750000000001,0.18822563297350342
Menidia_menidia,Actinopteri,Cytb,T>C,22.96212,80.12676056338034,0.286572423976094
Mesoplodon_grayi,Mammalia,CO1,T>C,9.99833,220.52631578947364,0.0453384892601432
Mesoplodon_grayi,Mammalia,CO3,T>C,6.95238,96.76470588235291,0.0718483039513678
Mesoplodon_grayi,Mammalia,Cytb,T>C,1.918719,151.90909090909088,0.012630705565529626
Microtus_richardsoni,Mammalia,CO1,T>C,7.143313,201.68421052631567,0.03541830558455117
Microtus_richardsoni,Mammalia,CO3,T>C,5.826698,106.88235294117648,0.05451506108970831
Microtus_richardsoni,Mammalia,Cytb,T>C,12.482018,159.45,0.07828170586390719
Misgurnus_anguillicaudatus,Actinopteri,CO1,T>C,14.003687,165.76923076923077,0.0844769981438515
Misgurnus_anguillicaudatus,Actinopteri,CO3,T>C,12.777669,92.69565217391305,0.1378453972795497
Misgurnus_anguillicaudatus,Actinopteri,Cytb,T>C,57.662941,142.26573426573435,0.40531854910538706
Mus_musculus,Mammalia,CO1,T>C,34.534907,229.5221238938056,0.1504643927745217
Mus_musculus,Mammalia,CO3,T>C,12.95607,113.86585365853664,0.11378362857448855
Mus_musculus,Mammalia,Cytb,T>C,62.138977,167.87272727272685,0.37015528376475776
Myodes_glareolus,Mammalia,CO1,T>C,46.20583,216.1720430107528,0.21374563221249493
Myodes_glareolus,Mammalia,CO3,T>C,23.802525,100.62162162162164,0.23655477437550357
Myodes_glareolus,Mammalia,Cytb,T>C,50.326566,152.53815261044127,0.3299277271865631
Ochotona_cansus,Mammalia,CO1,T>C,6.948691,181.0,0.03839055801104972
Ochotona_cansus,Mammalia,CO3,T>C,9.880615,92.53846153846156,0.10677306317539483
Ochotona_cansus,Mammalia,Cytb,T>C,20.465393,124.86956521739118,0.16389416399721463
Ochotona_thibetana,Mammalia,CO1,T>C,14.966266,181.85365853658533,0.08229840477467812
Ochotona_thibetana,Mammalia,CO3,T>C,9.731893,90.74193548387098,0.10724802097404905
Ochotona_thibetana,Mammalia,Cytb,T>C,21.181617,125.60714285714288,0.16863385726471422
Odocoileus_virginianus,Mammalia,CO1,T>C,8.605924,212.3076923076923,0.04053514927536232
Odocoileus_virginianus,Mammalia,CO3,T>C,2.836136,90.53846153846152,0.031325206457094315
Odocoileus_virginianus,Mammalia,Cytb,T>C,19.306732,168.6119402985074,0.11450394299371519
Oncorhynchus_clarkii,Actinopteri,CO1,T>C,6.773539,166.1,0.04077988561107767
Oncorhynchus_clarkii,Actinopteri,CO3,T>C,9.614144,78.39999999999999,0.12262938775510204
Oncorhynchus_clarkii,Actinopteri,Cytb,T>C,11.23708,118.23076923076924,0.09504361743656474
Ovis_ammon,Mammalia,CO1,T>C,5.7705020000000005,211.38888888888889,0.027298038370565048
Ovis_ammon,Mammalia,CO3,T>C,3.97495,90.0625,0.04413546148507981
Ovis_ammon,Mammalia,Cytb,T>C,10.034125,163.375,0.0614177505738332
Ovis_aries,Mammalia,CO1,T>C,28.9947,210.95061728395075,0.13744780827529693
Ovis_aries,Mammalia,CO3,T>C,13.99904,88.54032258064512,0.15810920484561444
Ovis_aries,Mammalia,Cytb,T>C,45.99715,159.42679127725867,0.28851581112240093
Pachyhynobius_shangchengensis,Amphibia,CO1,T>C,14.186741,208.70967741935496,0.06797356584234926
Pachyhynobius_shangchengensis,Amphibia,CO3,T>C,6.801608,110.25,0.061692589569160995
Pachyhynobius_shangchengensis,Amphibia,Cytb,T>C,25.01377,155.99038461538458,0.1603545632743636
Pan_troglodytes,Mammalia,CO1,T>C,22.297512,180.6075949367089,0.12345832968881411
Pan_troglodytes,Mammalia,CO3,T>C,15.94149,96.3731343283582,0.16541425274895463
Pan_troglodytes,Mammalia,Cytb,T>C,17.75163,137.19101123595493,0.12939353562653574
Papio_anubis,Mammalia,CO1,T>C,12.77727,162.76190476190476,0.07850282913984787
Papio_anubis,Mammalia,CO3,T>C,16.961653,89.14285714285714,0.19027495352564103
Papio_anubis,Mammalia,Cytb,T>C,19.813181,143.54000000000005,0.13803247178486827
Phoca_groenlandica,Mammalia,CO1,T>C,9.958531,201.3333333333333,0.04946290231788081
Phoca_groenlandica,Mammalia,CO3,T>C,3.99809,96.6,0.04138809523809524
Phoca_groenlandica,Mammalia,Cytb,T>C,5.99754,162.47826086956516,0.03691287663901526
Phyllopteryx_taeniolatus,Actinopteri,CO1,T>C,13.942192,148.56,0.09384889606892838
Phyllopteryx_taeniolatus,Actinopteri,CO3,T>C,8.0,75.99999999999999,0.10526315789473686
Phyllopteryx_taeniolatus,Actinopteri,Cytb,T>C,9.801299,120.76000000000002,0.08116345644253063
Phylloscopus_collybita,Aves,CO1,T>C,5.988352,203.3939393939395,0.029442135876042892
Phylloscopus_collybita,Aves,CO3,T>C,1.9815,96.1363636363636,0.020611347517730506
Phylloscopus_collybita,Aves,Cytb,T>C,8.420749,157.39393939393935,0.05350110069310745
Plecotus_macrobullaris,Mammalia,CO1,T>C,8.977147,172.75,0.05196611866859624
Plecotus_macrobullaris,Mammalia,CO3,T>C,8.693956,100.2777777777778,0.0866987301939058
Plecotus_macrobullaris,Mammalia,Cytb,T>C,8.596598,144.19230769230768,0.059618977860762874
Prionailurus_bengalensis,Mammalia,CO1,T>C,5.98664,185.55555555555551,0.03226332934131738
Prionailurus_bengalensis,Mammalia,CO3,T>C,5.99345,102.69696969696976,0.05836053408084978
Prionailurus_bengalensis,Mammalia,Cytb,T>C,11.69447,147.15999999999994,0.07946772220712153
Procyon_lotor,Mammalia,CO1,T>C,3.984502,199.46153846153848,0.019976292325491706
Procyon_lotor,Mammalia,CO3,T>C,2.847879,102.55555555555556,0.02776913434452871
Procyon_lotor,Mammalia,Cytb,T>C,4.930877,156.7714285714286,0.03145265081100783
Proechimys_guyannensis,Mammalia,CO1,T>C,5.164137,212.00000000000009,0.024359136792452822
Proechimys_guyannensis,Mammalia,CO3,T>C,7.349917,111.14285714285715,0.06613035861182519
Proechimys_guyannensis,Mammalia,Cytb,T>C,8.490262,163.78260869565213,0.05183860525617203
Ptychadena_amharensis,Amphibia,CO1,T>C,7.98499,134.00000000000006,0.05958947761194027
Ptychadena_amharensis,Amphibia,CO3,T>C,3.99214,81.55555555555557,0.04894994550408718
Ptychadena_amharensis,Amphibia,Cytb,T>C,3.0,89.66666666666664,0.03345724907063198
Rhinichthys_osculus,Actinopteri,CO1,T>C,15.129897,168.0,0.0900589107142857
Rhinichthys_osculus,Actinopteri,CO3,T>C,12.451428,87.16666666666667,0.1428462103250478
Rhinichthys_osculus,Actinopteri,Cytb,T>C,107.012694,130.45652173913064,0.8202939383436081
Rusa_unicolor,Mammalia,CO1,T>C,12.967798,209.81481481481472,0.06180592162400709
Rusa_unicolor,Mammalia,CO3,T>C,3.99506,98.1875,0.04068807129217059
Rusa_unicolor,Mammalia,Cytb,T>C,8.9643,163.15789473684208,0.05494248387096775
Salamandrella_keyserlingii,Amphibia,CO1,T>C,17.398144,193.05,0.09012247604247603
Salamandrella_keyserlingii,Amphibia,CO3,T>C,6.98674,110.14285714285715,0.06343343709468223
Salamandrella_keyserlingii,Amphibia,Cytb,T>C,16.735045,168.06521739130432,0.09957470831716468
Salmo_trutta,Actinopteri,CO1,T>C,13.196238,156.05263157894743,0.0845627392917369
Salmo_trutta,Actinopteri,CO3,T>C,10.95692,81.64285714285714,0.13420549431321085
Salmo_trutta,Actinopteri,Cytb,T>C,27.211849,114.39285714285715,0.23788066562597562
Sardinella_longiceps,Actinopteri,CO1,T>C,16.980675,170.1136363636364,0.09981959919839678
Sardinella_longiceps,Actinopteri,CO3,T>C,6.97381,84.07692307692308,0.0829455901189387
Sardinella_longiceps,Actinopteri,Cytb,T>C,27.899995,111.65,0.24988799820868784
Schismatogobius_ampluvinculus,Actinopteri,CO1,T>C,5.0,169.06666666666666,0.029574132492113565
Schismatogobius_ampluvinculus,Actinopteri,CO3,T>C,5.971202,80.6875,0.07400405267234701
Schismatogobius_ampluvinculus,Actinopteri,Cytb,T>C,8.958284,87.16666666666667,0.10277190057361377
Setophaga_pensylvanica,Aves,CO1,T>C,3.99829,203.2222222222221,0.019674472389283774
Setophaga_pensylvanica,Aves,CO3,T>C,4.99482,102.8,0.048587743190661475
Setophaga_pensylvanica,Aves,Cytb,T>C,5.9991200000000005,136.3461538461538,0.04399918758815234
Sicista_betulina,Mammalia,CO1,T>C,1.99813,170.81818181818184,0.011697408195848854
Sicista_betulina,Mammalia,CO3,T>C,4.971162,89.03125,0.05583614742014742
Sicista_betulina,Mammalia,Cytb,T>C,5.83499,127.89999999999998,0.045621501172791255
Spilogale_gracilis,Mammalia,CO1,T>C,9.657458,230.5652173913043,0.04188601433151048
Spilogale_gracilis,Mammalia,CO3,T>C,6.619338,114.7826086956522,0.05766847499999998
Spilogale_gracilis,Mammalia,Cytb,T>C,10.99683,154.96923076923085,0.07096137694827753
Stenella_attenuata,Mammalia,CO1,T>C,13.99487,213.109375,0.06566989368722047
Stenella_attenuata,Mammalia,CO3,T>C,1.0,100.73913043478268,0.009926629261976686
Stenella_attenuata,Mammalia,Cytb,T>C,5.99886,160.81967213114754,0.03730177981651376
Stenella_longirostris,Mammalia,CO1,T>C,16.639199,210.35135135135144,0.07910193537196451
Stenella_longirostris,Mammalia,CO3,T>C,7.0,98.69230769230776,0.07092751363990642
Stenella_longirostris,Mammalia,Cytb,T>C,12.98914,162.24050632911374,0.08006101739876735
Stenocephalemys_albipes,Mammalia,CO1,T>C,9.603959,239.2,0.04015033026755853
Stenocephalemys_albipes,Mammalia,CO3,T>C,4.778393,117.3,0.04073651321398125
Stenocephalemys_albipes,Mammalia,Cytb,T>C,19.659039,179.04444444444442,0.10979977100657815
Sus_scrofa,Mammalia,CO1,T>C,24.859393,217.0629921259845,0.11452616936917316
Sus_scrofa,Mammalia,CO3,T>C,11.98941,115.38554216867468,0.1039073854025269
Sus_scrofa,Mammalia,Cytb,T>C,36.58568,166.26979472140792,0.22003804155349357
Syncerus_caffer,Mammalia,CO1,T>C,9.98186,200.63157894736844,0.049752187827911847
Syncerus_caffer,Mammalia,CO3,T>C,6.9944500000000005,87.36842105263162,0.08005695783132527
Syncerus_caffer,Mammalia,Cytb,T>C,10.968703,167.86956521739137,0.06534062911162908
Thymallus_thymallus,Actinopteri,CO1,T>C,4.413836,143.125,0.030839028820960696
Thymallus_thymallus,Actinopteri,CO3,T>C,5.763536,84.75,0.06800632448377582
Thymallus_thymallus,Actinopteri,Cytb,T>C,14.430995,132.73684210526315,0.1087188362410785
Trachypithecus_phayrei,Mammalia,CO1,T>C,11.611204,187.00000000000003,0.062091999999999994
Trachypithecus_phayrei,Mammalia,CO3,T>C,4.9746570000000006,99.90909090909092,0.04979183530482256
Trachypithecus_phayrei,Mammalia,Cytb,T>C,7.931895,138.81818181818187,0.057138732809430236
Tursiops_truncatus,Mammalia,CO1,T>C,14.700614,209.2051282051283,0.07026889888466721
Tursiops_truncatus,Mammalia,CO3,T>C,4.99305,99.99999999999996,0.049930500000000023
Tursiops_truncatus,Mammalia,Cytb,T>C,10.824717,159.45454545454538,0.0678859104903079
Urocyon_cinereoargenteus,Mammalia,CO1,T>C,23.98412,158.31372549019613,0.1514974139212286
Urocyon_cinereoargenteus,Mammalia,CO3,T>C,7.0,91.7777777777778,0.07627118644067794
Urocyon_cinereoargenteus,Mammalia,Cytb,T>C,19.99463,136.4642857142858,0.14651914158597215
Ursus_arctos,Mammalia,CO1,T>C,31.90251,164.6311475409835,0.19378173861090378
Ursus_arctos,Mammalia,CO3,T>C,29.737,97.83333333333334,0.30395570698466773
Ursus_arctos,Mammalia,Cytb,T>C,25.832258,145.6095890410958,0.1774076705395363
Vireo_olivaceus,Aves,CO1,T>C,7.99539,244.2647058823531,0.03273248163756771
Vireo_olivaceus,Aves,CO3,T>C,5.99998,108.03125,0.05553929997107318
Vireo_olivaceus,Aves,Cytb,T>C,12.922927,172.16666666666677,0.07506056340755078
