Gene,Ratio,NumeratorMut,DenominatorMut,n_species,estimate,ci_low,ci_high,median,confidence,dssh_proxy,plot_label,display_gene,arc_position,rCRS_start,rCRS_end,rCRS_midpoint
CO1,C>T/G>A,C>T,G>A,52,3.26817730240265,2.7485722636744767,3.813273795410799,3.0504346804578386,0.95,0.1140080873921178,"COX1
DssH=0.114",COX1,beginning,5904,7445,6674.5
CO1,A>G/T>C,A>G,T>C,52,2.206845364721776,1.9019853535377882,2.556351351770183,2.070489176377027,0.95,0.1140080873921178,"COX1
DssH=0.114",COX1,beginning,5904,7445,6674.5
CO3,C>T/G>A,C>T,G>A,52,4.483836898289637,3.772023858565987,5.228312998927426,3.682930960484096,0.95,0.46695636429476733,"COX3
DssH=0.467",COX3,middle,9207,9990,9598.5
CO3,A>G/T>C,A>G,T>C,52,3.2723298431984422,2.7173672823664576,3.9774663745015255,2.841332193007349,0.95,0.46695636429476733,"COX3
DssH=0.467",COX3,middle,9207,9990,9598.5
Cytb,C>T/G>A,C>T,G>A,52,5.855290880070949,5.102005488407348,6.664712817111247,5.174010825001822,0.95,1.1572213169171344,"CytB
DssH=1.157",CytB,end,14747,15887,15317.0
Cytb,A>G/T>C,A>G,T>C,52,4.713143798865911,3.9724148044179457,5.678558684294157,3.997129186643734,0.95,1.1572213169171344,"CytB
DssH=1.157",CytB,end,14747,15887,15317.0
