Gene,Mut,Left,Reference,Alternate,Right,CentralSubstitution,FlankingContext,ReferenceTrinucleotide,n_species,n_classes,estimate,ci_low,ci_high,estimator,weighting,confidence,n_boot,bootstrap_unit,joint_profile_bootstrap,value_col
CO1,A[A>C]A,A,A,C,A,A>C,A_A,AAA,85,5,8.177141404150707e-05,0.0,0.0002453142421245212,mean,species,0.95,2000,matched_species_profile,True,MutSpec
CO1,A[A>C]C,A,A,C,C,A>C,A_C,AAC,85,5,0.001967435238651187,0.0,0.004790740013275723,mean,species,0.95,2000,matched_species_profile,True,MutSpec
CO1,A[A>C]G,A,A,C,G,A>C,A_G,AAG,85,5,1.9883447577518822e-05,0.0,5.9650342732556474e-05,mean,species,0.95,2000,matched_species_profile,True,MutSpec
CO1,A[A>C]T,A,A,C,T,A>C,A_T,AAT,85,5,0.0,0.0,0.0,mean,species,0.95,2000,matched_species_profile,True,MutSpec
CO1,C[A>C]A,C,A,C,A,A>C,C_A,CAA,85,5,0.000796811697803594,0.0,0.0023904350934107824,mean,species,0.95,2000,matched_species_profile,True,MutSpec
CO1,C[A>C]C,C,A,C,C,A>C,C_C,CAC,85,5,0.0008168377689806106,0.0,0.002111696454000699,mean,species,0.95,2000,matched_species_profile,True,MutSpec
CO1,C[A>C]G,C,A,C,G,A>C,C_G,CAG,85,5,0.0008172476349713693,0.00018439031173758119,0.0016351372348177465,mean,species,0.95,2000,matched_species_profile,True,MutSpec
CO1,C[A>C]T,C,A,C,T,A>C,C_T,CAT,85,5,0.0,0.0,0.0,mean,species,0.95,2000,matched_species_profile,True,MutSpec
CO1,G[A>C]A,G,A,C,A,A>C,G_A,GAA,85,5,0.0,0.0,0.0,mean,species,0.95,2000,matched_species_profile,True,MutSpec
CO1,G[A>C]C,G,A,C,C,A>C,G_C,GAC,85,5,0.000789534286025567,0.0,0.002184809981737608,mean,species,0.95,2000,matched_species_profile,True,MutSpec
CO1,G[A>C]G,G,A,C,G,A>C,G_G,GAG,85,5,0.0005780682465090178,4.359551816174235e-05,0.001278079022728621,mean,species,0.95,2000,matched_species_profile,True,MutSpec
CO1,G[A>C]T,G,A,C,T,A>C,G_T,GAT,85,5,0.0,0.0,0.0,mean,species,0.95,2000,matched_species_profile,True,MutSpec
CO1,T[A>C]A,T,A,C,A,A>C,T_A,TAA,85,5,0.00011036448607421293,0.0,0.0003310934582226388,mean,species,0.95,2000,matched_species_profile,True,MutSpec
CO1,T[A>C]C,T,A,C,C,A>C,T_C,TAC,85,5,0.0001773948689280506,0.0,0.0005321846067841518,mean,species,0.95,2000,matched_species_profile,True,MutSpec
CO1,T[A>C]G,T,A,C,G,A>C,T_G,TAG,85,5,5.2623907456576476e-05,0.0,0.00015787172236972943,mean,species,0.95,2000,matched_species_profile,True,MutSpec
CO1,T[A>C]T,T,A,C,T,A>C,T_T,TAT,85,5,0.0,0.0,0.0,mean,species,0.95,2000,matched_species_profile,True,MutSpec
CO1,A[A>G]A,A,A,G,A,A>G,A_A,AAA,85,5,0.00888017769444321,0.00670341727315262,0.011238574050458243,mean,species,0.95,2000,matched_species_profile,True,MutSpec
CO1,A[A>G]C,A,A,G,C,A>G,A_C,AAC,85,5,0.00973818058352802,0.005633552908887643,0.014422482264660747,mean,species,0.95,2000,matched_species_profile,True,MutSpec
CO1,A[A>G]G,A,A,G,G,A>G,A_G,AAG,85,5,0.010127426736110988,0.007840152720338625,0.012628745972250131,mean,species,0.95,2000,matched_species_profile,True,MutSpec
CO1,A[A>G]T,A,A,G,T,A>G,A_T,AAT,85,5,0.016923153014377662,0.012757665631517673,0.02184100645025787,mean,species,0.95,2000,matched_species_profile,True,MutSpec
CO1,C[A>G]A,C,A,G,A,A>G,C_A,CAA,85,5,0.008109037352599005,0.006370407728652442,0.010020096438994298,mean,species,0.95,2000,matched_species_profile,True,MutSpec
CO1,C[A>G]C,C,A,G,C,A>G,C_C,CAC,85,5,0.007099441160153106,0.004302960199632001,0.010173448587506757,mean,species,0.95,2000,matched_species_profile,True,MutSpec
CO1,C[A>G]G,C,A,G,G,A>G,C_G,CAG,85,5,0.008997805560247162,0.006356009076415605,0.011985894654071847,mean,species,0.95,2000,matched_species_profile,True,MutSpec
CO1,C[A>G]T,C,A,G,T,A>G,C_T,CAT,85,5,0.00789596730383733,0.005051261895968361,0.011343056040461845,mean,species,0.95,2000,matched_species_profile,True,MutSpec
CO1,G[A>G]A,G,A,G,A,A>G,G_A,GAA,85,5,0.012827355192426998,0.010429417884741046,0.015297429281478475,mean,species,0.95,2000,matched_species_profile,True,MutSpec
CO1,G[A>G]C,G,A,G,C,A>G,G_C,GAC,85,5,0.01380961739872287,0.007027334735683877,0.023408002574397443,mean,species,0.95,2000,matched_species_profile,True,MutSpec
CO1,G[A>G]G,G,A,G,G,A>G,G_G,GAG,85,5,0.018373288877654437,0.014228706902984183,0.02264056826364743,mean,species,0.95,2000,matched_species_profile,True,MutSpec
CO1,G[A>G]T,G,A,G,T,A>G,G_T,GAT,85,5,0.017993883898785906,0.014254793590595494,0.021933629510310367,mean,species,0.95,2000,matched_species_profile,True,MutSpec
CO1,T[A>G]A,T,A,G,A,A>G,T_A,TAA,85,5,0.010190100436747859,0.008274163654702333,0.012164578757143392,mean,species,0.95,2000,matched_species_profile,True,MutSpec
CO1,T[A>G]C,T,A,G,C,A>G,T_C,TAC,85,5,0.018492795482825466,0.012726184653806238,0.024868896291790805,mean,species,0.95,2000,matched_species_profile,True,MutSpec
CO1,T[A>G]G,T,A,G,G,A>G,T_G,TAG,85,5,0.011994064509289356,0.009422425877077705,0.014577387648240986,mean,species,0.95,2000,matched_species_profile,True,MutSpec
CO1,T[A>G]T,T,A,G,T,A>G,T_T,TAT,85,5,0.019609030712429205,0.015321791291557186,0.023918395489968092,mean,species,0.95,2000,matched_species_profile,True,MutSpec
CO1,A[A>T]A,A,A,T,A,A>T,A_A,AAA,85,5,0.0006000488338741459,0.0,0.0017280606704765317,mean,species,0.95,2000,matched_species_profile,True,MutSpec
CO1,A[A>T]C,A,A,T,C,A>T,A_C,AAC,85,5,0.002509462032956579,0.00012278847039251176,0.005993070056955093,mean,species,0.95,2000,matched_species_profile,True,MutSpec
CO1,A[A>T]G,A,A,T,G,A>T,A_G,AAG,85,5,6.266864336717765e-05,0.0,0.00018800593010153297,mean,species,0.95,2000,matched_species_profile,True,MutSpec
CO1,A[A>T]T,A,A,T,T,A>T,A_T,AAT,85,5,0.0,0.0,0.0,mean,species,0.95,2000,matched_species_profile,True,MutSpec
CO1,C[A>T]A,C,A,T,A,A>T,C_A,CAA,85,5,0.0005266443021009176,0.0,0.0015799329063027527,mean,species,0.95,2000,matched_species_profile,True,MutSpec
CO1,C[A>T]C,C,A,T,C,A>T,C_C,CAC,85,5,0.0018280336917600227,9.735758008452353e-05,0.004361349463625615,mean,species,0.95,2000,matched_species_profile,True,MutSpec
CO1,C[A>T]G,C,A,T,G,A>T,C_G,CAG,85,5,0.00053872314050212,0.00014005741682560194,0.0010325725611476208,mean,species,0.95,2000,matched_species_profile,True,MutSpec
CO1,C[A>T]T,C,A,T,T,A>T,C_T,CAT,85,5,0.0,0.0,0.0,mean,species,0.95,2000,matched_species_profile,True,MutSpec
CO1,G[A>T]A,G,A,T,A,A>T,G_A,GAA,85,5,0.00020567660055032707,0.0,0.00044663060983089883,mean,species,0.95,2000,matched_species_profile,True,MutSpec
CO1,G[A>T]C,G,A,T,C,A>T,G_C,GAC,85,5,0.0028562433696419577,0.0,0.007381522335707487,mean,species,0.95,2000,matched_species_profile,True,MutSpec
CO1,G[A>T]G,G,A,T,G,A>T,G_G,GAG,85,5,1.908852116728e-05,0.0,5.7265563501840006e-05,mean,species,0.95,2000,matched_species_profile,True,MutSpec
CO1,G[A>T]T,G,A,T,T,A>T,G_T,GAT,85,5,0.0,0.0,0.0,mean,species,0.95,2000,matched_species_profile,True,MutSpec
CO1,T[A>T]A,T,A,T,A,A>T,T_A,TAA,85,5,0.0023477181218686627,0.0008636206272137729,0.004111511456007243,mean,species,0.95,2000,matched_species_profile,True,MutSpec
CO1,T[A>T]C,T,A,T,C,A>T,T_C,TAC,85,5,0.00196638070903636,0.00020599056068630354,0.004530337774153512,mean,species,0.95,2000,matched_species_profile,True,MutSpec
CO1,T[A>T]G,T,A,T,G,A>T,T_G,TAG,85,5,0.0003247744749595106,2.2984457584194116e-05,0.0007785055423659261,mean,species,0.95,2000,matched_species_profile,True,MutSpec
CO1,T[A>T]T,T,A,T,T,A>T,T_T,TAT,85,5,0.0,0.0,0.0,mean,species,0.95,2000,matched_species_profile,True,MutSpec
CO1,A[C>A]A,A,C,A,A,C>A,A_A,ACA,85,5,0.0,0.0,0.0,mean,species,0.95,2000,matched_species_profile,True,MutSpec
CO1,A[C>A]C,A,C,A,C,C>A,A_C,ACC,85,5,0.0012111987856302223,0.0,0.003099711593090081,mean,species,0.95,2000,matched_species_profile,True,MutSpec
CO1,A[C>A]G,A,C,A,G,C>A,A_G,ACG,85,5,4.968396586320823e-05,0.0,0.00014905189758962468,mean,species,0.95,2000,matched_species_profile,True,MutSpec
CO1,A[C>A]T,A,C,A,T,C>A,A_T,ACT,85,5,0.0,0.0,0.0,mean,species,0.95,2000,matched_species_profile,True,MutSpec
CO1,C[C>A]A,C,C,A,A,C>A,C_A,CCA,85,5,0.001034966857930247,0.0,0.002892007021538833,mean,species,0.95,2000,matched_species_profile,True,MutSpec
CO1,C[C>A]C,C,C,A,C,C>A,C_C,CCC,85,5,0.001060225172369474,7.571255920493764e-05,0.002215280113974481,mean,species,0.95,2000,matched_species_profile,True,MutSpec
CO1,C[C>A]G,C,C,A,G,C>A,C_G,CCG,85,5,0.0010002549941830552,0.0,0.002749857747503687,mean,species,0.95,2000,matched_species_profile,True,MutSpec
CO1,C[C>A]T,C,C,A,T,C>A,C_T,CCT,85,5,0.0,0.0,0.0,mean,species,0.95,2000,matched_species_profile,True,MutSpec
CO1,G[C>A]A,G,C,A,A,C>A,G_A,GCA,85,5,0.0003309444571490082,0.0,0.0009928333714470249,mean,species,0.95,2000,matched_species_profile,True,MutSpec
CO1,G[C>A]C,G,C,A,C,C>A,G_C,GCC,85,5,0.0,0.0,0.0,mean,species,0.95,2000,matched_species_profile,True,MutSpec
CO1,G[C>A]G,G,C,A,G,C>A,G_G,GCG,85,5,0.0005321300173436553,0.0,0.0015148424559445765,mean,species,0.95,2000,matched_species_profile,True,MutSpec
CO1,G[C>A]T,G,C,A,T,C>A,G_T,GCT,85,5,0.0,0.0,0.0,mean,species,0.95,2000,matched_species_profile,True,MutSpec
CO1,T[C>A]A,T,C,A,A,C>A,T_A,TCA,85,5,0.0,0.0,0.0,mean,species,0.95,2000,matched_species_profile,True,MutSpec
CO1,T[C>A]C,T,C,A,C,C>A,T_C,TCC,85,5,0.0018797284216702378,0.0,0.00514431977142567,mean,species,0.95,2000,matched_species_profile,True,MutSpec
CO1,T[C>A]G,T,C,A,G,C>A,T_G,TCG,85,5,0.0,0.0,0.0,mean,species,0.95,2000,matched_species_profile,True,MutSpec
CO1,T[C>A]T,T,C,A,T,C>A,T_T,TCT,85,5,0.0,0.0,0.0,mean,species,0.95,2000,matched_species_profile,True,MutSpec
CO1,A[C>G]A,A,C,G,A,C>G,A_A,ACA,85,5,0.0017590936765938506,0.0003501415129627118,0.003585956334224946,mean,species,0.95,2000,matched_species_profile,True,MutSpec
CO1,A[C>G]C,A,C,G,C,C>G,A_C,ACC,85,5,7.42414321734553e-05,0.0,0.0002227242965203659,mean,species,0.95,2000,matched_species_profile,True,MutSpec
CO1,A[C>G]G,A,C,G,G,C>G,A_G,ACG,85,5,4.968396586320823e-05,0.0,0.00014905189758962468,mean,species,0.95,2000,matched_species_profile,True,MutSpec
CO1,A[C>G]T,A,C,G,T,C>G,A_T,ACT,85,5,0.0,0.0,0.0,mean,species,0.95,2000,matched_species_profile,True,MutSpec
CO1,C[C>G]A,C,C,G,A,C>G,C_A,CCA,85,5,0.0,0.0,0.0,mean,species,0.95,2000,matched_species_profile,True,MutSpec
CO1,C[C>G]C,C,C,G,C,C>G,C_C,CCC,85,5,9.78204291947153e-05,0.0,0.0002934612875841459,mean,species,0.95,2000,matched_species_profile,True,MutSpec
CO1,C[C>G]G,C,C,G,G,C>G,C_G,CCG,85,5,0.0,0.0,0.0,mean,species,0.95,2000,matched_species_profile,True,MutSpec
CO1,C[C>G]T,C,C,G,T,C>G,C_T,CCT,85,5,0.0,0.0,0.0,mean,species,0.95,2000,matched_species_profile,True,MutSpec
CO1,G[C>G]A,G,C,G,A,C>G,G_A,GCA,85,5,0.004092628100463343,0.00039910979829506235,0.009257972663974268,mean,species,0.95,2000,matched_species_profile,True,MutSpec
CO1,G[C>G]C,G,C,G,C,C>G,G_C,GCC,85,5,0.002028107521310094,0.0,0.0060843225639302815,mean,species,0.95,2000,matched_species_profile,True,MutSpec
CO1,G[C>G]G,G,C,G,G,C>G,G_G,GCG,85,5,0.0010972250203161425,0.0,0.002682916868521689,mean,species,0.95,2000,matched_species_profile,True,MutSpec
CO1,G[C>G]T,G,C,G,T,C>G,G_T,GCT,85,5,0.0,0.0,0.0,mean,species,0.95,2000,matched_species_profile,True,MutSpec
CO1,T[C>G]A,T,C,G,A,C>G,T_A,TCA,85,5,0.0,0.0,0.0,mean,species,0.95,2000,matched_species_profile,True,MutSpec
CO1,T[C>G]C,T,C,G,C,C>G,T_C,TCC,85,5,0.004012380822547293,0.0,0.011093329435945131,mean,species,0.95,2000,matched_species_profile,True,MutSpec
CO1,T[C>G]G,T,C,G,G,C>G,T_G,TCG,85,5,0.002002878317717054,0.0,0.004499636645537387,mean,species,0.95,2000,matched_species_profile,True,MutSpec
CO1,T[C>G]T,T,C,G,T,C>G,T_T,TCT,85,5,0.0,0.0,0.0,mean,species,0.95,2000,matched_species_profile,True,MutSpec
CO1,A[C>T]A,A,C,T,A,C>T,A_A,ACA,85,5,0.02473469235754436,0.018617529492511442,0.03181836011792495,mean,species,0.95,2000,matched_species_profile,True,MutSpec
CO1,A[C>T]C,A,C,T,C,C>T,A_C,ACC,85,5,0.03540902157756715,0.02551575942241244,0.046215333446292375,mean,species,0.95,2000,matched_species_profile,True,MutSpec
CO1,A[C>T]G,A,C,T,G,C>T,A_G,ACG,85,5,0.029573283275833737,0.014231394292766274,0.0486400818701156,mean,species,0.95,2000,matched_species_profile,True,MutSpec
CO1,A[C>T]T,A,C,T,T,C>T,A_T,ACT,85,5,0.014387215232829511,0.007493320492827704,0.022397412835294683,mean,species,0.95,2000,matched_species_profile,True,MutSpec
CO1,C[C>T]A,C,C,T,A,C>T,C_A,CCA,85,5,0.025576246525847647,0.01980243410501023,0.032254474265617596,mean,species,0.95,2000,matched_species_profile,True,MutSpec
CO1,C[C>T]C,C,C,T,C,C>T,C_C,CCC,85,5,0.03007890936739212,0.02348440952239159,0.03696809789541132,mean,species,0.95,2000,matched_species_profile,True,MutSpec
CO1,C[C>T]G,C,C,T,G,C>T,C_G,CCG,85,5,0.031180765586990716,0.021709662544682987,0.04196703463428637,mean,species,0.95,2000,matched_species_profile,True,MutSpec
CO1,C[C>T]T,C,C,T,T,C>T,C_T,CCT,85,5,0.021050199733693414,0.010294206860503632,0.03541955788801232,mean,species,0.95,2000,matched_species_profile,True,MutSpec
CO1,G[C>T]A,G,C,T,A,C>T,G_A,GCA,85,5,0.02390758758356901,0.016554119989578186,0.03215217930423288,mean,species,0.95,2000,matched_species_profile,True,MutSpec
CO1,G[C>T]C,G,C,T,C,C>T,G_C,GCC,85,5,0.032893823794820524,0.017000686569622583,0.05154694309558295,mean,species,0.95,2000,matched_species_profile,True,MutSpec
CO1,G[C>T]G,G,C,T,G,C>T,G_G,GCG,85,5,0.02307477141879457,0.012945740085752203,0.03484565709186304,mean,species,0.95,2000,matched_species_profile,True,MutSpec
CO1,G[C>T]T,G,C,T,T,C>T,G_T,GCT,85,5,0.02136405102468551,0.01382440629706262,0.02967420647055148,mean,species,0.95,2000,matched_species_profile,True,MutSpec
CO1,T[C>T]A,T,C,T,A,C>T,T_A,TCA,85,5,0.02502113990967204,0.018129908464949596,0.032981365344985886,mean,species,0.95,2000,matched_species_profile,True,MutSpec
CO1,T[C>T]C,T,C,T,C,C>T,T_C,TCC,85,5,0.03407029089437728,0.021332428239289814,0.0509207151026372,mean,species,0.95,2000,matched_species_profile,True,MutSpec
CO1,T[C>T]G,T,C,T,G,C>T,T_G,TCG,85,5,0.018943868490712473,0.00669995305372068,0.03512762614828757,mean,species,0.95,2000,matched_species_profile,True,MutSpec
CO1,T[C>T]T,T,C,T,T,C>T,T_T,TCT,85,5,0.01004615034653156,0.0040959145108466904,0.017435344048421605,mean,species,0.95,2000,matched_species_profile,True,MutSpec
CO1,A[G>A]A,A,G,A,A,G>A,A_A,AGA,85,5,0.007041282868449185,0.005684863618255536,0.008577900047321054,mean,species,0.95,2000,matched_species_profile,True,MutSpec
CO1,A[G>A]C,A,G,A,C,G>A,A_C,AGC,85,5,0.006817231265280873,0.004475974913706137,0.009432370914108966,mean,species,0.95,2000,matched_species_profile,True,MutSpec
CO1,A[G>A]G,A,G,A,G,G>A,A_G,AGG,85,5,0.00737633332492948,0.005859184900642123,0.009133417590812303,mean,species,0.95,2000,matched_species_profile,True,MutSpec
CO1,A[G>A]T,A,G,A,T,G>A,A_T,AGT,85,5,0.010103951379876705,0.008142421512454374,0.012207580201135135,mean,species,0.95,2000,matched_species_profile,True,MutSpec
CO1,C[G>A]A,C,G,A,A,G>A,C_A,CGA,85,5,0.013666164974746537,0.010337227821784822,0.01780573435295169,mean,species,0.95,2000,matched_species_profile,True,MutSpec
CO1,C[G>A]C,C,G,A,C,G>A,C_C,CGC,85,5,0.02216290964263289,0.01213551865977266,0.03481349536742173,mean,species,0.95,2000,matched_species_profile,True,MutSpec
CO1,C[G>A]G,C,G,A,G,G>A,C_G,CGG,85,5,0.01175255530386594,0.008547147062042878,0.015171182869323932,mean,species,0.95,2000,matched_species_profile,True,MutSpec
CO1,C[G>A]T,C,G,A,T,G>A,C_T,CGT,85,5,0.01344565012151227,0.009202771177779552,0.018453801534362765,mean,species,0.95,2000,matched_species_profile,True,MutSpec
CO1,G[G>A]A,G,G,A,A,G>A,G_A,GGA,85,5,0.009834246765836385,0.007910681998857904,0.011793962636042703,mean,species,0.95,2000,matched_species_profile,True,MutSpec
CO1,G[G>A]C,G,G,A,C,G>A,G_C,GGC,85,5,0.007327976087807938,0.003704867659827364,0.0114195036629658,mean,species,0.95,2000,matched_species_profile,True,MutSpec
CO1,G[G>A]G,G,G,A,G,G>A,G_G,GGG,85,5,0.012076898850915476,0.008936667674401697,0.01590765776367893,mean,species,0.95,2000,matched_species_profile,True,MutSpec
CO1,G[G>A]T,G,G,A,T,G>A,G_T,GGT,85,5,0.014210380950184029,0.009651376142719678,0.019927777170034376,mean,species,0.95,2000,matched_species_profile,True,MutSpec
CO1,T[G>A]A,T,G,A,A,G>A,T_A,TGA,85,5,0.0153170017689639,0.011296266997167473,0.020937569791126244,mean,species,0.95,2000,matched_species_profile,True,MutSpec
CO1,T[G>A]C,T,G,A,C,G>A,T_C,TGC,85,5,0.010354058383407052,0.006512322286727407,0.014399466135784352,mean,species,0.95,2000,matched_species_profile,True,MutSpec
CO1,T[G>A]G,T,G,A,G,G>A,T_G,TGG,85,5,0.012515381677766434,0.009582967430953456,0.015580631250120063,mean,species,0.95,2000,matched_species_profile,True,MutSpec
CO1,T[G>A]T,T,G,A,T,G>A,T_T,TGT,85,5,0.017904226330632343,0.014038075575036797,0.022021783388401456,mean,species,0.95,2000,matched_species_profile,True,MutSpec
CO1,A[G>C]A,A,G,C,A,G>C,A_A,AGA,85,5,0.0002559067137982765,0.0,0.0007677201413948294,mean,species,0.95,2000,matched_species_profile,True,MutSpec
CO1,A[G>C]C,A,G,C,C,G>C,A_C,AGC,85,5,0.0,0.0,0.0,mean,species,0.95,2000,matched_species_profile,True,MutSpec
CO1,A[G>C]G,A,G,C,G,G>C,A_G,AGG,85,5,0.0003508257467805576,0.0,0.0007861310667298216,mean,species,0.95,2000,matched_species_profile,True,MutSpec
CO1,A[G>C]T,A,G,C,T,G>C,A_T,AGT,85,5,0.0,0.0,0.0,mean,species,0.95,2000,matched_species_profile,True,MutSpec
CO1,C[G>C]A,C,G,C,A,G>C,C_A,CGA,85,5,0.00045536180988061645,0.0,0.0013660854296418494,mean,species,0.95,2000,matched_species_profile,True,MutSpec
CO1,C[G>C]C,C,G,C,C,G>C,C_C,CGC,85,5,0.0010670799878463764,0.0,0.003038978289685031,mean,species,0.95,2000,matched_species_profile,True,MutSpec
CO1,C[G>C]G,C,G,C,G,G>C,C_G,CGG,85,5,3.7475764238320004e-05,0.0,0.00011242729271496,mean,species,0.95,2000,matched_species_profile,True,MutSpec
CO1,C[G>C]T,C,G,C,T,G>C,C_T,CGT,85,5,0.0,0.0,0.0,mean,species,0.95,2000,matched_species_profile,True,MutSpec
CO1,G[G>C]A,G,G,C,A,G>C,G_A,GGA,85,5,2.0998146434942352e-05,0.0,6.299443930482707e-05,mean,species,0.95,2000,matched_species_profile,True,MutSpec
CO1,G[G>C]C,G,G,C,C,G>C,G_C,GGC,85,5,0.0,0.0,0.0,mean,species,0.95,2000,matched_species_profile,True,MutSpec
CO1,G[G>C]G,G,G,C,G,G>C,G_G,GGG,85,5,0.00040034113724994824,0.0,0.0009327146628610964,mean,species,0.95,2000,matched_species_profile,True,MutSpec
CO1,G[G>C]T,G,G,C,T,G>C,G_T,GGT,85,5,0.0,0.0,0.0,mean,species,0.95,2000,matched_species_profile,True,MutSpec
CO1,T[G>C]A,T,G,C,A,G>C,T_A,TGA,85,5,0.0005951518260301494,0.0,0.001553097817573859,mean,species,0.95,2000,matched_species_profile,True,MutSpec
CO1,T[G>C]C,T,G,C,C,G>C,T_C,TGC,85,5,0.0,0.0,0.0,mean,species,0.95,2000,matched_species_profile,True,MutSpec
CO1,T[G>C]G,T,G,C,G,G>C,T_G,TGG,85,5,0.00027586863121677175,0.0,0.0007127806613185094,mean,species,0.95,2000,matched_species_profile,True,MutSpec
CO1,T[G>C]T,T,G,C,T,G>C,T_T,TGT,85,5,0.0,0.0,0.0,mean,species,0.95,2000,matched_species_profile,True,MutSpec
CO1,A[G>T]A,A,G,T,A,G>T,A_A,AGA,85,5,0.0035518881954485918,0.0014621817603349865,0.006154984522112498,mean,species,0.95,2000,matched_species_profile,True,MutSpec
CO1,A[G>T]C,A,G,T,C,G>T,A_C,AGC,85,5,0.001579134894399492,0.00013049561673193766,0.003671062056193166,mean,species,0.95,2000,matched_species_profile,True,MutSpec
CO1,A[G>T]G,A,G,T,G,G>T,A_G,AGG,85,5,0.0009446910060842811,0.0002919368399202812,0.0017776796248264873,mean,species,0.95,2000,matched_species_profile,True,MutSpec
CO1,A[G>T]T,A,G,T,T,G>T,A_T,AGT,85,5,0.0,0.0,0.0,mean,species,0.95,2000,matched_species_profile,True,MutSpec
CO1,C[G>T]A,C,G,T,A,G>T,C_A,CGA,85,5,0.001105390468799159,0.00022294326809885884,0.0022688390586060566,mean,species,0.95,2000,matched_species_profile,True,MutSpec
CO1,C[G>T]C,C,G,T,C,G>T,C_C,CGC,85,5,0.0006917728959460083,0.0,0.0016679835884535388,mean,species,0.95,2000,matched_species_profile,True,MutSpec
CO1,C[G>T]G,C,G,T,G,G>T,C_G,CGG,85,5,0.0014856253790343763,0.0005835837073788723,0.0027040651553077366,mean,species,0.95,2000,matched_species_profile,True,MutSpec
CO1,C[G>T]T,C,G,T,T,G>T,C_T,CGT,85,5,0.0,0.0,0.0,mean,species,0.95,2000,matched_species_profile,True,MutSpec
CO1,G[G>T]A,G,G,T,A,G>T,G_A,GGA,85,5,0.0024648767675637755,0.000814767780301378,0.004490038682865585,mean,species,0.95,2000,matched_species_profile,True,MutSpec
CO1,G[G>T]C,G,G,T,C,G>T,G_C,GGC,85,5,0.0,0.0,0.0,mean,species,0.95,2000,matched_species_profile,True,MutSpec
CO1,G[G>T]G,G,G,T,G,G>T,G_G,GGG,85,5,0.0010068085586236164,0.000410992471166651,0.0017545824746779,mean,species,0.95,2000,matched_species_profile,True,MutSpec
CO1,G[G>T]T,G,G,T,T,G>T,G_T,GGT,85,5,0.0,0.0,0.0,mean,species,0.95,2000,matched_species_profile,True,MutSpec
CO1,T[G>T]A,T,G,T,A,G>T,T_A,TGA,85,5,0.004165583312507595,0.0014273290160975985,0.007378017149562513,mean,species,0.95,2000,matched_species_profile,True,MutSpec
CO1,T[G>T]C,T,G,T,C,G>T,T_C,TGC,85,5,0.0008228319154335729,0.0,0.002220392477500335,mean,species,0.95,2000,matched_species_profile,True,MutSpec
CO1,T[G>T]G,T,G,T,G,G>T,T_G,TGG,85,5,0.00035237014911790706,5.6322208826304705e-05,0.0007598590711630323,mean,species,0.95,2000,matched_species_profile,True,MutSpec
CO1,T[G>T]T,T,G,T,T,G>T,T_T,TGT,85,5,0.0,0.0,0.0,mean,species,0.95,2000,matched_species_profile,True,MutSpec
CO1,A[T>A]A,A,T,A,A,T>A,A_A,ATA,85,5,0.0006966068054309011,0.00011268034105227762,0.0015169345989996818,mean,species,0.95,2000,matched_species_profile,True,MutSpec
CO1,A[T>A]C,A,T,A,C,T>A,A_C,ATC,85,5,0.00033026748051468823,0.0,0.0007941592849682035,mean,species,0.95,2000,matched_species_profile,True,MutSpec
CO1,A[T>A]G,A,T,A,G,T>A,A_G,ATG,85,5,0.0009145312854662282,0.00015616583235971527,0.0022327936057321557,mean,species,0.95,2000,matched_species_profile,True,MutSpec
CO1,A[T>A]T,A,T,A,T,T>A,A_T,ATT,85,5,0.0,0.0,0.0,mean,species,0.95,2000,matched_species_profile,True,MutSpec
CO1,C[T>A]A,C,T,A,A,T>A,C_A,CTA,85,5,0.0003708164115278588,5.5699456872207055e-05,0.0007532665861065494,mean,species,0.95,2000,matched_species_profile,True,MutSpec
CO1,C[T>A]C,C,T,A,C,T>A,C_C,CTC,85,5,0.00032964962213180826,4.312223664496941e-05,0.0007187984176953829,mean,species,0.95,2000,matched_species_profile,True,MutSpec
CO1,C[T>A]G,C,T,A,G,T>A,C_G,CTG,85,5,0.0005188431528431048,0.00015802787976352905,0.0009745357881934872,mean,species,0.95,2000,matched_species_profile,True,MutSpec
CO1,C[T>A]T,C,T,A,T,T>A,C_T,CTT,85,5,0.0,0.0,0.0,mean,species,0.95,2000,matched_species_profile,True,MutSpec
CO1,G[T>A]A,G,T,A,A,T>A,G_A,GTA,85,5,0.003422429496518025,0.0017947726185317335,0.005136060630741147,mean,species,0.95,2000,matched_species_profile,True,MutSpec
CO1,G[T>A]C,G,T,A,C,T>A,G_C,GTC,85,5,0.0003555173962024482,0.0,0.0010665521886073447,mean,species,0.95,2000,matched_species_profile,True,MutSpec
CO1,G[T>A]G,G,T,A,G,T>A,G_G,GTG,85,5,0.0010204772153249223,0.00029759890346222094,0.0018795512839979314,mean,species,0.95,2000,matched_species_profile,True,MutSpec
CO1,G[T>A]T,G,T,A,T,T>A,G_T,GTT,85,5,0.0,0.0,0.0,mean,species,0.95,2000,matched_species_profile,True,MutSpec
CO1,T[T>A]A,T,T,A,A,T>A,T_A,TTA,85,5,0.00226954477415542,0.0009169021876692641,0.00393001120524075,mean,species,0.95,2000,matched_species_profile,True,MutSpec
CO1,T[T>A]C,T,T,A,C,T>A,T_C,TTC,85,5,0.0014995875498046215,0.0003705842674501521,0.003043682615644102,mean,species,0.95,2000,matched_species_profile,True,MutSpec
CO1,T[T>A]G,T,T,A,G,T>A,T_G,TTG,85,5,0.0011055398034130095,0.00048477211478789367,0.0019165976428006267,mean,species,0.95,2000,matched_species_profile,True,MutSpec
CO1,T[T>A]T,T,T,A,T,T>A,T_T,TTT,85,5,0.0,0.0,0.0,mean,species,0.95,2000,matched_species_profile,True,MutSpec
CO1,A[T>C]A,A,T,C,A,T>C,A_A,ATA,85,5,0.011709052784170794,0.00845822188923885,0.01549068571215561,mean,species,0.95,2000,matched_species_profile,True,MutSpec
CO1,A[T>C]C,A,T,C,C,T>C,A_C,ATC,85,5,0.011506694983187769,0.008551550944742678,0.014876814197641908,mean,species,0.95,2000,matched_species_profile,True,MutSpec
CO1,A[T>C]G,A,T,C,G,T>C,A_G,ATG,85,5,0.004901159954864287,0.003412499291434468,0.006439538568625061,mean,species,0.95,2000,matched_species_profile,True,MutSpec
CO1,A[T>C]T,A,T,C,T,T>C,A_T,ATT,85,5,0.005426319642118525,0.0026900701075942054,0.008856776638000694,mean,species,0.95,2000,matched_species_profile,True,MutSpec
CO1,C[T>C]A,C,T,C,A,T>C,C_A,CTA,85,5,0.00703362044444947,0.005505708669542601,0.008815224733912962,mean,species,0.95,2000,matched_species_profile,True,MutSpec
CO1,C[T>C]C,C,T,C,C,T>C,C_C,CTC,85,5,0.012191220060434821,0.009537596650033207,0.015139908146817961,mean,species,0.95,2000,matched_species_profile,True,MutSpec
CO1,C[T>C]G,C,T,C,G,T>C,C_G,CTG,85,5,0.005420280928281347,0.00408871416339124,0.006897017167820073,mean,species,0.95,2000,matched_species_profile,True,MutSpec
CO1,C[T>C]T,C,T,C,T,T>C,C_T,CTT,85,5,0.005109806384296469,0.003190875738498613,0.007258033835467001,mean,species,0.95,2000,matched_species_profile,True,MutSpec
CO1,G[T>C]A,G,T,C,A,T>C,G_A,GTA,85,5,0.00800188731456086,0.006189581476292773,0.010044554352511162,mean,species,0.95,2000,matched_species_profile,True,MutSpec
CO1,G[T>C]C,G,T,C,C,T>C,G_C,GTC,85,5,0.00901603077541831,0.005689952759780397,0.012955459113008626,mean,species,0.95,2000,matched_species_profile,True,MutSpec
CO1,G[T>C]G,G,T,C,G,T>C,G_G,GTG,85,5,0.007782152763622274,0.005463725809044349,0.010512673416590049,mean,species,0.95,2000,matched_species_profile,True,MutSpec
CO1,G[T>C]T,G,T,C,T,T>C,G_T,GTT,85,5,0.011007269234506805,0.008241953113099712,0.014124443574252275,mean,species,0.95,2000,matched_species_profile,True,MutSpec
CO1,T[T>C]A,T,T,C,A,T>C,T_A,TTA,85,5,0.005499126693383614,0.004227960550397818,0.006926029991736065,mean,species,0.95,2000,matched_species_profile,True,MutSpec
CO1,T[T>C]C,T,T,C,C,T>C,T_C,TTC,85,5,0.008852245177111676,0.006532002677687001,0.011446552858752053,mean,species,0.95,2000,matched_species_profile,True,MutSpec
CO1,T[T>C]G,T,T,C,G,T>C,T_G,TTG,85,5,0.0028029078521094033,0.001670358506216887,0.0041360588582818455,mean,species,0.95,2000,matched_species_profile,True,MutSpec
CO1,T[T>C]T,T,T,C,T,T>C,T_T,TTT,85,5,0.0066643539639401434,0.0030514757988512483,0.011032092249224903,mean,species,0.95,2000,matched_species_profile,True,MutSpec
CO1,A[T>G]A,A,T,G,A,T>G,A_A,ATA,85,5,0.000721242582911526,0.00012123335802646236,0.0015803272826637664,mean,species,0.95,2000,matched_species_profile,True,MutSpec
CO1,A[T>G]C,A,T,G,C,T>G,A_C,ATC,85,5,0.0006153113704128482,0.0,0.001548317650612379,mean,species,0.95,2000,matched_species_profile,True,MutSpec
CO1,A[T>G]G,A,T,G,G,T>G,A_G,ATG,85,5,0.0008530242942468376,0.0003396881958527521,0.0014856331772213243,mean,species,0.95,2000,matched_species_profile,True,MutSpec
CO1,A[T>G]T,A,T,G,T,T>G,A_T,ATT,85,5,0.0,0.0,0.0,mean,species,0.95,2000,matched_species_profile,True,MutSpec
CO1,C[T>G]A,C,T,G,A,T>G,C_A,CTA,85,5,0.000282060354940353,0.0,0.0006953418327490941,mean,species,0.95,2000,matched_species_profile,True,MutSpec
CO1,C[T>G]C,C,T,G,C,T>G,C_C,CTC,85,5,8.716518213022118e-05,0.0,0.0002044026763468047,mean,species,0.95,2000,matched_species_profile,True,MutSpec
CO1,C[T>G]G,C,T,G,G,T>G,C_G,CTG,85,5,0.00046897516113161885,0.00010080514459387192,0.0009263903705270853,mean,species,0.95,2000,matched_species_profile,True,MutSpec
CO1,C[T>G]T,C,T,G,T,T>G,C_T,CTT,85,5,0.0,0.0,0.0,mean,species,0.95,2000,matched_species_profile,True,MutSpec
CO1,G[T>G]A,G,T,G,A,T>G,G_A,GTA,85,5,0.000385074116703953,3.905730353676118e-05,0.0008957616284585006,mean,species,0.95,2000,matched_species_profile,True,MutSpec
CO1,G[T>G]C,G,T,G,C,T>G,G_C,GTC,85,5,0.0,0.0,0.0,mean,species,0.95,2000,matched_species_profile,True,MutSpec
CO1,G[T>G]G,G,T,G,G,T>G,G_G,GTG,85,5,0.002028358978800073,0.000964590754200245,0.0031704326393297228,mean,species,0.95,2000,matched_species_profile,True,MutSpec
CO1,G[T>G]T,G,T,G,T,T>G,G_T,GTT,85,5,0.0,0.0,0.0,mean,species,0.95,2000,matched_species_profile,True,MutSpec
CO1,T[T>G]A,T,T,G,A,T>G,T_A,TTA,85,5,0.00029996518829357763,0.0,0.0008744357677250892,mean,species,0.95,2000,matched_species_profile,True,MutSpec
CO1,T[T>G]C,T,T,G,C,T>G,T_C,TTC,85,5,0.0002604119293105106,0.0,0.0007432570764115871,mean,species,0.95,2000,matched_species_profile,True,MutSpec
CO1,T[T>G]G,T,T,G,G,T>G,T_G,TTG,85,5,2.4267455922545885e-05,0.0,7.280236776763766e-05,mean,species,0.95,2000,matched_species_profile,True,MutSpec
CO1,T[T>G]T,T,T,G,T,T>G,T_T,TTT,85,5,0.0,0.0,0.0,mean,species,0.95,2000,matched_species_profile,True,MutSpec
CO3,A[A>C]A,A,A,C,A,A>C,A_A,AAA,85,5,0.0,0.0,0.0,mean,species,0.95,2000,matched_species_profile,True,MutSpec
CO3,A[A>C]C,A,A,C,C,A>C,A_C,AAC,85,5,0.0035795918801251364,0.0007057396360364482,0.007128771050492354,mean,species,0.95,2000,matched_species_profile,True,MutSpec
CO3,A[A>C]G,A,A,C,G,A>C,A_G,AAG,85,5,0.0,0.0,0.0,mean,species,0.95,2000,matched_species_profile,True,MutSpec
CO3,A[A>C]T,A,A,C,T,A>C,A_T,AAT,85,5,0.0,0.0,0.0,mean,species,0.95,2000,matched_species_profile,True,MutSpec
CO3,C[A>C]A,C,A,C,A,A>C,C_A,CAA,85,5,0.000908785475399274,0.0,0.0027263564261978224,mean,species,0.95,2000,matched_species_profile,True,MutSpec
CO3,C[A>C]C,C,A,C,C,A>C,C_C,CAC,85,5,0.0016103079617193691,0.0,0.003865382689805683,mean,species,0.95,2000,matched_species_profile,True,MutSpec
CO3,C[A>C]G,C,A,C,G,A>C,C_G,CAG,85,5,0.0,0.0,0.0,mean,species,0.95,2000,matched_species_profile,True,MutSpec
CO3,C[A>C]T,C,A,C,T,A>C,C_T,CAT,85,5,0.0,0.0,0.0,mean,species,0.95,2000,matched_species_profile,True,MutSpec
CO3,G[A>C]A,G,A,C,A,A>C,G_A,GAA,85,5,0.0,0.0,0.0,mean,species,0.95,2000,matched_species_profile,True,MutSpec
CO3,G[A>C]C,G,A,C,C,A>C,G_C,GAC,85,5,0.0,0.0,0.0,mean,species,0.95,2000,matched_species_profile,True,MutSpec
CO3,G[A>C]G,G,A,C,G,A>C,G_G,GAG,85,5,0.00026131378932919293,0.0,0.0007839413679875787,mean,species,0.95,2000,matched_species_profile,True,MutSpec
CO3,G[A>C]T,G,A,C,T,A>C,G_T,GAT,85,5,0.0,0.0,0.0,mean,species,0.95,2000,matched_species_profile,True,MutSpec
CO3,T[A>C]A,T,A,C,A,A>C,T_A,TAA,85,5,0.0,0.0,0.0,mean,species,0.95,2000,matched_species_profile,True,MutSpec
CO3,T[A>C]C,T,A,C,C,A>C,T_C,TAC,85,5,0.00030568293518436467,0.0,0.0008068856238500847,mean,species,0.95,2000,matched_species_profile,True,MutSpec
CO3,T[A>C]G,T,A,C,G,A>C,T_G,TAG,85,5,0.00019878372219762707,0.0,0.0005963511665928812,mean,species,0.95,2000,matched_species_profile,True,MutSpec
CO3,T[A>C]T,T,A,C,T,A>C,T_T,TAT,85,5,0.0,0.0,0.0,mean,species,0.95,2000,matched_species_profile,True,MutSpec
CO3,A[A>G]A,A,A,G,A,A>G,A_A,AAA,85,5,0.010592586056538653,0.008068852014274435,0.013432288805842496,mean,species,0.95,2000,matched_species_profile,True,MutSpec
CO3,A[A>G]C,A,A,G,C,A>G,A_C,AAC,85,5,0.02008042392853599,0.013444347007835766,0.027602518619825576,mean,species,0.95,2000,matched_species_profile,True,MutSpec
CO3,A[A>G]G,A,A,G,G,A>G,A_G,AAG,85,5,0.015474108434389813,0.010453206862138948,0.02305582066758004,mean,species,0.95,2000,matched_species_profile,True,MutSpec
CO3,A[A>G]T,A,A,G,T,A>G,A_T,AAT,85,5,0.01806893372976072,0.014253676811661101,0.022559880240300083,mean,species,0.95,2000,matched_species_profile,True,MutSpec
CO3,C[A>G]A,C,A,G,A,A>G,C_A,CAA,85,5,0.010335201135864976,0.007319750537872612,0.013460250773390416,mean,species,0.95,2000,matched_species_profile,True,MutSpec
CO3,C[A>G]C,C,A,G,C,A>G,C_C,CAC,85,5,0.005384571537249347,0.0020023417471582597,0.010056954086869845,mean,species,0.95,2000,matched_species_profile,True,MutSpec
CO3,C[A>G]G,C,A,G,G,A>G,C_G,CAG,85,5,0.015117683359352888,0.009782896616765596,0.02141942367717209,mean,species,0.95,2000,matched_species_profile,True,MutSpec
CO3,C[A>G]T,C,A,G,T,A>G,C_T,CAT,85,5,0.014020237617671103,0.009883870278235424,0.018952153098904523,mean,species,0.95,2000,matched_species_profile,True,MutSpec
CO3,G[A>G]A,G,A,G,A,A>G,G_A,GAA,85,5,0.01644301857763633,0.012676160180334494,0.020881456347107665,mean,species,0.95,2000,matched_species_profile,True,MutSpec
CO3,G[A>G]C,G,A,G,C,A>G,G_C,GAC,85,5,0.020003800870398117,0.010656100551053047,0.032493703506958224,mean,species,0.95,2000,matched_species_profile,True,MutSpec
CO3,G[A>G]G,G,A,G,G,A>G,G_G,GAG,85,5,0.021637847273645483,0.015194554550285977,0.029010238292221647,mean,species,0.95,2000,matched_species_profile,True,MutSpec
CO3,G[A>G]T,G,A,G,T,A>G,G_T,GAT,85,5,0.024951024724196757,0.017437409828771153,0.033409798707122004,mean,species,0.95,2000,matched_species_profile,True,MutSpec
CO3,T[A>G]A,T,A,G,A,A>G,T_A,TAA,85,5,0.013689959487019026,0.010703119229436857,0.016956288252585324,mean,species,0.95,2000,matched_species_profile,True,MutSpec
CO3,T[A>G]C,T,A,G,C,A>G,T_C,TAC,85,5,0.011121648497799343,0.005192508620275494,0.01824231926584551,mean,species,0.95,2000,matched_species_profile,True,MutSpec
CO3,T[A>G]G,T,A,G,G,A>G,T_G,TAG,85,5,0.015246407367093318,0.010432134310800426,0.02075045593992839,mean,species,0.95,2000,matched_species_profile,True,MutSpec
CO3,T[A>G]T,T,A,G,T,A>G,T_T,TAT,85,5,0.02284370860451726,0.01585504406299999,0.03068939864208981,mean,species,0.95,2000,matched_species_profile,True,MutSpec
CO3,A[A>T]A,A,A,T,A,A>T,A_A,AAA,85,5,0.00184373756587298,0.00042747602290409766,0.003950751518852721,mean,species,0.95,2000,matched_species_profile,True,MutSpec
CO3,A[A>T]C,A,A,T,C,A>T,A_C,AAC,85,5,0.0016430786334744553,0.0,0.004292482960426583,mean,species,0.95,2000,matched_species_profile,True,MutSpec
CO3,A[A>T]G,A,A,T,G,A>T,A_G,AAG,85,5,0.00032308633535407057,0.0,0.0009692590060622118,mean,species,0.95,2000,matched_species_profile,True,MutSpec
CO3,A[A>T]T,A,A,T,T,A>T,A_T,AAT,85,5,0.0,0.0,0.0,mean,species,0.95,2000,matched_species_profile,True,MutSpec
CO3,C[A>T]A,C,A,T,A,A>T,C_A,CAA,85,5,0.0004195326553580012,0.0,0.0011862650997162955,mean,species,0.95,2000,matched_species_profile,True,MutSpec
CO3,C[A>T]C,C,A,T,C,A>T,C_C,CAC,85,5,0.0003031750726471259,0.0,0.0009095252179413776,mean,species,0.95,2000,matched_species_profile,True,MutSpec
CO3,C[A>T]G,C,A,T,G,A>T,C_G,CAG,85,5,0.00019350676420847997,0.0,0.0005410775057171305,mean,species,0.95,2000,matched_species_profile,True,MutSpec
CO3,C[A>T]T,C,A,T,T,A>T,C_T,CAT,85,5,0.0,0.0,0.0,mean,species,0.95,2000,matched_species_profile,True,MutSpec
CO3,G[A>T]A,G,A,T,A,A>T,G_A,GAA,85,5,0.00011492006952211294,0.0,0.0003046450839885447,mean,species,0.95,2000,matched_species_profile,True,MutSpec
CO3,G[A>T]C,G,A,T,C,A>T,G_C,GAC,85,5,0.0006368602135982859,0.0,0.0019105806407948578,mean,species,0.95,2000,matched_species_profile,True,MutSpec
CO3,G[A>T]G,G,A,T,G,A>T,G_G,GAG,85,5,0.0006863715576797354,0.00016600167894221932,0.0012992274676843886,mean,species,0.95,2000,matched_species_profile,True,MutSpec
CO3,G[A>T]T,G,A,T,T,A>T,G_T,GAT,85,5,0.0,0.0,0.0,mean,species,0.95,2000,matched_species_profile,True,MutSpec
CO3,T[A>T]A,T,A,T,A,A>T,T_A,TAA,85,5,0.0012592606530870013,4.7857227516670596e-05,0.002785071451022661,mean,species,0.95,2000,matched_species_profile,True,MutSpec
CO3,T[A>T]C,T,A,T,C,A>T,T_C,TAC,85,5,0.01017729807404522,0.0006820552226392071,0.02712278862913549,mean,species,0.95,2000,matched_species_profile,True,MutSpec
CO3,T[A>T]G,T,A,T,G,A>T,T_G,TAG,85,5,0.0007580649708641837,0.00013392034621354822,0.0016083848272472677,mean,species,0.95,2000,matched_species_profile,True,MutSpec
CO3,T[A>T]T,T,A,T,T,A>T,T_T,TAT,85,5,0.0,0.0,0.0,mean,species,0.95,2000,matched_species_profile,True,MutSpec
CO3,A[C>A]A,A,C,A,A,C>A,A_A,ACA,85,5,0.0,0.0,0.0,mean,species,0.95,2000,matched_species_profile,True,MutSpec
CO3,A[C>A]C,A,C,A,C,C>A,A_C,ACC,85,5,0.0035886971500607803,0.0,0.010196695795453369,mean,species,0.95,2000,matched_species_profile,True,MutSpec
CO3,A[C>A]G,A,C,A,G,C>A,A_G,ACG,85,5,0.0,0.0,0.0,mean,species,0.95,2000,matched_species_profile,True,MutSpec
CO3,A[C>A]T,A,C,A,T,C>A,A_T,ACT,85,5,0.0,0.0,0.0,mean,species,0.95,2000,matched_species_profile,True,MutSpec
CO3,C[C>A]A,C,C,A,A,C>A,C_A,CCA,85,5,0.00015026938383379176,0.0,0.00045080815150137527,mean,species,0.95,2000,matched_species_profile,True,MutSpec
CO3,C[C>A]C,C,C,A,C,C>A,C_C,CCC,85,5,0.0012011157809692305,0.0,0.0031447233854385187,mean,species,0.95,2000,matched_species_profile,True,MutSpec
CO3,C[C>A]G,C,C,A,G,C>A,C_G,CCG,85,5,0.0006087598415324117,0.0,0.0018262795245972355,mean,species,0.95,2000,matched_species_profile,True,MutSpec
CO3,C[C>A]T,C,C,A,T,C>A,C_T,CCT,85,5,0.0,0.0,0.0,mean,species,0.95,2000,matched_species_profile,True,MutSpec
CO3,G[C>A]A,G,C,A,A,C>A,G_A,GCA,85,5,0.0006585360770309588,0.0,0.0019756082310928764,mean,species,0.95,2000,matched_species_profile,True,MutSpec
CO3,G[C>A]C,G,C,A,C,C>A,G_C,GCC,85,5,0.0,0.0,0.0,mean,species,0.95,2000,matched_species_profile,True,MutSpec
CO3,G[C>A]G,G,C,A,G,C>A,G_G,GCG,85,5,0.007018053037520565,0.0,0.02103551478202688,mean,species,0.95,2000,matched_species_profile,True,MutSpec
CO3,G[C>A]T,G,C,A,T,C>A,G_T,GCT,85,5,0.0,0.0,0.0,mean,species,0.95,2000,matched_species_profile,True,MutSpec
CO3,T[C>A]A,T,C,A,A,C>A,T_A,TCA,85,5,5.688413722341882e-05,0.0,0.00017065241167025646,mean,species,0.95,2000,matched_species_profile,True,MutSpec
CO3,T[C>A]C,T,C,A,C,C>A,T_C,TCC,85,5,0.0,0.0,0.0,mean,species,0.95,2000,matched_species_profile,True,MutSpec
CO3,T[C>A]G,T,C,A,G,C>A,T_G,TCG,85,5,0.00015026938383379176,0.0,0.00045080815150137527,mean,species,0.95,2000,matched_species_profile,True,MutSpec
CO3,T[C>A]T,T,C,A,T,C>A,T_T,TCT,85,5,0.0,0.0,0.0,mean,species,0.95,2000,matched_species_profile,True,MutSpec
CO3,A[C>G]A,A,C,G,A,C>G,A_A,ACA,85,5,0.0006144261952983706,0.0,0.0017536611249433,mean,species,0.95,2000,matched_species_profile,True,MutSpec
CO3,A[C>G]C,A,C,G,C,C>G,A_C,ACC,85,5,0.0018710890335828635,0.00028585050419702585,0.004014128809896539,mean,species,0.95,2000,matched_species_profile,True,MutSpec
CO3,A[C>G]G,A,C,G,G,C>G,A_G,ACG,85,5,0.0014951886610445671,0.0,0.003943033393535264,mean,species,0.95,2000,matched_species_profile,True,MutSpec
CO3,A[C>G]T,A,C,G,T,C>G,A_T,ACT,85,5,0.0,0.0,0.0,mean,species,0.95,2000,matched_species_profile,True,MutSpec
CO3,C[C>G]A,C,C,G,A,C>G,C_A,CCA,85,5,0.0,0.0,0.0,mean,species,0.95,2000,matched_species_profile,True,MutSpec
CO3,C[C>G]C,C,C,G,C,C>G,C_C,CCC,85,5,0.00017894565722607292,0.0,0.0005368369716782187,mean,species,0.95,2000,matched_species_profile,True,MutSpec
CO3,C[C>G]G,C,C,G,G,C>G,C_G,CCG,85,5,0.003959105392200969,0.0,0.011877316176602908,mean,species,0.95,2000,matched_species_profile,True,MutSpec
CO3,C[C>G]T,C,C,G,T,C>G,C_T,CCT,85,5,0.0,0.0,0.0,mean,species,0.95,2000,matched_species_profile,True,MutSpec
CO3,G[C>G]A,G,C,G,A,C>G,G_A,GCA,85,5,0.0042440369562349095,0.0,0.010323329055685719,mean,species,0.95,2000,matched_species_profile,True,MutSpec
CO3,G[C>G]C,G,C,G,C,C>G,G_C,GCC,85,5,0.00056989860647114,0.0,0.0017096958194134202,mean,species,0.95,2000,matched_species_profile,True,MutSpec
CO3,G[C>G]G,G,C,G,G,C>G,G_G,GCG,85,5,0.0011440559664046082,0.0,0.003394885390773275,mean,species,0.95,2000,matched_species_profile,True,MutSpec
CO3,G[C>G]T,G,C,G,T,C>G,G_T,GCT,85,5,0.0,0.0,0.0,mean,species,0.95,2000,matched_species_profile,True,MutSpec
CO3,T[C>G]A,T,C,G,A,C>G,T_A,TCA,85,5,0.0007614349610045129,0.0,0.002284304883013539,mean,species,0.95,2000,matched_species_profile,True,MutSpec
CO3,T[C>G]C,T,C,G,C,C>G,T_C,TCC,85,5,0.0006094381566389894,0.0,0.0018283144699169683,mean,species,0.95,2000,matched_species_profile,True,MutSpec
CO3,T[C>G]G,T,C,G,G,C>G,T_G,TCG,85,5,0.002258587209314147,0.0,0.005527885293439319,mean,species,0.95,2000,matched_species_profile,True,MutSpec
CO3,T[C>G]T,T,C,G,T,C>G,T_T,TCT,85,5,0.0,0.0,0.0,mean,species,0.95,2000,matched_species_profile,True,MutSpec
CO3,A[C>T]A,A,C,T,A,C>T,A_A,ACA,85,5,0.02522281437496453,0.015638450985747166,0.03661734096956396,mean,species,0.95,2000,matched_species_profile,True,MutSpec
CO3,A[C>T]C,A,C,T,C,C>T,A_C,ACC,85,5,0.036966684423404304,0.022359775170777658,0.05270625281743648,mean,species,0.95,2000,matched_species_profile,True,MutSpec
CO3,A[C>T]G,A,C,T,G,C>T,A_G,ACG,85,5,0.011313362523659989,0.004351865218450412,0.020158047502418616,mean,species,0.95,2000,matched_species_profile,True,MutSpec
CO3,A[C>T]T,A,C,T,T,C>T,A_T,ACT,85,5,0.021495561952785125,0.012560741100572535,0.032584630003092016,mean,species,0.95,2000,matched_species_profile,True,MutSpec
CO3,C[C>T]A,C,C,T,A,C>T,C_A,CCA,85,5,0.037826169688364865,0.019253751182417116,0.060868295145303536,mean,species,0.95,2000,matched_species_profile,True,MutSpec
CO3,C[C>T]C,C,C,T,C,C>T,C_C,CCC,85,5,0.02239905971485908,0.013689238668820282,0.03205540833445385,mean,species,0.95,2000,matched_species_profile,True,MutSpec
CO3,C[C>T]G,C,C,T,G,C>T,C_G,CCG,85,5,0.013487404908658645,0.005468442365819418,0.023652457459174558,mean,species,0.95,2000,matched_species_profile,True,MutSpec
CO3,C[C>T]T,C,C,T,T,C>T,C_T,CCT,85,5,0.034406908932716015,0.02403796690920729,0.04624827205105527,mean,species,0.95,2000,matched_species_profile,True,MutSpec
CO3,G[C>T]A,G,C,T,A,C>T,G_A,GCA,85,5,0.03068572928828351,0.02064027313846706,0.041401480966817936,mean,species,0.95,2000,matched_species_profile,True,MutSpec
CO3,G[C>T]C,G,C,T,C,C>T,G_C,GCC,85,5,0.028812109676840787,0.017208342428790175,0.04230222516350983,mean,species,0.95,2000,matched_species_profile,True,MutSpec
CO3,G[C>T]G,G,C,T,G,C>T,G_G,GCG,85,5,0.017816253772688143,0.00870526603841133,0.028607606325854754,mean,species,0.95,2000,matched_species_profile,True,MutSpec
CO3,G[C>T]T,G,C,T,T,C>T,G_T,GCT,85,5,0.007836567667663243,0.0015171738492287588,0.016554767921906324,mean,species,0.95,2000,matched_species_profile,True,MutSpec
CO3,T[C>T]A,T,C,T,A,C>T,T_A,TCA,85,5,0.018529370985409854,0.010397629477460915,0.028464879526211448,mean,species,0.95,2000,matched_species_profile,True,MutSpec
CO3,T[C>T]C,T,C,T,C,C>T,T_C,TCC,85,5,0.020091483795818467,0.009066104557670046,0.03289752172456731,mean,species,0.95,2000,matched_species_profile,True,MutSpec
CO3,T[C>T]G,T,C,T,G,C>T,T_G,TCG,85,5,0.01716783678011113,0.007215794463170428,0.028689366547432208,mean,species,0.95,2000,matched_species_profile,True,MutSpec
CO3,T[C>T]T,T,C,T,T,C>T,T_T,TCT,85,5,0.02045368164826895,0.004340130320492777,0.04149034490819721,mean,species,0.95,2000,matched_species_profile,True,MutSpec
CO3,A[G>A]A,A,G,A,A,G>A,A_A,AGA,85,5,0.007455067882726166,0.0054896329070512895,0.00961215597375706,mean,species,0.95,2000,matched_species_profile,True,MutSpec
CO3,A[G>A]C,A,G,A,C,G>A,A_C,AGC,85,5,0.004498657974898052,0.0029228130070904916,0.006341261020920702,mean,species,0.95,2000,matched_species_profile,True,MutSpec
CO3,A[G>A]G,A,G,A,G,G>A,A_G,AGG,85,5,0.005834569488400056,0.004110529227791308,0.007673859159322374,mean,species,0.95,2000,matched_species_profile,True,MutSpec
CO3,A[G>A]T,A,G,A,T,G>A,A_T,AGT,85,5,0.007700016139326234,0.005704856040933516,0.010147445892282862,mean,species,0.95,2000,matched_species_profile,True,MutSpec
CO3,C[G>A]A,C,G,A,A,G>A,C_A,CGA,85,5,0.01377887051006834,0.009699910440158556,0.018312672141791136,mean,species,0.95,2000,matched_species_profile,True,MutSpec
CO3,C[G>A]C,C,G,A,C,G>A,C_C,CGC,85,5,0.012331159522758097,0.0018921632840200938,0.03059435006332846,mean,species,0.95,2000,matched_species_profile,True,MutSpec
CO3,C[G>A]G,C,G,A,G,G>A,C_G,CGG,85,5,0.010297177416200464,0.006919274238160388,0.014101911408777115,mean,species,0.95,2000,matched_species_profile,True,MutSpec
CO3,C[G>A]T,C,G,A,T,G>A,C_T,CGT,85,5,0.01233155652873867,0.008866811968517067,0.016159812623084257,mean,species,0.95,2000,matched_species_profile,True,MutSpec
CO3,G[G>A]A,G,G,A,A,G>A,G_A,GGA,85,5,0.008416631462091222,0.006512489833154699,0.010444824447068452,mean,species,0.95,2000,matched_species_profile,True,MutSpec
CO3,G[G>A]C,G,G,A,C,G>A,G_C,GGC,85,5,0.0097717167609671,0.006280738116866773,0.014057502788115033,mean,species,0.95,2000,matched_species_profile,True,MutSpec
CO3,G[G>A]G,G,G,A,G,G>A,G_G,GGG,85,5,0.00857587267143906,0.006109096455177888,0.01134598609920294,mean,species,0.95,2000,matched_species_profile,True,MutSpec
CO3,G[G>A]T,G,G,A,T,G>A,G_T,GGT,85,5,0.011666773233176636,0.008354150222627066,0.014982977796038445,mean,species,0.95,2000,matched_species_profile,True,MutSpec
CO3,T[G>A]A,T,G,A,A,G>A,T_A,TGA,85,5,0.01165058906334601,0.00829676159176539,0.015777420745768073,mean,species,0.95,2000,matched_species_profile,True,MutSpec
CO3,T[G>A]C,T,G,A,C,G>A,T_C,TGC,85,5,0.008437575508590174,0.004913299759085226,0.012537188346084768,mean,species,0.95,2000,matched_species_profile,True,MutSpec
CO3,T[G>A]G,T,G,A,G,G>A,T_G,TGG,85,5,0.011543586051899977,0.007092292226632331,0.016616086941004388,mean,species,0.95,2000,matched_species_profile,True,MutSpec
CO3,T[G>A]T,T,G,A,T,G>A,T_T,TGT,85,5,0.01584921706542861,0.009155968301346833,0.025940962791143305,mean,species,0.95,2000,matched_species_profile,True,MutSpec
CO3,A[G>C]A,A,G,C,A,G>C,A_A,AGA,85,5,0.0,0.0,0.0,mean,species,0.95,2000,matched_species_profile,True,MutSpec
CO3,A[G>C]C,A,G,C,C,G>C,A_C,AGC,85,5,0.0016684460035879508,0.0,0.004614544777961204,mean,species,0.95,2000,matched_species_profile,True,MutSpec
CO3,A[G>C]G,A,G,C,G,G>C,A_G,AGG,85,5,0.0,0.0,0.0,mean,species,0.95,2000,matched_species_profile,True,MutSpec
CO3,A[G>C]T,A,G,C,T,G>C,A_T,AGT,85,5,0.0,0.0,0.0,mean,species,0.95,2000,matched_species_profile,True,MutSpec
CO3,C[G>C]A,C,G,C,A,G>C,C_A,CGA,85,5,0.0,0.0,0.0,mean,species,0.95,2000,matched_species_profile,True,MutSpec
CO3,C[G>C]C,C,G,C,C,G>C,C_C,CGC,85,5,0.0,0.0,0.0,mean,species,0.95,2000,matched_species_profile,True,MutSpec
CO3,C[G>C]G,C,G,C,G,G>C,C_G,CGG,85,5,0.0,0.0,0.0,mean,species,0.95,2000,matched_species_profile,True,MutSpec
CO3,C[G>C]T,C,G,C,T,G>C,C_T,CGT,85,5,0.0,0.0,0.0,mean,species,0.95,2000,matched_species_profile,True,MutSpec
CO3,G[G>C]A,G,G,C,A,G>C,G_A,GGA,85,5,0.0,0.0,0.0,mean,species,0.95,2000,matched_species_profile,True,MutSpec
CO3,G[G>C]C,G,G,C,C,G>C,G_C,GGC,85,5,1.5978937041555292e-05,0.0,4.793681112466588e-05,mean,species,0.95,2000,matched_species_profile,True,MutSpec
CO3,G[G>C]G,G,G,C,G,G>C,G_G,GGG,85,5,0.0,0.0,0.0,mean,species,0.95,2000,matched_species_profile,True,MutSpec
CO3,G[G>C]T,G,G,C,T,G>C,G_T,GGT,85,5,0.0,0.0,0.0,mean,species,0.95,2000,matched_species_profile,True,MutSpec
CO3,T[G>C]A,T,G,C,A,G>C,T_A,TGA,85,5,0.0,0.0,0.0,mean,species,0.95,2000,matched_species_profile,True,MutSpec
CO3,T[G>C]C,T,G,C,C,G>C,T_C,TGC,85,5,0.0,0.0,0.0,mean,species,0.95,2000,matched_species_profile,True,MutSpec
CO3,T[G>C]G,T,G,C,G,G>C,T_G,TGG,85,5,4.583442936089412e-05,0.0,0.00013351225442119057,mean,species,0.95,2000,matched_species_profile,True,MutSpec
CO3,T[G>C]T,T,G,C,T,G>C,T_T,TGT,85,5,0.0,0.0,0.0,mean,species,0.95,2000,matched_species_profile,True,MutSpec
CO3,A[G>T]A,A,G,T,A,G>T,A_A,AGA,85,5,0.001024133605020428,0.00011411154197671765,0.0023185466296235654,mean,species,0.95,2000,matched_species_profile,True,MutSpec
CO3,A[G>T]C,A,G,T,C,G>T,A_C,AGC,85,5,0.0018260364331660907,4.026965112353059e-05,0.0048158181403229255,mean,species,0.95,2000,matched_species_profile,True,MutSpec
CO3,A[G>T]G,A,G,T,G,G>T,A_G,AGG,85,5,0.0015712747774171917,0.0005843342284644384,0.0027464757649616786,mean,species,0.95,2000,matched_species_profile,True,MutSpec
CO3,A[G>T]T,A,G,T,T,G>T,A_T,AGT,85,5,0.0,0.0,0.0,mean,species,0.95,2000,matched_species_profile,True,MutSpec
CO3,C[G>T]A,C,G,T,A,G>T,C_A,CGA,85,5,0.00047905800049638937,0.0,0.0014371740014891682,mean,species,0.95,2000,matched_species_profile,True,MutSpec
CO3,C[G>T]C,C,G,T,C,G>T,C_C,CGC,85,5,0.0005224563683080506,0.0,0.0013799574073862378,mean,species,0.95,2000,matched_species_profile,True,MutSpec
CO3,C[G>T]G,C,G,T,G,G>T,C_G,CGG,85,5,0.001783800314065333,0.0006449945153828539,0.0031564585487067766,mean,species,0.95,2000,matched_species_profile,True,MutSpec
CO3,C[G>T]T,C,G,T,T,G>T,C_T,CGT,85,5,0.0,0.0,0.0,mean,species,0.95,2000,matched_species_profile,True,MutSpec
CO3,G[G>T]A,G,G,T,A,G>T,G_A,GGA,85,5,0.0019238270348928114,0.0007312132191183851,0.003508244446359624,mean,species,0.95,2000,matched_species_profile,True,MutSpec
CO3,G[G>T]C,G,G,T,C,G>T,G_C,GGC,85,5,0.0023503825774654186,0.0,0.006430512587144063,mean,species,0.95,2000,matched_species_profile,True,MutSpec
CO3,G[G>T]G,G,G,T,G,G>T,G_G,GGG,85,5,0.001395177236100374,0.00046650949970958896,0.0025964700806167403,mean,species,0.95,2000,matched_species_profile,True,MutSpec
CO3,G[G>T]T,G,G,T,T,G>T,G_T,GGT,85,5,0.0,0.0,0.0,mean,species,0.95,2000,matched_species_profile,True,MutSpec
CO3,T[G>T]A,T,G,T,A,G>T,T_A,TGA,85,5,0.0019070853410853295,0.000553444177948886,0.003648811594528014,mean,species,0.95,2000,matched_species_profile,True,MutSpec
CO3,T[G>T]C,T,G,T,C,G>T,T_C,TGC,85,5,0.0010639388903805095,0.0,0.0025440837407315125,mean,species,0.95,2000,matched_species_profile,True,MutSpec
CO3,T[G>T]G,T,G,T,G,G>T,T_G,TGG,85,5,0.001408457811831926,0.0001900856315033147,0.003335878862087241,mean,species,0.95,2000,matched_species_profile,True,MutSpec
CO3,T[G>T]T,T,G,T,T,G>T,T_T,TGT,85,5,0.0,0.0,0.0,mean,species,0.95,2000,matched_species_profile,True,MutSpec
CO3,A[T>A]A,A,T,A,A,T>A,A_A,ATA,85,5,0.00076773315034296,0.0002160063404790094,0.0014895712876605688,mean,species,0.95,2000,matched_species_profile,True,MutSpec
CO3,A[T>A]C,A,T,A,C,T>A,A_C,ATC,85,5,0.00117268292389996,0.00023849385649290993,0.0024119836822256886,mean,species,0.95,2000,matched_species_profile,True,MutSpec
CO3,A[T>A]G,A,T,A,G,T>A,A_G,ATG,85,5,0.0004396300765697153,0.0,0.0011342712291950987,mean,species,0.95,2000,matched_species_profile,True,MutSpec
CO3,A[T>A]T,A,T,A,T,T>A,A_T,ATT,85,5,0.0,0.0,0.0,mean,species,0.95,2000,matched_species_profile,True,MutSpec
CO3,C[T>A]A,C,T,A,A,T>A,C_A,CTA,85,5,0.0006344621728501083,4.68246011669247e-05,0.0013858734373389634,mean,species,0.95,2000,matched_species_profile,True,MutSpec
CO3,C[T>A]C,C,T,A,C,T>A,C_C,CTC,85,5,0.0005406605151944118,0.0,0.0016219815455832353,mean,species,0.95,2000,matched_species_profile,True,MutSpec
CO3,C[T>A]G,C,T,A,G,T>A,C_G,CTG,85,5,6.37807109924353e-05,0.0,0.0001496438194995647,mean,species,0.95,2000,matched_species_profile,True,MutSpec
CO3,C[T>A]T,C,T,A,T,T>A,C_T,CTT,85,5,0.0,0.0,0.0,mean,species,0.95,2000,matched_species_profile,True,MutSpec
CO3,G[T>A]A,G,T,A,A,T>A,G_A,GTA,85,5,0.0018571259634485083,0.0006025918792218813,0.003416513352693713,mean,species,0.95,2000,matched_species_profile,True,MutSpec
CO3,G[T>A]C,G,T,A,C,T>A,G_C,GTC,85,5,0.0016172441371775906,0.0,0.0048517324115327715,mean,species,0.95,2000,matched_species_profile,True,MutSpec
CO3,G[T>A]G,G,T,A,G,T>A,G_G,GTG,85,5,0.0011478811939294,0.0001809581311915894,0.0024825048881889867,mean,species,0.95,2000,matched_species_profile,True,MutSpec
CO3,G[T>A]T,G,T,A,T,T>A,G_T,GTT,85,5,0.0,0.0,0.0,mean,species,0.95,2000,matched_species_profile,True,MutSpec
CO3,T[T>A]A,T,T,A,A,T>A,T_A,TTA,85,5,0.0017809059864057238,0.0004654306076986474,0.0038364480338235036,mean,species,0.95,2000,matched_species_profile,True,MutSpec
CO3,T[T>A]C,T,T,A,C,T>A,T_C,TTC,85,5,0.0006326172147948435,0.0,0.0016256746825223857,mean,species,0.95,2000,matched_species_profile,True,MutSpec
CO3,T[T>A]G,T,T,A,G,T>A,T_G,TTG,85,5,0.0010550549611226142,0.0004259199592394637,0.0017895481310661106,mean,species,0.95,2000,matched_species_profile,True,MutSpec
CO3,T[T>A]T,T,T,A,T,T>A,T_T,TTT,85,5,0.0,0.0,0.0,mean,species,0.95,2000,matched_species_profile,True,MutSpec
CO3,A[T>C]A,A,T,C,A,T>C,A_A,ATA,85,5,0.009739788735558787,0.007033782978962539,0.012926020102942049,mean,species,0.95,2000,matched_species_profile,True,MutSpec
CO3,A[T>C]C,A,T,C,C,T>C,A_C,ATC,85,5,0.008295071297353475,0.005855098713997903,0.011031156029516398,mean,species,0.95,2000,matched_species_profile,True,MutSpec
CO3,A[T>C]G,A,T,C,G,T>C,A_G,ATG,85,5,0.00522777051871502,0.0020363527553367788,0.010533737232887976,mean,species,0.95,2000,matched_species_profile,True,MutSpec
CO3,A[T>C]T,A,T,C,T,T>C,A_T,ATT,85,5,0.011345195048618055,0.006311122508693077,0.01724998560961272,mean,species,0.95,2000,matched_species_profile,True,MutSpec
CO3,C[T>C]A,C,T,C,A,T>C,C_A,CTA,85,5,0.006330810497800682,0.0045358016633019185,0.008313992678070562,mean,species,0.95,2000,matched_species_profile,True,MutSpec
CO3,C[T>C]C,C,T,C,C,T>C,C_C,CTC,85,5,0.010105689256901588,0.00761772923753465,0.012949119172531984,mean,species,0.95,2000,matched_species_profile,True,MutSpec
CO3,C[T>C]G,C,T,C,G,T>C,C_G,CTG,85,5,0.005624969582182719,0.0036917997351341545,0.0077673080834136255,mean,species,0.95,2000,matched_species_profile,True,MutSpec
CO3,C[T>C]T,C,T,C,T,T>C,C_T,CTT,85,5,0.00460537456566888,0.003071748389899437,0.006212329966672789,mean,species,0.95,2000,matched_species_profile,True,MutSpec
CO3,G[T>C]A,G,T,C,A,T>C,G_A,GTA,85,5,0.009256139576972276,0.006526944790758983,0.01220933401981345,mean,species,0.95,2000,matched_species_profile,True,MutSpec
CO3,G[T>C]C,G,T,C,C,T>C,G_C,GTC,85,5,0.009196777832583635,0.006758308201278762,0.011942894569336799,mean,species,0.95,2000,matched_species_profile,True,MutSpec
CO3,G[T>C]G,G,T,C,G,T>C,G_G,GTG,85,5,0.01077654056600544,0.006118481416214629,0.016703457945614515,mean,species,0.95,2000,matched_species_profile,True,MutSpec
CO3,G[T>C]T,G,T,C,T,T>C,G_T,GTT,85,5,0.007070549143195536,0.0034216190684926515,0.011310371807409667,mean,species,0.95,2000,matched_species_profile,True,MutSpec
CO3,T[T>C]A,T,T,C,A,T>C,T_A,TTA,85,5,0.007477156747310988,0.005024251364110709,0.010328753364777185,mean,species,0.95,2000,matched_species_profile,True,MutSpec
CO3,T[T>C]C,T,T,C,C,T>C,T_C,TTC,85,5,0.012038278931125992,0.006420567075981842,0.018957661240602497,mean,species,0.95,2000,matched_species_profile,True,MutSpec
CO3,T[T>C]G,T,T,C,G,T>C,T_G,TTG,85,5,0.003927072502602113,0.0023795621006379043,0.005704755113644876,mean,species,0.95,2000,matched_species_profile,True,MutSpec
CO3,T[T>C]T,T,T,C,T,T>C,T_T,TTT,85,5,0.006248924567291441,0.0027416111877741093,0.01020512032156423,mean,species,0.95,2000,matched_species_profile,True,MutSpec
CO3,A[T>G]A,A,T,G,A,T>G,A_A,ATA,85,5,0.0006919279153553058,0.0,0.0020757837460659177,mean,species,0.95,2000,matched_species_profile,True,MutSpec
CO3,A[T>G]C,A,T,G,C,T>G,A_C,ATC,85,5,7.646450947294706e-05,0.0,0.00022939352841884114,mean,species,0.95,2000,matched_species_profile,True,MutSpec
CO3,A[T>G]G,A,T,G,G,T>G,A_G,ATG,85,5,0.00030763672254654356,0.0,0.0008092187023230152,mean,species,0.95,2000,matched_species_profile,True,MutSpec
CO3,A[T>G]T,A,T,G,T,T>G,A_T,ATT,85,5,0.0,0.0,0.0,mean,species,0.95,2000,matched_species_profile,True,MutSpec
CO3,C[T>G]A,C,T,G,A,T>G,C_A,CTA,85,5,0.0014002214826484445,0.0002030378874531683,0.0031117939577389527,mean,species,0.95,2000,matched_species_profile,True,MutSpec
CO3,C[T>G]C,C,T,G,C,T>G,C_C,CTC,85,5,0.0,0.0,0.0,mean,species,0.95,2000,matched_species_profile,True,MutSpec
CO3,C[T>G]G,C,T,G,G,T>G,C_G,CTG,85,5,0.0012392438397645458,0.0005040025388209229,0.002167750022022413,mean,species,0.95,2000,matched_species_profile,True,MutSpec
CO3,C[T>G]T,C,T,G,T,T>G,C_T,CTT,85,5,0.0,0.0,0.0,mean,species,0.95,2000,matched_species_profile,True,MutSpec
CO3,G[T>G]A,G,T,G,A,T>G,G_A,GTA,85,5,0.0006601826232352211,6.991407607705882e-05,0.0014393661788501611,mean,species,0.95,2000,matched_species_profile,True,MutSpec
CO3,G[T>G]C,G,T,G,C,T>G,G_C,GTC,85,5,0.0,0.0,0.0,mean,species,0.95,2000,matched_species_profile,True,MutSpec
CO3,G[T>G]G,G,T,G,G,T>G,G_G,GTG,85,5,0.000719232462288213,2.3909450173356472e-05,0.0017248566116660282,mean,species,0.95,2000,matched_species_profile,True,MutSpec
CO3,G[T>G]T,G,T,G,T,T>G,G_T,GTT,85,5,0.0,0.0,0.0,mean,species,0.95,2000,matched_species_profile,True,MutSpec
CO3,T[T>G]A,T,T,G,A,T>G,T_A,TTA,85,5,0.0002871147032385518,0.0,0.0008613441097156554,mean,species,0.95,2000,matched_species_profile,True,MutSpec
CO3,T[T>G]C,T,T,G,C,T>G,T_C,TTC,85,5,0.0003021664587891753,0.0,0.0009064993763675259,mean,species,0.95,2000,matched_species_profile,True,MutSpec
CO3,T[T>G]G,T,T,G,G,T>G,T_G,TTG,85,5,0.0003306846125111235,0.0,0.0008452635726662302,mean,species,0.95,2000,matched_species_profile,True,MutSpec
CO3,T[T>G]T,T,T,G,T,T>G,T_T,TTT,85,5,0.0,0.0,0.0,mean,species,0.95,2000,matched_species_profile,True,MutSpec
Cytb,A[A>C]A,A,A,C,A,A>C,A_A,AAA,85,5,0.0,0.0,0.0,mean,species,0.95,2000,matched_species_profile,True,MutSpec
Cytb,A[A>C]C,A,A,C,C,A>C,A_C,AAC,85,5,0.0005001168482881177,0.0,0.0014323498495068248,mean,species,0.95,2000,matched_species_profile,True,MutSpec
Cytb,A[A>C]G,A,A,C,G,A>C,A_G,AAG,85,5,0.0,0.0,0.0,mean,species,0.95,2000,matched_species_profile,True,MutSpec
Cytb,A[A>C]T,A,A,C,T,A>C,A_T,AAT,85,5,0.0,0.0,0.0,mean,species,0.95,2000,matched_species_profile,True,MutSpec
Cytb,C[A>C]A,C,A,C,A,A>C,C_A,CAA,85,5,0.00032865071011029884,3.2648590257102354e-05,0.0007930590800463321,mean,species,0.95,2000,matched_species_profile,True,MutSpec
Cytb,C[A>C]C,C,A,C,C,A>C,C_C,CAC,85,5,0.0011179013750523155,0.0002904877177907482,0.0020758312282168324,mean,species,0.95,2000,matched_species_profile,True,MutSpec
Cytb,C[A>C]G,C,A,C,G,A>C,C_G,CAG,85,5,0.0006134429446159201,0.0,0.0015023717953560316,mean,species,0.95,2000,matched_species_profile,True,MutSpec
Cytb,C[A>C]T,C,A,C,T,A>C,C_T,CAT,85,5,0.0,0.0,0.0,mean,species,0.95,2000,matched_species_profile,True,MutSpec
Cytb,G[A>C]A,G,A,C,A,A>C,G_A,GAA,85,5,4.440141945084824e-05,0.0,0.0001332042583525447,mean,species,0.95,2000,matched_species_profile,True,MutSpec
Cytb,G[A>C]C,G,A,C,C,A>C,G_C,GAC,85,5,0.00023224320480449179,0.0,0.0006967296144134754,mean,species,0.95,2000,matched_species_profile,True,MutSpec
Cytb,G[A>C]G,G,A,C,G,A>C,G_G,GAG,85,5,0.0024577422435003845,0.00035328343321173886,0.005924395034432329,mean,species,0.95,2000,matched_species_profile,True,MutSpec
Cytb,G[A>C]T,G,A,C,T,A>C,G_T,GAT,85,5,0.0,0.0,0.0,mean,species,0.95,2000,matched_species_profile,True,MutSpec
Cytb,T[A>C]A,T,A,C,A,A>C,T_A,TAA,85,5,0.0,0.0,0.0,mean,species,0.95,2000,matched_species_profile,True,MutSpec
Cytb,T[A>C]C,T,A,C,C,A>C,T_C,TAC,85,5,0.00047516599797533057,0.0,0.0014254979939259918,mean,species,0.95,2000,matched_species_profile,True,MutSpec
Cytb,T[A>C]G,T,A,C,G,A>C,T_G,TAG,85,5,0.0002158192221544447,2.249288432403647e-05,0.0005187447817550241,mean,species,0.95,2000,matched_species_profile,True,MutSpec
Cytb,T[A>C]T,T,A,C,T,A>C,T_T,TAT,85,5,0.0,0.0,0.0,mean,species,0.95,2000,matched_species_profile,True,MutSpec
Cytb,A[A>G]A,A,A,G,A,A>G,A_A,AAA,85,5,0.010630778726140828,0.00844369893257191,0.013182915698027577,mean,species,0.95,2000,matched_species_profile,True,MutSpec
Cytb,A[A>G]C,A,A,G,C,A>G,A_C,AAC,85,5,0.015377088903863894,0.009329770103577774,0.02241777702044933,mean,species,0.95,2000,matched_species_profile,True,MutSpec
Cytb,A[A>G]G,A,A,G,G,A>G,A_G,AAG,85,5,0.015111756336943439,0.012694442177043352,0.01749557601409877,mean,species,0.95,2000,matched_species_profile,True,MutSpec
Cytb,A[A>G]T,A,A,G,T,A>G,A_T,AAT,85,5,0.01620309549585425,0.012909664415120042,0.019572783209536346,mean,species,0.95,2000,matched_species_profile,True,MutSpec
Cytb,C[A>G]A,C,A,G,A,A>G,C_A,CAA,85,5,0.0078354998362864,0.006004836297382807,0.009913303442291159,mean,species,0.95,2000,matched_species_profile,True,MutSpec
Cytb,C[A>G]C,C,A,G,C,A>G,C_C,CAC,85,5,0.017601391674188525,0.011119281326600106,0.02509947901669409,mean,species,0.95,2000,matched_species_profile,True,MutSpec
Cytb,C[A>G]G,C,A,G,G,A>G,C_G,CAG,85,5,0.01864519719691823,0.011302289708117376,0.027984242541752517,mean,species,0.95,2000,matched_species_profile,True,MutSpec
Cytb,C[A>G]T,C,A,G,T,A>G,C_T,CAT,85,5,0.011101339929691631,0.007492273065535198,0.015270971875331114,mean,species,0.95,2000,matched_species_profile,True,MutSpec
Cytb,G[A>G]A,G,A,G,A,A>G,G_A,GAA,85,5,0.014553775456348747,0.012092001641831083,0.017253760871892947,mean,species,0.95,2000,matched_species_profile,True,MutSpec
Cytb,G[A>G]C,G,A,G,C,A>G,G_C,GAC,85,5,0.021368299412497405,0.01409516246236583,0.029605551146846702,mean,species,0.95,2000,matched_species_profile,True,MutSpec
Cytb,G[A>G]G,G,A,G,G,A>G,G_G,GAG,85,5,0.022234408391494143,0.016003079215361773,0.02952874593306955,mean,species,0.95,2000,matched_species_profile,True,MutSpec
Cytb,G[A>G]T,G,A,G,T,A>G,G_T,GAT,85,5,0.019066766335168184,0.014940786159706211,0.02330547870132651,mean,species,0.95,2000,matched_species_profile,True,MutSpec
Cytb,T[A>G]A,T,A,G,A,A>G,T_A,TAA,85,5,0.012259609890016312,0.00992887560601828,0.014733205780835312,mean,species,0.95,2000,matched_species_profile,True,MutSpec
Cytb,T[A>G]C,T,A,G,C,A>G,T_C,TAC,85,5,0.024362326067444453,0.011394569531591242,0.042490808696038496,mean,species,0.95,2000,matched_species_profile,True,MutSpec
Cytb,T[A>G]G,T,A,G,G,A>G,T_G,TAG,85,5,0.017614251175771967,0.014248880245599962,0.021049628301459736,mean,species,0.95,2000,matched_species_profile,True,MutSpec
Cytb,T[A>G]T,T,A,G,T,A>G,T_T,TAT,85,5,0.014463073406738667,0.012029185868750155,0.016945096924735732,mean,species,0.95,2000,matched_species_profile,True,MutSpec
Cytb,A[A>T]A,A,A,T,A,A>T,A_A,AAA,85,5,0.000584229842563727,0.0,0.0013962275886740905,mean,species,0.95,2000,matched_species_profile,True,MutSpec
Cytb,A[A>T]C,A,A,T,C,A>T,A_C,AAC,85,5,4.848274034609647e-05,0.0,0.0001454482210382894,mean,species,0.95,2000,matched_species_profile,True,MutSpec
Cytb,A[A>T]G,A,A,T,G,A>T,A_G,AAG,85,5,0.0008900560097537742,0.00034119263337821216,0.0015243061836560433,mean,species,0.95,2000,matched_species_profile,True,MutSpec
Cytb,A[A>T]T,A,A,T,T,A>T,A_T,AAT,85,5,0.0,0.0,0.0,mean,species,0.95,2000,matched_species_profile,True,MutSpec
Cytb,C[A>T]A,C,A,T,A,A>T,C_A,CAA,85,5,0.0014068092390634142,0.00021256291538964824,0.003166902811722369,mean,species,0.95,2000,matched_species_profile,True,MutSpec
Cytb,C[A>T]C,C,A,T,C,A>T,C_C,CAC,85,5,0.0009011703859694118,0.0,0.0023142180675036262,mean,species,0.95,2000,matched_species_profile,True,MutSpec
Cytb,C[A>T]G,C,A,T,G,A>T,C_G,CAG,85,5,0.0002003481974869059,4.8874063391701176e-05,0.0003908073327838596,mean,species,0.95,2000,matched_species_profile,True,MutSpec
Cytb,C[A>T]T,C,A,T,T,A>T,C_T,CAT,85,5,0.0,0.0,0.0,mean,species,0.95,2000,matched_species_profile,True,MutSpec
Cytb,G[A>T]A,G,A,T,A,A>T,G_A,GAA,85,5,0.0015731875437437729,0.0006465321043160237,0.002686368611887425,mean,species,0.95,2000,matched_species_profile,True,MutSpec
Cytb,G[A>T]C,G,A,T,C,A>T,G_C,GAC,85,5,0.0,0.0,0.0,mean,species,0.95,2000,matched_species_profile,True,MutSpec
Cytb,G[A>T]G,G,A,T,G,A>T,G_G,GAG,85,5,0.0010126781029375896,5.345508562628e-05,0.00280324694147608,mean,species,0.95,2000,matched_species_profile,True,MutSpec
Cytb,G[A>T]T,G,A,T,T,A>T,G_T,GAT,85,5,0.0,0.0,0.0,mean,species,0.95,2000,matched_species_profile,True,MutSpec
Cytb,T[A>T]A,T,A,T,A,A>T,T_A,TAA,85,5,0.0007380695481038024,0.0001438543746154607,0.0015207109409330637,mean,species,0.95,2000,matched_species_profile,True,MutSpec
Cytb,T[A>T]C,T,A,T,C,A>T,T_C,TAC,85,5,0.0006474000317036742,0.0,0.0015767956549625328,mean,species,0.95,2000,matched_species_profile,True,MutSpec
Cytb,T[A>T]G,T,A,T,G,A>T,T_G,TAG,85,5,0.0013527642705707776,0.0003787450158426308,0.002580320834605346,mean,species,0.95,2000,matched_species_profile,True,MutSpec
Cytb,T[A>T]T,T,A,T,T,A>T,T_T,TAT,85,5,0.0,0.0,0.0,mean,species,0.95,2000,matched_species_profile,True,MutSpec
Cytb,A[C>A]A,A,C,A,A,C>A,A_A,ACA,85,5,0.0,0.0,0.0,mean,species,0.95,2000,matched_species_profile,True,MutSpec
Cytb,A[C>A]C,A,C,A,C,C>A,A_C,ACC,85,5,0.0,0.0,0.0,mean,species,0.95,2000,matched_species_profile,True,MutSpec
Cytb,A[C>A]G,A,C,A,G,C>A,A_G,ACG,85,5,0.0,0.0,0.0,mean,species,0.95,2000,matched_species_profile,True,MutSpec
Cytb,A[C>A]T,A,C,A,T,C>A,A_T,ACT,85,5,0.0,0.0,0.0,mean,species,0.95,2000,matched_species_profile,True,MutSpec
Cytb,C[C>A]A,C,C,A,A,C>A,C_A,CCA,85,5,0.0007610317514824575,5.064480129378823e-05,0.0017704876709691798,mean,species,0.95,2000,matched_species_profile,True,MutSpec
Cytb,C[C>A]C,C,C,A,C,C>A,C_C,CCC,85,5,0.002127737835246392,0.0006932682718430669,0.003945115198362469,mean,species,0.95,2000,matched_species_profile,True,MutSpec
Cytb,C[C>A]G,C,C,A,G,C>A,C_G,CCG,85,5,0.00023872993646088708,0.0,0.000687740483006713,mean,species,0.95,2000,matched_species_profile,True,MutSpec
Cytb,C[C>A]T,C,C,A,T,C>A,C_T,CCT,85,5,0.0,0.0,0.0,mean,species,0.95,2000,matched_species_profile,True,MutSpec
Cytb,G[C>A]A,G,C,A,A,C>A,G_A,GCA,85,5,0.00013525631904730235,0.0,0.00040576895714190705,mean,species,0.95,2000,matched_species_profile,True,MutSpec
Cytb,G[C>A]C,G,C,A,C,C>A,G_C,GCC,85,5,0.0004265259227679447,0.0,0.001110261909526593,mean,species,0.95,2000,matched_species_profile,True,MutSpec
Cytb,G[C>A]G,G,C,A,G,C>A,G_G,GCG,85,5,0.0008049880006849766,0.0,0.0024149640020549295,mean,species,0.95,2000,matched_species_profile,True,MutSpec
Cytb,G[C>A]T,G,C,A,T,C>A,G_T,GCT,85,5,0.0,0.0,0.0,mean,species,0.95,2000,matched_species_profile,True,MutSpec
Cytb,T[C>A]A,T,C,A,A,C>A,T_A,TCA,85,5,0.0011642770412059213,0.00013258502334144353,0.00265499262457553,mean,species,0.95,2000,matched_species_profile,True,MutSpec
Cytb,T[C>A]C,T,C,A,C,C>A,T_C,TCC,85,5,0.0006535447836158895,0.0,0.0017019573863705176,mean,species,0.95,2000,matched_species_profile,True,MutSpec
Cytb,T[C>A]G,T,C,A,G,C>A,T_G,TCG,85,5,0.00012074461771872942,0.0,0.0003622338531561882,mean,species,0.95,2000,matched_species_profile,True,MutSpec
Cytb,T[C>A]T,T,C,A,T,C>A,T_T,TCT,85,5,0.0,0.0,0.0,mean,species,0.95,2000,matched_species_profile,True,MutSpec
Cytb,A[C>G]A,A,C,G,A,C>G,A_A,ACA,85,5,0.0008060042461730671,0.0,0.002179445777753906,mean,species,0.95,2000,matched_species_profile,True,MutSpec
Cytb,A[C>G]C,A,C,G,C,C>G,A_C,ACC,85,5,0.0010869325677574163,0.00012014452049422234,0.0025880884373100997,mean,species,0.95,2000,matched_species_profile,True,MutSpec
Cytb,A[C>G]G,A,C,G,G,C>G,A_G,ACG,85,5,0.0022121133144726492,0.00030567948916244,0.004876988404732633,mean,species,0.95,2000,matched_species_profile,True,MutSpec
Cytb,A[C>G]T,A,C,G,T,C>G,A_T,ACT,85,5,0.0,0.0,0.0,mean,species,0.95,2000,matched_species_profile,True,MutSpec
Cytb,C[C>G]A,C,C,G,A,C>G,C_A,CCA,85,5,0.0005321461195087436,0.0,0.0013718046885777936,mean,species,0.95,2000,matched_species_profile,True,MutSpec
Cytb,C[C>G]C,C,C,G,C,C>G,C_C,CCC,85,5,0.0010692044075946742,0.0,0.0030122480773307923,mean,species,0.95,2000,matched_species_profile,True,MutSpec
Cytb,C[C>G]G,C,C,G,G,C>G,C_G,CCG,85,5,2.8451317968205882e-05,0.0,8.535395390461766e-05,mean,species,0.95,2000,matched_species_profile,True,MutSpec
Cytb,C[C>G]T,C,C,G,T,C>G,C_T,CCT,85,5,0.0,0.0,0.0,mean,species,0.95,2000,matched_species_profile,True,MutSpec
Cytb,G[C>G]A,G,C,G,A,C>G,G_A,GCA,85,5,0.0018047838473016341,0.0001701457960827294,0.004222088859699577,mean,species,0.95,2000,matched_species_profile,True,MutSpec
Cytb,G[C>G]C,G,C,G,C,C>G,G_C,GCC,85,5,0.001110925857817352,0.0,0.00282204616542106,mean,species,0.95,2000,matched_species_profile,True,MutSpec
Cytb,G[C>G]G,G,C,G,G,C>G,G_G,GCG,85,5,0.0024944495476196117,0.00048526397709767647,0.005299118231710702,mean,species,0.95,2000,matched_species_profile,True,MutSpec
Cytb,G[C>G]T,G,C,G,T,C>G,G_T,GCT,85,5,0.0,0.0,0.0,mean,species,0.95,2000,matched_species_profile,True,MutSpec
Cytb,T[C>G]A,T,C,G,A,C>G,T_A,TCA,85,5,0.0017903535039106777,0.00018845262224352938,0.004076982749904202,mean,species,0.95,2000,matched_species_profile,True,MutSpec
Cytb,T[C>G]C,T,C,G,C,C>G,T_C,TCC,85,5,0.0004859378402136694,0.0,0.0014578135206410082,mean,species,0.95,2000,matched_species_profile,True,MutSpec
Cytb,T[C>G]G,T,C,G,G,C>G,T_G,TCG,85,5,0.0006901771994285988,0.0,0.0016437887142994128,mean,species,0.95,2000,matched_species_profile,True,MutSpec
Cytb,T[C>G]T,T,C,G,T,C>G,T_T,TCT,85,5,0.0,0.0,0.0,mean,species,0.95,2000,matched_species_profile,True,MutSpec
Cytb,A[C>T]A,A,C,T,A,C>T,A_A,ACA,85,5,0.027136684431928165,0.019353198406958327,0.03554013176994376,mean,species,0.95,2000,matched_species_profile,True,MutSpec
Cytb,A[C>T]C,A,C,T,C,C>T,A_C,ACC,85,5,0.0571682644555596,0.04017087723527488,0.07520439954368188,mean,species,0.95,2000,matched_species_profile,True,MutSpec
Cytb,A[C>T]G,A,C,T,G,C>T,A_G,ACG,85,5,0.0343788163006619,0.022314507940578734,0.04823942192486581,mean,species,0.95,2000,matched_species_profile,True,MutSpec
Cytb,A[C>T]T,A,C,T,T,C>T,A_T,ACT,85,5,0.026369468207731363,0.017258600877009672,0.03689586122871071,mean,species,0.95,2000,matched_species_profile,True,MutSpec
Cytb,C[C>T]A,C,C,T,A,C>T,C_A,CCA,85,5,0.02266740874901348,0.015842050662702258,0.03113824029649279,mean,species,0.95,2000,matched_species_profile,True,MutSpec
Cytb,C[C>T]C,C,C,T,C,C>T,C_C,CCC,85,5,0.0416893006706209,0.029809542192783058,0.05488810981963795,mean,species,0.95,2000,matched_species_profile,True,MutSpec
Cytb,C[C>T]G,C,C,T,G,C>T,C_G,CCG,85,5,0.040437903931078704,0.027167082648488102,0.05685846987761368,mean,species,0.95,2000,matched_species_profile,True,MutSpec
Cytb,C[C>T]T,C,C,T,T,C>T,C_T,CCT,85,5,0.005832226659400667,0.0022124183979954984,0.010499021350680593,mean,species,0.95,2000,matched_species_profile,True,MutSpec
Cytb,G[C>T]A,G,C,T,A,C>T,G_A,GCA,85,5,0.022432945127912145,0.01581612463090804,0.032086464405733636,mean,species,0.95,2000,matched_species_profile,True,MutSpec
Cytb,G[C>T]C,G,C,T,C,C>T,G_C,GCC,85,5,0.03375484133126081,0.02105685330321152,0.0485351334370552,mean,species,0.95,2000,matched_species_profile,True,MutSpec
Cytb,G[C>T]G,G,C,T,G,C>T,G_G,GCG,85,5,0.021444594185439734,0.013728373302610586,0.03003347019872784,mean,species,0.95,2000,matched_species_profile,True,MutSpec
Cytb,G[C>T]T,G,C,T,T,C>T,G_T,GCT,85,5,0.023015774729762007,0.013103530312011058,0.035573639293118534,mean,species,0.95,2000,matched_species_profile,True,MutSpec
Cytb,T[C>T]A,T,C,T,A,C>T,T_A,TCA,85,5,0.023672359616690317,0.016865546399243897,0.03139153219060354,mean,species,0.95,2000,matched_species_profile,True,MutSpec
Cytb,T[C>T]C,T,C,T,C,C>T,T_C,TCC,85,5,0.03335439546098155,0.021006620422329675,0.04740419457236332,mean,species,0.95,2000,matched_species_profile,True,MutSpec
Cytb,T[C>T]G,T,C,T,G,C>T,T_G,TCG,85,5,0.03040931834939289,0.01738232800832015,0.047042075629991194,mean,species,0.95,2000,matched_species_profile,True,MutSpec
Cytb,T[C>T]T,T,C,T,T,C>T,T_T,TCT,85,5,0.027657788817891646,0.01705323506574805,0.03991317782995506,mean,species,0.95,2000,matched_species_profile,True,MutSpec
Cytb,A[G>A]A,A,G,A,A,G>A,A_A,AGA,85,5,0.004944247365621536,0.004133258772740396,0.0057805331452097,mean,species,0.95,2000,matched_species_profile,True,MutSpec
Cytb,A[G>A]C,A,G,A,C,G>A,A_C,AGC,85,5,0.0039717731893751315,0.0025211083816445014,0.005425816794600324,mean,species,0.95,2000,matched_species_profile,True,MutSpec
Cytb,A[G>A]G,A,G,A,G,G>A,A_G,AGG,85,5,0.004167523182657467,0.003398727885683008,0.005036712515999145,mean,species,0.95,2000,matched_species_profile,True,MutSpec
Cytb,A[G>A]T,A,G,A,T,G>A,A_T,AGT,85,5,0.0058804199291948534,0.004827566496971604,0.007023298233461559,mean,species,0.95,2000,matched_species_profile,True,MutSpec
Cytb,C[G>A]A,C,G,A,A,G>A,C_A,CGA,85,5,0.00731222499071117,0.005834770301281493,0.008869883626199468,mean,species,0.95,2000,matched_species_profile,True,MutSpec
Cytb,C[G>A]C,C,G,A,C,G>A,C_C,CGC,85,5,0.011381562907194559,0.0048991290955730194,0.02107079311290061,mean,species,0.95,2000,matched_species_profile,True,MutSpec
Cytb,C[G>A]G,C,G,A,G,G>A,C_G,CGG,85,5,0.008880913990226655,0.005660924769195222,0.012807305934014794,mean,species,0.95,2000,matched_species_profile,True,MutSpec
Cytb,C[G>A]T,C,G,A,T,G>A,C_T,CGT,85,5,0.006458863831637229,0.00477659246902723,0.008407065127206206,mean,species,0.95,2000,matched_species_profile,True,MutSpec
Cytb,G[G>A]A,G,G,A,A,G>A,G_A,GGA,85,5,0.006309257669405241,0.005222149145001159,0.00749874226173391,mean,species,0.95,2000,matched_species_profile,True,MutSpec
Cytb,G[G>A]C,G,G,A,C,G>A,G_C,GGC,85,5,0.004020560493939933,0.002693293817266519,0.0054628335646536375,mean,species,0.95,2000,matched_species_profile,True,MutSpec
Cytb,G[G>A]G,G,G,A,G,G>A,G_G,GGG,85,5,0.006508851644957793,0.00499176986149022,0.00812796144802559,mean,species,0.95,2000,matched_species_profile,True,MutSpec
Cytb,G[G>A]T,G,G,A,T,G>A,G_T,GGT,85,5,0.008127818611454351,0.006354623839430107,0.009983936965006567,mean,species,0.95,2000,matched_species_profile,True,MutSpec
Cytb,T[G>A]A,T,G,A,A,G>A,T_A,TGA,85,5,0.009771305032257555,0.007934804509392338,0.011785125093258353,mean,species,0.95,2000,matched_species_profile,True,MutSpec
Cytb,T[G>A]C,T,G,A,C,G>A,T_C,TGC,85,5,0.004814533680143332,0.0026627010564385834,0.007421992787943125,mean,species,0.95,2000,matched_species_profile,True,MutSpec
Cytb,T[G>A]G,T,G,A,G,G>A,T_G,TGG,85,5,0.009424265767330487,0.007350144896588644,0.011719743364074468,mean,species,0.95,2000,matched_species_profile,True,MutSpec
Cytb,T[G>A]T,T,G,A,T,G>A,T_T,TGT,85,5,0.011280291397605955,0.009377455597404735,0.013307167152513401,mean,species,0.95,2000,matched_species_profile,True,MutSpec
Cytb,A[G>C]A,A,G,C,A,G>C,A_A,AGA,85,5,0.0,0.0,0.0,mean,species,0.95,2000,matched_species_profile,True,MutSpec
Cytb,A[G>C]C,A,G,C,C,G>C,A_C,AGC,85,5,0.0007635372883026942,4.478130745380118e-05,0.0018447793769570794,mean,species,0.95,2000,matched_species_profile,True,MutSpec
Cytb,A[G>C]G,A,G,C,G,G>C,A_G,AGG,85,5,2.82614621386e-05,0.0,7.654011571110492e-05,mean,species,0.95,2000,matched_species_profile,True,MutSpec
Cytb,A[G>C]T,A,G,C,T,G>C,A_T,AGT,85,5,0.0,0.0,0.0,mean,species,0.95,2000,matched_species_profile,True,MutSpec
Cytb,C[G>C]A,C,G,C,A,G>C,C_A,CGA,85,5,0.00022832862069332234,0.0,0.0005958286128848128,mean,species,0.95,2000,matched_species_profile,True,MutSpec
Cytb,C[G>C]C,C,G,C,C,G>C,C_C,CGC,85,5,0.00020278843457147058,0.0,0.0006083653037144117,mean,species,0.95,2000,matched_species_profile,True,MutSpec
Cytb,C[G>C]G,C,G,C,G,G>C,C_G,CGG,85,5,0.00049326480811524,0.00011542049602737747,0.0009967951050881296,mean,species,0.95,2000,matched_species_profile,True,MutSpec
Cytb,C[G>C]T,C,G,C,T,G>C,C_T,CGT,85,5,0.0,0.0,0.0,mean,species,0.95,2000,matched_species_profile,True,MutSpec
Cytb,G[G>C]A,G,G,C,A,G>C,G_A,GGA,85,5,0.00028158768950749296,1.4412388692028235e-05,0.0006736740804367194,mean,species,0.95,2000,matched_species_profile,True,MutSpec
Cytb,G[G>C]C,G,G,C,C,G>C,G_C,GGC,85,5,0.0003623331052126953,0.0,0.0010396327373360802,mean,species,0.95,2000,matched_species_profile,True,MutSpec
Cytb,G[G>C]G,G,G,C,G,G>C,G_G,GGG,85,5,7.68828490581047e-05,1.4851587979403529e-05,0.00015577567890405947,mean,species,0.95,2000,matched_species_profile,True,MutSpec
Cytb,G[G>C]T,G,G,C,T,G>C,G_T,GGT,85,5,0.0,0.0,0.0,mean,species,0.95,2000,matched_species_profile,True,MutSpec
Cytb,T[G>C]A,T,G,C,A,G>C,T_A,TGA,85,5,0.0010917407778888893,7.267247933310353e-05,0.00253772551512254,mean,species,0.95,2000,matched_species_profile,True,MutSpec
Cytb,T[G>C]C,T,G,C,C,G>C,T_C,TGC,85,5,0.0011250549676707648,0.0,0.003016478809905623,mean,species,0.95,2000,matched_species_profile,True,MutSpec
Cytb,T[G>C]G,T,G,C,G,G>C,T_G,TGG,85,5,5.0108985174758824e-05,0.0,0.00012012409357453059,mean,species,0.95,2000,matched_species_profile,True,MutSpec
Cytb,T[G>C]T,T,G,C,T,G>C,T_T,TGT,85,5,0.0,0.0,0.0,mean,species,0.95,2000,matched_species_profile,True,MutSpec
Cytb,A[G>T]A,A,G,T,A,G>T,A_A,AGA,85,5,0.0033712945252427962,0.0011798863403787551,0.0063000767887510835,mean,species,0.95,2000,matched_species_profile,True,MutSpec
Cytb,A[G>T]C,A,G,T,C,G>T,A_C,AGC,85,5,0.0022594147060958627,0.0011336564611470886,0.0036557987227623565,mean,species,0.95,2000,matched_species_profile,True,MutSpec
Cytb,A[G>T]G,A,G,T,G,G>T,A_G,AGG,85,5,0.0009148001287977834,0.00039415435956717315,0.0015710842116874392,mean,species,0.95,2000,matched_species_profile,True,MutSpec
Cytb,A[G>T]T,A,G,T,T,G>T,A_T,AGT,85,5,0.0,0.0,0.0,mean,species,0.95,2000,matched_species_profile,True,MutSpec
Cytb,C[G>T]A,C,G,T,A,G>T,C_A,CGA,85,5,0.001642397136282835,0.0007482117881092281,0.002756784422531232,mean,species,0.95,2000,matched_species_profile,True,MutSpec
Cytb,C[G>T]C,C,G,T,C,G>T,C_C,CGC,85,5,0.00033002202970924236,0.0,0.0008703149073777152,mean,species,0.95,2000,matched_species_profile,True,MutSpec
Cytb,C[G>T]G,C,G,T,G,G>T,C_G,CGG,85,5,0.0014738637129573084,0.00026098916389082235,0.003176750459941672,mean,species,0.95,2000,matched_species_profile,True,MutSpec
Cytb,C[G>T]T,C,G,T,T,G>T,C_T,CGT,85,5,0.0,0.0,0.0,mean,species,0.95,2000,matched_species_profile,True,MutSpec
Cytb,G[G>T]A,G,G,T,A,G>T,G_A,GGA,85,5,0.0015140631452759128,0.0008044831184104925,0.002257011638979928,mean,species,0.95,2000,matched_species_profile,True,MutSpec
Cytb,G[G>T]C,G,G,T,C,G>T,G_C,GGC,85,5,0.0012189500351279458,0.00029743643687013733,0.002309243956746358,mean,species,0.95,2000,matched_species_profile,True,MutSpec
Cytb,G[G>T]G,G,G,T,G,G>T,G_G,GGG,85,5,0.0008416893411781672,0.0003446534547711719,0.0014306932426754976,mean,species,0.95,2000,matched_species_profile,True,MutSpec
Cytb,G[G>T]T,G,G,T,T,G>T,G_T,GGT,85,5,0.0,0.0,0.0,mean,species,0.95,2000,matched_species_profile,True,MutSpec
Cytb,T[G>T]A,T,G,T,A,G>T,T_A,TGA,85,5,0.0013028837621922105,0.00042000544636536566,0.0024651418891292643,mean,species,0.95,2000,matched_species_profile,True,MutSpec
Cytb,T[G>T]C,T,G,T,C,G>T,T_C,TGC,85,5,0.000780965425403734,2.8199883140529414e-05,0.0018101460288065154,mean,species,0.95,2000,matched_species_profile,True,MutSpec
Cytb,T[G>T]G,T,G,T,G,G>T,T_G,TGG,85,5,0.0006013167426019023,0.00023152954285212017,0.0010552073783920324,mean,species,0.95,2000,matched_species_profile,True,MutSpec
Cytb,T[G>T]T,T,G,T,T,G>T,T_T,TGT,85,5,0.0,0.0,0.0,mean,species,0.95,2000,matched_species_profile,True,MutSpec
Cytb,A[T>A]A,A,T,A,A,T>A,A_A,ATA,85,5,0.000452910507312227,0.00015204641324447656,0.0008293218253989185,mean,species,0.95,2000,matched_species_profile,True,MutSpec
Cytb,A[T>A]C,A,T,A,C,T>A,A_C,ATC,85,5,0.00036375459526753653,1.9615532369604707e-05,0.0008966052548312672,mean,species,0.95,2000,matched_species_profile,True,MutSpec
Cytb,A[T>A]G,A,T,A,G,T>A,A_G,ATG,85,5,0.0002946882176820588,0.00014242878226620472,0.00048100580966441094,mean,species,0.95,2000,matched_species_profile,True,MutSpec
Cytb,A[T>A]T,A,T,A,T,T>A,A_T,ATT,85,5,0.0,0.0,0.0,mean,species,0.95,2000,matched_species_profile,True,MutSpec
Cytb,C[T>A]A,C,T,A,A,T>A,C_A,CTA,85,5,0.0001856346354819588,2.8057964982848236e-05,0.00037133246733220634,mean,species,0.95,2000,matched_species_profile,True,MutSpec
Cytb,C[T>A]C,C,T,A,C,T>A,C_C,CTC,85,5,0.0005883173650934706,0.00017275524864641964,0.001096941777748455,mean,species,0.95,2000,matched_species_profile,True,MutSpec
Cytb,C[T>A]G,C,T,A,G,T>A,C_G,CTG,85,5,0.00024704676216696827,8.906657150930634e-05,0.0004574394598911586,mean,species,0.95,2000,matched_species_profile,True,MutSpec
Cytb,C[T>A]T,C,T,A,T,T>A,C_T,CTT,85,5,0.0,0.0,0.0,mean,species,0.95,2000,matched_species_profile,True,MutSpec
Cytb,G[T>A]A,G,T,A,A,T>A,G_A,GTA,85,5,0.0014803355668715503,0.0008367475341973486,0.002216830534927116,mean,species,0.95,2000,matched_species_profile,True,MutSpec
Cytb,G[T>A]C,G,T,A,C,T>A,G_C,GTC,85,5,0.00029424218900633056,2.2300384326529413e-05,0.0006249975457937517,mean,species,0.95,2000,matched_species_profile,True,MutSpec
Cytb,G[T>A]G,G,T,A,G,T>A,G_G,GTG,85,5,0.0007949651985876882,0.0003042118846037776,0.0014255218799828575,mean,species,0.95,2000,matched_species_profile,True,MutSpec
Cytb,G[T>A]T,G,T,A,T,T>A,G_T,GTT,85,5,0.0,0.0,0.0,mean,species,0.95,2000,matched_species_profile,True,MutSpec
Cytb,T[T>A]A,T,T,A,A,T>A,T_A,TTA,85,5,0.0017841136047676313,0.0008386285343094818,0.0029208935219147466,mean,species,0.95,2000,matched_species_profile,True,MutSpec
Cytb,T[T>A]C,T,T,A,C,T>A,T_C,TTC,85,5,0.00011618693449001883,0.0,0.0003485608034700565,mean,species,0.95,2000,matched_species_profile,True,MutSpec
Cytb,T[T>A]G,T,T,A,G,T>A,T_G,TTG,85,5,0.0007558349859968328,0.00030557415466811596,0.0012835204109078588,mean,species,0.95,2000,matched_species_profile,True,MutSpec
Cytb,T[T>A]T,T,T,A,T,T>A,T_T,TTT,85,5,0.0,0.0,0.0,mean,species,0.95,2000,matched_species_profile,True,MutSpec
Cytb,A[T>C]A,A,T,C,A,T>C,A_A,ATA,85,5,0.005679644791210732,0.004152608540939122,0.007257093895564046,mean,species,0.95,2000,matched_species_profile,True,MutSpec
Cytb,A[T>C]C,A,T,C,C,T>C,A_C,ATC,85,5,0.007741313347107275,0.0060530868003708825,0.00973331985783436,mean,species,0.95,2000,matched_species_profile,True,MutSpec
Cytb,A[T>C]G,A,T,C,G,T>C,A_G,ATG,85,5,0.0029785172671193344,0.00212697198126611,0.003894150468493545,mean,species,0.95,2000,matched_species_profile,True,MutSpec
Cytb,A[T>C]T,A,T,C,T,T>C,A_T,ATT,85,5,0.00739947062969838,0.005423930682439978,0.009630020090089238,mean,species,0.95,2000,matched_species_profile,True,MutSpec
Cytb,C[T>C]A,C,T,C,A,T>C,C_A,CTA,85,5,0.005703682051656235,0.004137621299537466,0.007517535816616765,mean,species,0.95,2000,matched_species_profile,True,MutSpec
Cytb,C[T>C]C,C,T,C,C,T>C,C_C,CTC,85,5,0.010956478365445745,0.00888947091673121,0.01315081067781617,mean,species,0.95,2000,matched_species_profile,True,MutSpec
Cytb,C[T>C]G,C,T,C,G,T>C,C_G,CTG,85,5,0.004129595749919035,0.0029908215808448543,0.005399733506517084,mean,species,0.95,2000,matched_species_profile,True,MutSpec
Cytb,C[T>C]T,C,T,C,T,T>C,C_T,CTT,85,5,0.004059581522586959,0.0018562778844278189,0.006713088349958566,mean,species,0.95,2000,matched_species_profile,True,MutSpec
Cytb,G[T>C]A,G,T,C,A,T>C,G_A,GTA,85,5,0.0059463385130590326,0.004648745751811997,0.007257932055883311,mean,species,0.95,2000,matched_species_profile,True,MutSpec
Cytb,G[T>C]C,G,T,C,C,T>C,G_C,GTC,85,5,0.006411296222589888,0.004407285756976676,0.00847462122102972,mean,species,0.95,2000,matched_species_profile,True,MutSpec
Cytb,G[T>C]G,G,T,C,G,T>C,G_G,GTG,85,5,0.005302535788566899,0.003361768916513603,0.007684588983029567,mean,species,0.95,2000,matched_species_profile,True,MutSpec
Cytb,G[T>C]T,G,T,C,T,T>C,G_T,GTT,85,5,0.006342870412912922,0.004715387764919793,0.008193128730709735,mean,species,0.95,2000,matched_species_profile,True,MutSpec
Cytb,T[T>C]A,T,T,C,A,T>C,T_A,TTA,85,5,0.004678066957463005,0.0034576859318456443,0.006058980471170528,mean,species,0.95,2000,matched_species_profile,True,MutSpec
Cytb,T[T>C]C,T,T,C,C,T>C,T_C,TTC,85,5,0.004304704950542238,0.0029758654080713496,0.00585636381042028,mean,species,0.95,2000,matched_species_profile,True,MutSpec
Cytb,T[T>C]G,T,T,C,G,T>C,T_G,TTG,85,5,0.0031610851808734305,0.0020785255106482007,0.004388862973027563,mean,species,0.95,2000,matched_species_profile,True,MutSpec
Cytb,T[T>C]T,T,T,C,T,T>C,T_T,TTT,85,5,0.0037226770110595124,0.0022935187732829056,0.005484057741938666,mean,species,0.95,2000,matched_species_profile,True,MutSpec
Cytb,A[T>G]A,A,T,G,A,T>G,A_A,ATA,85,5,0.0002515490497237859,0.0,0.00064285680959372,mean,species,0.95,2000,matched_species_profile,True,MutSpec
Cytb,A[T>G]C,A,T,G,C,T>G,A_C,ATC,85,5,0.00011205493362752824,0.0,0.00033616480088258477,mean,species,0.95,2000,matched_species_profile,True,MutSpec
Cytb,A[T>G]G,A,T,G,G,T>G,A_G,ATG,85,5,0.0006985487267963224,0.0002673794349591848,0.0012876136480564591,mean,species,0.95,2000,matched_species_profile,True,MutSpec
Cytb,A[T>G]T,A,T,G,T,T>G,A_T,ATT,85,5,0.0,0.0,0.0,mean,species,0.95,2000,matched_species_profile,True,MutSpec
Cytb,C[T>G]A,C,T,G,A,T>G,C_A,CTA,85,5,4.118320920061294e-05,0.0,0.00011733188094398354,mean,species,0.95,2000,matched_species_profile,True,MutSpec
Cytb,C[T>G]C,C,T,G,C,T>G,C_C,CTC,85,5,0.0003248687189147271,3.997701520085294e-05,0.0007067310590200056,mean,species,0.95,2000,matched_species_profile,True,MutSpec
Cytb,C[T>G]G,C,T,G,G,T>G,C_G,CTG,85,5,0.0003643715317796165,0.00012815307894817305,0.0006628883919277773,mean,species,0.95,2000,matched_species_profile,True,MutSpec
Cytb,C[T>G]T,C,T,G,T,T>G,C_T,CTT,85,5,0.0,0.0,0.0,mean,species,0.95,2000,matched_species_profile,True,MutSpec
Cytb,G[T>G]A,G,T,G,A,T>G,G_A,GTA,85,5,0.0004649984977729258,0.0001311902548742665,0.000974176275707701,mean,species,0.95,2000,matched_species_profile,True,MutSpec
Cytb,G[T>G]C,G,T,G,C,T>G,G_C,GTC,85,5,0.0007507276302408413,9.673917011272353e-05,0.0016283599293853545,mean,species,0.95,2000,matched_species_profile,True,MutSpec
Cytb,G[T>G]G,G,T,G,G,T>G,G_G,GTG,85,5,0.0006067810245908636,0.00022616091934374953,0.0010842110058828136,mean,species,0.95,2000,matched_species_profile,True,MutSpec
Cytb,G[T>G]T,G,T,G,T,T>G,G_T,GTT,85,5,0.0,0.0,0.0,mean,species,0.95,2000,matched_species_profile,True,MutSpec
Cytb,T[T>G]A,T,T,G,A,T>G,T_A,TTA,85,5,5.012515508367765e-05,0.0,0.00015037546525103294,mean,species,0.95,2000,matched_species_profile,True,MutSpec
Cytb,T[T>G]C,T,T,G,C,T>G,T_C,TTC,85,5,0.00020413386384904235,0.0,0.0005154448199961694,mean,species,0.95,2000,matched_species_profile,True,MutSpec
Cytb,T[T>G]G,T,T,G,G,T>G,T_G,TTG,85,5,0.00030905985408522353,0.000110512232919643,0.000583689611554214,mean,species,0.95,2000,matched_species_profile,True,MutSpec
Cytb,T[T>G]T,T,T,G,T,T>G,T_T,TTT,85,5,0.0,0.0,0.0,mean,species,0.95,2000,matched_species_profile,True,MutSpec
