Mut,Left,Reference,Alternate,Right,CentralSubstitution,FlankingContext,ReferenceTrinucleotide,n_species,n_classes,min_species_per_class,max_species_per_class,mean_slope_per_proxy_unit,ci_low,ci_high,median_species_slope,fraction_species_positive,bootstrap_p_two_sided,confidence,weighting,value_col,p_value_method,fdr_bh_q
A[A>G]A,A,A,G,A,A>G,A_A,AAA,85,5,2,52,5.577733928108122e-05,-0.012294215450410928,0.013315247204512869,0.0,0.4823529411764706,0.9945027486256871,0.95,species,WithinSubstitutionShare,centered_species_bootstrap,0.9945027486256871
A[A>G]C,A,A,G,C,A>G,A_C,AAC,85,5,2,52,0.006226346515606132,-0.020512555758523295,0.03482490020900878,0.0,0.27058823529411763,0.6541729135432284,0.95,species,WithinSubstitutionShare,centered_species_bootstrap,0.8482158920539731
A[A>G]G,A,A,G,G,A>G,A_G,AAG,85,5,2,52,0.011071563058879248,-0.01189782923847435,0.032923816090767,0.0021226327182844187,0.5176470588235295,0.33883058470764615,0.95,species,WithinSubstitutionShare,centered_species_bootstrap,0.7676161919040481
A[A>G]T,A,A,G,T,A>G,A_T,AAT,85,5,2,52,-0.011811944459398755,-0.030307329195885534,0.007918944585295044,-0.00290135965096057,0.4117647058823529,0.2283858070964518,0.95,species,WithinSubstitutionShare,centered_species_bootstrap,0.7314603567781327
C[A>G]A,C,A,G,A,A>G,C_A,CAA,85,5,2,52,-0.012793518494559323,-0.02826702031871714,0.001538009019139674,-0.012345351535616925,0.3764705882352941,0.09095452273863068,0.95,species,WithinSubstitutionShare,centered_species_bootstrap,0.5981009495252374
C[A>G]C,C,A,G,C,A>G,C_C,CAC,85,5,2,52,0.025370637589400957,-0.0007675451964642625,0.05062891360921808,0.0,0.3176470588235294,0.05697151424287856,0.95,species,WithinSubstitutionShare,centered_species_bootstrap,0.45577211394302847
C[A>G]G,C,A,G,G,A>G,C_G,CAG,85,5,2,52,0.023603514363248965,-0.004970072417895529,0.054586624398430476,0.0,0.38823529411764707,0.12993503248375812,0.95,species,WithinSubstitutionShare,centered_species_bootstrap,0.6929868399133766
C[A>G]T,C,A,G,T,A>G,C_T,CAT,85,5,2,52,0.003347265664585028,-0.01056423349118722,0.01723310150421626,0.0,0.35294117647058826,0.6401799100449775,0.95,species,WithinSubstitutionShare,centered_species_bootstrap,0.8482158920539731
G[A>G]A,G,A,G,A,A>G,G_A,GAA,85,5,2,52,-0.007886275376204732,-0.023861011195912007,0.00840815089373377,-0.004117871685872539,0.47058823529411764,0.34782608695652173,0.95,species,WithinSubstitutionShare,centered_species_bootstrap,0.7676161919040481
G[A>G]C,G,A,G,C,A>G,G_C,GAC,85,5,2,52,0.016745674552699076,-0.019222858655073213,0.05197351473740685,0.0,0.3058823529411765,0.3493253373313343,0.95,species,WithinSubstitutionShare,centered_species_bootstrap,0.7676161919040481
G[A>G]G,G,A,G,G,A>G,G_G,GAG,85,5,2,52,-0.003781261080201403,-0.030053248201193032,0.023234451429910437,-0.030101832131043064,0.3764705882352941,0.7816091954022989,0.95,species,WithinSubstitutionShare,centered_species_bootstrap,0.9179971417799871
G[A>G]T,G,A,G,T,A>G,G_T,GAT,85,5,2,52,-0.014175166586626176,-0.04120923569407872,0.015109934810649293,-0.029021193717189555,0.3058823529411765,0.3278360819590205,0.95,species,WithinSubstitutionShare,centered_species_bootstrap,0.7676161919040481
T[A>G]A,T,A,G,A,A>G,T_A,TAA,85,5,2,52,-0.0027829973825689003,-0.01650330960433765,0.011832475353146332,0.0,0.4823529411764706,0.6921539230384808,0.95,species,WithinSubstitutionShare,centered_species_bootstrap,0.8518817514319763
T[A>G]C,T,A,G,C,A>G,T_C,TAC,85,5,2,52,-0.009278783945716736,-0.04818491165168274,0.03257819439294968,0.0,0.23529411764705882,0.6626686656671664,0.95,species,WithinSubstitutionShare,centered_species_bootstrap,0.8482158920539731
T[A>G]G,T,A,G,G,A>G,T_G,TAG,85,5,2,52,0.012480419189720593,-0.006182473523617126,0.03143133637380028,0.011461314443401992,0.5529411764705883,0.19790104947526238,0.95,species,WithinSubstitutionShare,centered_species_bootstrap,0.7314603567781327
T[A>G]T,T,A,G,T,A>G,T_T,TAT,85,5,2,52,-0.03639125094814545,-0.05880867454024061,-0.01536474952616909,-0.015771883083741865,0.35294117647058826,0.0029985007496251873,0.95,species,WithinSubstitutionShare,centered_species_bootstrap,0.095952023988006
A[C>T]A,A,C,T,A,C>T,A_A,ACA,82,5,2,50,-0.01311774469550011,-0.041122429391104026,0.014544062717611637,-0.00821172395737115,0.32926829268292684,0.3468265867066467,0.95,species,WithinSubstitutionShare,centered_species_bootstrap,0.7676161919040481
A[C>T]C,A,C,T,C,C>T,A_C,ACC,82,5,2,50,0.025018079469607254,-0.015802673273657378,0.07208621976245885,0.0,0.4268292682926829,0.26286856571714146,0.95,species,WithinSubstitutionShare,centered_species_bootstrap,0.7314603567781327
A[C>T]G,A,C,T,G,C>T,A_G,ACG,82,5,2,50,0.02178005500849458,-0.015503551381011794,0.06010328351951836,0.0,0.35365853658536583,0.2538730634682659,0.95,species,WithinSubstitutionShare,centered_species_bootstrap,0.7314603567781327
A[C>T]T,A,C,T,T,C>T,A_T,ACT,82,5,2,50,0.020030878723676274,-0.007649128305571501,0.047874008815974624,0.0,0.32926829268292684,0.1489255372313843,0.95,species,WithinSubstitutionShare,centered_species_bootstrap,0.7314603567781327
C[C>T]A,C,C,T,A,C>T,C_A,CCA,82,5,2,50,-0.025717948226746522,-0.049868437762561724,-0.00038915418024730635,-0.017922233585804897,0.25609756097560976,0.043478260869565216,0.95,species,WithinSubstitutionShare,centered_species_bootstrap,0.39751552795031053
C[C>T]C,C,C,T,C,C>T,C_C,CCC,82,5,2,50,-0.008497130671876353,-0.04548434017341758,0.02354978593133177,0.0,0.4268292682926829,0.6456771614192903,0.95,species,WithinSubstitutionShare,centered_species_bootstrap,0.8482158920539731
C[C>T]G,C,C,T,G,C>T,C_G,CCG,82,5,2,50,0.004570414974805959,-0.03101311892049987,0.042516002315506916,0.0,0.35365853658536583,0.8175912043978011,0.95,species,WithinSubstitutionShare,centered_species_bootstrap,0.9179971417799871
C[C>T]T,C,C,T,T,C>T,C_T,CCT,82,5,2,50,-0.03974055065044248,-0.05898809194443602,-0.023170408371252477,0.0,0.08536585365853659,0.0004997501249375312,0.95,species,WithinSubstitutionShare,centered_species_bootstrap,0.031984007996002
G[C>T]A,G,C,T,A,C>T,G_A,GCA,82,5,2,50,-0.0208171103520038,-0.045952424080826074,0.005729680258058846,-0.00608803337632662,0.34146341463414637,0.11344327836081959,0.95,species,WithinSubstitutionShare,centered_species_bootstrap,0.6600336195538594
G[C>T]C,G,C,T,C,C>T,G_C,GCC,82,5,2,50,-0.0034398152644796215,-0.04726345104952682,0.040387970875370355,0.0,0.2926829268292683,0.8775612193903048,0.95,species,WithinSubstitutionShare,centered_species_bootstrap,0.9228172798846478
G[C>T]G,G,C,T,G,C>T,G_G,GCG,82,5,2,50,-0.00012098142824553754,-0.03335780245005983,0.03714585836676524,0.0,0.2682926829268293,0.993503248375812,0.95,species,WithinSubstitutionShare,centered_species_bootstrap,0.9945027486256871
G[C>T]T,G,C,T,T,C>T,G_T,GCT,82,5,2,50,0.007180739094707192,-0.020197370299703105,0.03383930249750743,0.0,0.2804878048780488,0.5922038980509745,0.95,species,WithinSubstitutionShare,centered_species_bootstrap,0.8482158920539731
T[C>T]A,T,C,T,A,C>T,T_A,TCA,82,5,2,50,-0.018534398842190367,-0.046307529184134735,0.009562757367115482,0.0,0.4024390243902439,0.1839080459770115,0.95,species,WithinSubstitutionShare,centered_species_bootstrap,0.7314603567781327
T[C>T]C,T,C,T,C,C>T,T_C,TCC,82,5,2,50,-0.004429166688291415,-0.04113141385779865,0.030774727906675195,0.0,0.3048780487804878,0.8085957021489255,0.95,species,WithinSubstitutionShare,centered_species_bootstrap,0.9179971417799871
T[C>T]G,T,C,T,G,C>T,T_G,TCG,82,5,2,50,0.020332506695531136,-0.012634759008202576,0.053917877638092075,0.0,0.2682926829268293,0.23088455772113944,0.95,species,WithinSubstitutionShare,centered_species_bootstrap,0.7314603567781327
T[C>T]T,T,C,T,T,C>T,T_T,TCT,82,5,2,50,0.03550217285295342,0.005410311406027005,0.06784914149920865,0.0,0.3048780487804878,0.026486756621689155,0.95,species,WithinSubstitutionShare,centered_species_bootstrap,0.3390304847576212
A[G>A]A,A,G,A,A,G>A,A_A,AGA,85,5,2,52,0.006687744898797501,-0.004904989300591003,0.018651709086330685,0.004876539617016544,0.5647058823529412,0.24687656171914044,0.95,species,WithinSubstitutionShare,centered_species_bootstrap,0.7314603567781327
A[G>A]C,A,G,A,C,G>A,A_C,AGC,85,5,2,52,-0.004631771665438305,-0.02021272117933028,0.009439441126374395,0.0,0.32941176470588235,0.544727636181909,0.95,species,WithinSubstitutionShare,centered_species_bootstrap,0.8482158920539731
A[G>A]G,A,G,A,G,G>A,A_G,AGG,85,5,2,52,0.005239864659733268,-0.0061652171781938795,0.018378816030881703,0.0,0.4588235294117647,0.4032983508245877,0.95,species,WithinSubstitutionShare,centered_species_bootstrap,0.7804097951024488
A[G>A]T,A,G,A,T,G>A,A_T,AGT,85,5,2,52,0.006237355688517829,-0.008176474576646355,0.021204299247111022,0.00016161517605788812,0.5058823529411764,0.4222888555722139,0.95,species,WithinSubstitutionShare,centered_species_bootstrap,0.7804097951024488
C[G>A]A,C,G,A,A,G>A,C_A,CGA,85,5,2,52,-0.004805257324560945,-0.025620020163638752,0.016971372569412634,0.0,0.43529411764705883,0.6486756621689156,0.95,species,WithinSubstitutionShare,centered_species_bootstrap,0.8482158920539731
C[G>A]C,C,G,A,C,G>A,C_C,CGC,85,5,2,52,-0.019062528176805087,-0.06330294233664918,0.024889090845117583,0.0,0.21176470588235294,0.3853073463268366,0.95,species,WithinSubstitutionShare,centered_species_bootstrap,0.7706146926536732
C[G>A]G,C,G,A,G,G>A,C_G,CGG,85,5,2,52,0.0032600081214318455,-0.02154887163248162,0.028147788198766007,-0.0004496163707945491,0.3411764705882353,0.7996001999000499,0.95,species,WithinSubstitutionShare,centered_species_bootstrap,0.9179971417799871
C[G>A]T,C,G,A,T,G>A,C_T,CGT,85,5,2,52,-0.012275032705491405,-0.03849061803946508,0.013160136116854734,0.0,0.38823529411764707,0.3598200899550225,0.95,species,WithinSubstitutionShare,centered_species_bootstrap,0.7676161919040481
G[G>A]A,G,G,A,A,G>A,G_A,GGA,85,5,2,52,0.0016631526829033317,-0.015847256481271967,0.018894552801444524,0.00013131051821247024,0.5058823529411764,0.8555722138930535,0.95,species,WithinSubstitutionShare,centered_species_bootstrap,0.9228172798846478
G[G>A]C,G,G,A,C,G>A,G_C,GGC,85,5,2,52,-0.0067755411201946645,-0.023735208688875055,0.009567962665001751,0.0,0.29411764705882354,0.4267866066966517,0.95,species,WithinSubstitutionShare,centered_species_bootstrap,0.7804097951024488
G[G>A]G,G,G,A,G,G>A,G_G,GGG,85,5,2,52,0.0038576509696144437,-0.016093903810591757,0.024216513273341313,0.0,0.4823529411764706,0.6851574212893553,0.95,species,WithinSubstitutionShare,centered_species_bootstrap,0.8518817514319763
G[G>A]T,G,G,A,T,G>A,G_T,GGT,85,5,2,52,0.006636696570874468,-0.013074674176035412,0.029058131671621933,0.0,0.43529411764705883,0.5542228885557221,0.95,species,WithinSubstitutionShare,centered_species_bootstrap,0.8482158920539731
T[G>A]A,T,G,A,A,G>A,T_A,TGA,85,5,2,52,0.007584913322789011,-0.012629243467461214,0.028072729230761945,0.003213118014010949,0.5058823529411764,0.46776611694152925,0.95,species,WithinSubstitutionShare,centered_species_bootstrap,0.8091089590339966
T[G>A]C,T,G,A,C,G>A,T_C,TGC,85,5,2,52,-0.016369439477399262,-0.038673217997714705,0.007171613058348634,0.0,0.2,0.16491754122938532,0.95,species,WithinSubstitutionShare,centered_species_bootstrap,0.7314603567781327
T[G>A]G,T,G,A,G,G>A,T_G,TGG,85,5,2,52,0.0053278859672575745,-0.014848224725097779,0.0267419322033008,0.0,0.49411764705882355,0.6241879060469765,0.95,species,WithinSubstitutionShare,centered_species_bootstrap,0.8482158920539731
T[G>A]T,T,G,A,T,G>A,T_T,TGT,85,5,2,52,0.017424297587970015,-0.008017395058217473,0.04288230602260828,0.0039010011932350467,0.5176470588235295,0.18040979510244878,0.95,species,WithinSubstitutionShare,centered_species_bootstrap,0.7314603567781327
A[T>C]A,A,T,C,A,T>C,A_A,ATA,85,5,2,52,-0.021437776091209254,-0.046379482671018796,0.004081445477472094,-0.018671016339328245,0.36470588235294116,0.09345327336331834,0.95,species,WithinSubstitutionShare,centered_species_bootstrap,0.5981009495252374
A[T>C]C,A,T,C,C,T>C,A_C,ATC,85,5,2,52,-0.0014928835667368265,-0.02777434820724584,0.024142676875293926,0.0,0.43529411764705883,0.904047976011994,0.95,species,WithinSubstitutionShare,centered_species_bootstrap,0.9332108139478649
A[T>C]G,A,T,C,G,T>C,A_G,ATG,85,5,2,52,-0.007875384883325688,-0.023185344962982,0.007124632173470324,0.0,0.35294117647058826,0.33833083458270863,0.95,species,WithinSubstitutionShare,centered_species_bootstrap,0.7676161919040481
A[T>C]T,A,T,C,T,T>C,A_T,ATT,85,5,2,52,0.039221254046176275,0.012246770574148053,0.06538383769163376,0.0,0.4235294117647059,0.005997001499250375,0.95,species,WithinSubstitutionShare,centered_species_bootstrap,0.127936031984008
C[T>C]A,C,T,C,A,T>C,C_A,CTA,85,5,2,52,-0.004960902619585196,-0.022425089022435382,0.011878120665689796,-0.008723645497733122,0.35294117647058826,0.5557221389305347,0.95,species,WithinSubstitutionShare,centered_species_bootstrap,0.8482158920539731
C[T>C]C,C,T,C,C,T>C,C_C,CTC,85,5,2,52,0.0367420512901844,0.00849616321997626,0.06669232907213496,0.004002921981124866,0.5176470588235295,0.01649175412293853,0.95,species,WithinSubstitutionShare,centered_species_bootstrap,0.2638680659670165
C[T>C]G,C,T,C,G,T>C,C_G,CTG,85,5,2,52,0.005884538120128831,-0.009724437526746352,0.022337297693336533,0.0,0.4117647058823529,0.48075962018990503,0.95,species,WithinSubstitutionShare,centered_species_bootstrap,0.809700412951419
C[T>C]T,C,T,C,T,T>C,C_T,CTT,85,5,2,52,-0.011736203051962837,-0.029295360607749576,0.006154523764350558,0.0,0.17647058823529413,0.20889555222388806,0.95,species,WithinSubstitutionShare,centered_species_bootstrap,0.7314603567781327
G[T>C]A,G,T,C,A,T>C,G_A,GTA,85,5,2,52,0.005947275327686298,-0.019636084914785912,0.03499943105440929,0.0,0.4588235294117647,0.6456771614192903,0.95,species,WithinSubstitutionShare,centered_species_bootstrap,0.8482158920539731
G[T>C]C,G,T,C,C,T>C,G_C,GTC,85,5,2,52,0.0036788963580538735,-0.026893189461148763,0.034869631150015276,0.0,0.35294117647058826,0.8330834582708646,0.95,species,WithinSubstitutionShare,centered_species_bootstrap,0.9192645056781954
G[T>C]G,G,T,C,G,T>C,G_G,GTG,85,5,2,52,-0.004631908046113326,-0.031100123398822052,0.02213546593051373,0.0,0.38823529411764707,0.729135432283858,0.95,species,WithinSubstitutionShare,centered_species_bootstrap,0.8804654276635266
G[T>C]T,G,T,C,T,T>C,G_T,GTT,85,5,2,52,-0.012140351129528021,-0.040988432657201944,0.014584438184597624,0.0,0.3764705882352941,0.3798100949525237,0.95,species,WithinSubstitutionShare,centered_species_bootstrap,0.7706146926536732
T[T>C]A,T,T,C,A,T>C,T_A,TTA,85,5,2,52,0.0018437163379969518,-0.022077039252355924,0.02690686816675336,0.0,0.43529411764705883,0.879560219890055,0.95,species,WithinSubstitutionShare,centered_species_bootstrap,0.9228172798846478
T[T>C]C,T,T,C,C,T>C,T_C,TTC,85,5,2,52,-0.02681153061418389,-0.052015853523614694,-0.001538250378154912,-0.0011940505854623536,0.3058823529411765,0.03648175912043978,0.95,species,WithinSubstitutionShare,centered_species_bootstrap,0.38913876395135766
T[T>C]G,T,T,C,G,T>C,T_G,TTG,85,5,2,52,0.004942196760878411,-0.009070768587067542,0.01852954535953123,0.0,0.36470588235294116,0.4672663668165917,0.95,species,WithinSubstitutionShare,centered_species_bootstrap,0.8091089590339966
T[T>C]T,T,T,C,T,T>C,T_T,TTT,85,5,2,52,-0.007172988238460382,-0.03935656839112171,0.021494531574526167,0.0,0.2823529411764706,0.617191404297851,0.95,species,WithinSubstitutionShare,centered_species_bootstrap,0.8482158920539731
