Gene,Class,OpportunityStatus,n_rows,n_species,row_fraction_within_gene_class
CO1,Actinopteri,no_expected_opportunity,675,19,0.18503289473684212
CO1,Actinopteri,opportunity_observed_zero,2322,19,0.6365131578947368
CO1,Actinopteri,opportunity_observed_positive,651,19,0.17845394736842105
CO1,Amphibia,no_expected_opportunity,149,4,0.19401041666666666
CO1,Amphibia,opportunity_observed_zero,499,4,0.6497395833333334
CO1,Amphibia,opportunity_observed_positive,120,4,0.15625
CO1,Aves,no_expected_opportunity,342,8,0.22265625
CO1,Aves,opportunity_observed_zero,921,8,0.599609375
CO1,Aves,opportunity_observed_positive,273,8,0.177734375
CO1,Lepidosauria,no_expected_opportunity,73,2,0.19010416666666666
CO1,Lepidosauria,opportunity_observed_zero,231,2,0.6015625
CO1,Lepidosauria,opportunity_observed_positive,80,2,0.20833333333333334
CO1,Mammalia,no_expected_opportunity,2005,52,0.2008213141025641
CO1,Mammalia,opportunity_observed_zero,5916,52,0.5925480769230769
CO1,Mammalia,opportunity_observed_positive,2063,52,0.20663060897435898
CO3,Actinopteri,no_expected_opportunity,882,19,0.24177631578947367
CO3,Actinopteri,opportunity_observed_zero,2240,19,0.6140350877192983
CO3,Actinopteri,opportunity_observed_positive,526,19,0.14418859649122806
CO3,Amphibia,no_expected_opportunity,222,4,0.2890625
CO3,Amphibia,opportunity_observed_zero,441,4,0.57421875
CO3,Amphibia,opportunity_observed_positive,105,4,0.13671875
CO3,Aves,no_expected_opportunity,464,8,0.3020833333333333
CO3,Aves,opportunity_observed_zero,867,8,0.564453125
CO3,Aves,opportunity_observed_positive,205,8,0.13346354166666666
CO3,Lepidosauria,no_expected_opportunity,102,2,0.265625
CO3,Lepidosauria,opportunity_observed_zero,219,2,0.5703125
CO3,Lepidosauria,opportunity_observed_positive,63,2,0.1640625
CO3,Mammalia,no_expected_opportunity,2665,52,0.2669270833333333
CO3,Mammalia,opportunity_observed_zero,5745,52,0.5754206730769231
CO3,Mammalia,opportunity_observed_positive,1574,52,0.15765224358974358
Cytb,Actinopteri,no_expected_opportunity,738,19,0.20230263157894737
Cytb,Actinopteri,opportunity_observed_zero,2049,19,0.5616776315789473
Cytb,Actinopteri,opportunity_observed_positive,861,19,0.23601973684210525
Cytb,Amphibia,no_expected_opportunity,174,4,0.2265625
Cytb,Amphibia,opportunity_observed_zero,446,4,0.5807291666666666
Cytb,Amphibia,opportunity_observed_positive,148,4,0.19270833333333334
Cytb,Aves,no_expected_opportunity,398,8,0.2591145833333333
Cytb,Aves,opportunity_observed_zero,874,8,0.5690104166666666
Cytb,Aves,opportunity_observed_positive,264,8,0.171875
Cytb,Lepidosauria,no_expected_opportunity,76,2,0.19791666666666666
Cytb,Lepidosauria,opportunity_observed_zero,223,2,0.5807291666666666
Cytb,Lepidosauria,opportunity_observed_positive,85,2,0.22135416666666666
Cytb,Mammalia,no_expected_opportunity,2310,52,0.23137019230769232
Cytb,Mammalia,opportunity_observed_zero,5392,52,0.5400641025641025
Cytb,Mammalia,opportunity_observed_positive,2282,52,0.22856570512820512
