Mut,Left,Reference,Alternate,Right,CentralSubstitution,FlankingContext,ReferenceTrinucleotide,n_species,n_classes,min_species_per_class,max_species_per_class,mean_slope_per_proxy_unit,ci_low,ci_high,median_species_slope,fraction_species_positive,bootstrap_p_two_sided,confidence,weighting,value_col,p_value_method,fdr_bh_q,within_share_mean_slope,within_share_fdr_bh_q
A[A>G]A,A,A,G,A,A>G,A_A,AAA,52,1,52,52,0.003471428610337897,-0.0008529852283200661,0.00807027729620144,0.002890319710557024,0.6730769230769231,0.12143928035982009,0.95,species,MutSpec,centered_species_bootstrap,0.22859158655966133,0.0017187715832367619,0.9567146251435686
A[A>G]C,A,A,G,C,A>G,A_C,AAC,52,1,52,52,-0.0029213645610651436,-0.009665533461465401,0.004058809074515737,0.0,0.21153846153846154,0.40729635182408797,0.95,species,MutSpec,centered_species_bootstrap,0.5593798845258222,-0.01816265249841101,0.6716641679160419
A[A>G]G,A,A,G,G,A>G,A_G,AAG,52,1,52,52,0.006342957792095149,0.0028323056215123167,0.00997502676381254,0.004167390029953261,0.6538461538461539,0.0014992503748125937,0.95,species,MutSpec,centered_species_bootstrap,0.019190404797601198,0.01277902743062618,0.575712143928036
A[A>G]T,A,A,G,T,A>G,A_T,AAT,52,1,52,52,0.002029022732341706,-0.0028407161164795153,0.006799536934478434,0.0012709900510206047,0.5192307692307693,0.39780109945027486,0.95,species,MutSpec,centered_species_bootstrap,0.5593798845258222,-0.010503837632308406,0.7119021134593994
C[A>G]A,C,A,G,A,A>G,C_A,CAA,52,1,52,52,0.0011217520580150504,-0.0017759117465844818,0.004299212385649714,-0.0011205064889715922,0.46153846153846156,0.47726136931534235,0.95,species,MutSpec,centered_species_bootstrap,0.6363484924204564,-0.005939536313984187,0.7619719551988711
C[A>G]C,C,A,G,C,A>G,C_C,CAC,52,1,52,52,0.0077996993844749365,-0.0006037349912885878,0.016635432504039597,0.0,0.3269230769230769,0.07396301849075462,0.95,species,MutSpec,centered_species_bootstrap,0.15269784462607405,0.018344580139448678,0.6661017317428243
C[A>G]G,C,A,G,G,A>G,C_G,CAG,52,1,52,52,0.011737261010918579,0.001040514648961879,0.025004639822462805,0.0,0.40384615384615385,0.0559720139930035,0.95,species,MutSpec,centered_species_bootstrap,0.12462734150166296,0.02161599284530211,0.6661017317428243
C[A>G]T,C,A,G,T,A>G,C_T,CAT,52,1,52,52,0.006635442716347791,0.00178913536028492,0.012221218914770115,0.0,0.4807692307692308,0.013993003498250875,0.95,species,MutSpec,centered_species_bootstrap,0.059703481592537064,0.013363022596656563,0.6661017317428243
G[A>G]A,G,A,G,A,A>G,G_A,GAA,52,1,52,52,0.0011678910310267726,-0.003168225819393738,0.0056988817656057665,-0.0012114007661778196,0.46153846153846156,0.6071964017991005,0.95,species,MutSpec,centered_species_bootstrap,0.719640179910045,-0.016635420741913078,0.623688155922039
G[A>G]C,G,A,G,C,A>G,G_C,GAC,52,1,52,52,0.01667983386947047,0.004402171318276576,0.03030357382908078,0.0,0.40384615384615385,0.011494252873563218,0.95,species,MutSpec,centered_species_bootstrap,0.052545155993431854,0.0410348283123148,0.4751909759406011
G[A>G]G,G,A,G,G,A>G,G_G,GAG,52,1,52,52,0.004070179566444164,-0.004147381495341534,0.013151652346811833,-0.003554056886887374,0.40384615384615385,0.37681159420289856,0.95,species,MutSpec,centered_species_bootstrap,0.5593798845258222,-0.005624716507728169,0.9340635804546706
G[A>G]T,G,A,G,T,A>G,G_T,GAT,52,1,52,52,-0.004672792756687908,-0.011242281128141777,0.0022453252451785336,-0.007801792299183766,0.3269230769230769,0.17641179410294852,0.95,species,MutSpec,centered_species_bootstrap,0.30753853842309614,-0.04676790944211461,0.14925870398134267
T[A>G]A,T,A,G,A,A>G,T_A,TAA,52,1,52,52,0.003572659814873977,-0.0001335281056684049,0.007286487797837875,-0.0004788539479534562,0.4807692307692308,0.05897051474262868,0.95,species,MutSpec,centered_species_bootstrap,0.12580376478427452,-0.0025276537865758365,0.945447276361819
T[A>G]C,T,A,G,C,A>G,T_C,TAC,52,1,52,52,0.017695210658639795,-0.00509529774681543,0.04685460294972713,0.0,0.2692307692307692,0.1854072963518241,0.95,species,MutSpec,centered_species_bootstrap,0.30753853842309614,0.008399626883164249,0.9567146251435686
T[A>G]G,T,A,G,G,A>G,T_G,TAG,52,1,52,52,0.007755258135192358,0.0023601493188191228,0.013241815123018634,0.006787463117656459,0.6730769230769231,0.005997001499250375,0.95,species,MutSpec,centered_species_bootstrap,0.034891645086547636,0.012516771328172046,0.6661017317428243
T[A>G]T,T,A,G,T,A>G,T_T,TAT,52,1,52,52,-0.0017886455902605717,-0.005924498585021204,0.0022645505870344303,0.00033205515465172653,0.5384615384615384,0.4107946026986507,0.95,species,MutSpec,centered_species_bootstrap,0.5593798845258222,-0.0236108941958865,0.34542728635682163
A[C>T]A,A,C,T,A,C>T,A_A,ACA,52,1,52,52,-0.004028757055985483,-0.012747878323372347,0.00631225312270306,-0.0035197209448398115,0.3269230769230769,0.40679660169915044,0.95,species,MutSpec,centered_species_bootstrap,0.5593798845258222,-0.028972846775972134,0.5533233383308346
A[C>T]C,A,C,T,C,C>T,A_C,ACC,52,1,52,52,0.026205791388895616,-0.002045367254282217,0.05979209659896407,0.0,0.40384615384615385,0.09695152423788106,0.95,species,MutSpec,centered_species_bootstrap,0.19390304847576212,0.023427429756017668,0.8088587285304716
A[C>T]G,A,C,T,G,C>T,A_G,ACG,52,1,52,52,-0.007350886158905703,-0.03700683922597002,0.017460392094037436,0.0,0.3076923076923077,0.5877061469265368,0.95,species,MutSpec,centered_species_bootstrap,0.719640179910045,-0.0004803131960981358,0.9875062468765617
A[C>T]T,A,C,T,T,C>T,A_T,ACT,52,1,52,52,0.010994347299219796,-0.0035259613591575477,0.028032103597864393,0.0,0.3269230769230769,0.16141929035482258,0.95,species,MutSpec,centered_species_bootstrap,0.29516670236310416,0.02331684407818995,0.6661017317428243
C[C>T]A,C,C,T,A,C>T,C_A,CCA,52,1,52,52,-0.000674019559376258,-0.014109108331982092,0.013664047886211794,-0.00047249262320144306,0.36538461538461536,0.9215392303848076,0.95,species,MutSpec,centered_species_bootstrap,0.9305347326336831,-0.01202894088233071,0.8088587285304716
C[C>T]C,C,C,T,C,C>T,C_C,CCC,52,1,52,52,0.002947336989219596,-0.011500345454305253,0.01680627877773439,0.0,0.40384615384615385,0.6891554222888556,0.95,species,MutSpec,centered_species_bootstrap,0.7876061969015493,-0.011868324932395268,0.8735187961574767
C[C>T]G,C,C,T,G,C>T,C_G,CCG,52,1,52,52,0.008282910605041246,-0.01051521077064155,0.028908875338905692,0.0,0.40384615384615385,0.3938030984507746,0.95,species,MutSpec,centered_species_bootstrap,0.5593798845258222,0.0006696186758576222,0.9875062468765617
C[C>T]T,C,C,T,T,C>T,C_T,CCT,52,1,52,52,-0.01695640863519301,-0.03610276137438628,-0.0032634528365831886,0.0,0.07692307692307693,0.04247876061969016,0.95,species,MutSpec,centered_species_bootstrap,0.11327669498584042,-0.023825934334348653,0.14925870398134267
G[C>T]A,G,C,T,A,C>T,G_A,GCA,52,1,52,52,0.000592633260204813,-0.013876874719800517,0.018550941358743935,0.0,0.40384615384615385,0.9305347326336831,0.95,species,MutSpec,centered_species_bootstrap,0.9305347326336831,-0.006987728921997655,0.9268698983841412
G[C>T]C,G,C,T,C,C>T,G_C,GCC,52,1,52,52,-0.002364181055459277,-0.030225908701319314,0.028465288477125688,0.0,0.2692307692307692,0.8850574712643678,0.95,species,MutSpec,centered_species_bootstrap,0.9285848878839269,-0.014049284180119147,0.9084819292481419
G[C>T]G,G,C,T,G,C>T,G_G,GCG,52,1,52,52,-0.0009217044060559613,-0.01624478317001935,0.014429179345166179,0.0,0.25,0.9075462268865567,0.95,species,MutSpec,centered_species_bootstrap,0.9305347326336831,0.004413301555386911,0.9584173430526116
G[C>T]T,G,C,T,T,C>T,G_T,GCT,52,1,52,52,0.002127475482200927,-0.012585538723945182,0.019018937993073057,0.0,0.19230769230769232,0.7931034482758621,0.95,species,MutSpec,centered_species_bootstrap,0.8459770114942529,0.0006502372372598031,0.9875062468765617
T[C>T]A,T,C,T,A,C>T,T_A,TCA,52,1,52,52,-0.0029258783934807625,-0.012550984202361106,0.006545113859407331,0.0,0.36538461538461536,0.5667166416791605,0.95,species,MutSpec,centered_species_bootstrap,0.7111738248522798,-0.01710861318860558,0.6661017317428243
T[C>T]C,T,C,T,C,C>T,T_C,TCC,52,1,52,52,0.007516835643591438,-0.01822356140892202,0.030789703050566105,0.0,0.40384615384615385,0.543728135932034,0.95,species,MutSpec,centered_species_bootstrap,0.7101755244826566,0.013325695856324947,0.8735187961574767
T[C>T]G,T,C,T,G,C>T,T_G,TCG,52,1,52,52,-0.003746617874221762,-0.026338086436027183,0.01492507510364399,0.0,0.21153846153846154,0.7206396801599201,0.95,species,MutSpec,centered_species_bootstrap,0.80621758086474,-0.00033015341196539373,0.9875062468765617
T[C>T]T,T,C,T,T,C>T,T_T,TCT,52,1,52,52,0.022881490474948894,0.006549295994344649,0.041607788024788546,0.0,0.34615384615384615,0.011494252873563218,0.95,species,MutSpec,centered_species_bootstrap,0.052545155993431854,0.04984901266479536,0.2798600699650175
A[G>A]A,A,G,A,A,G>A,A_A,AGA,52,1,52,52,-0.0023802596148243607,-0.004258829700777446,-0.0005612324601282005,-0.0014881768493423858,0.36538461538461536,0.01649175412293853,0.95,species,MutSpec,centered_species_bootstrap,0.06596701649175413,0.006098813004305537,0.6983175079127103
A[G>A]C,A,G,A,C,G>A,A_C,AGC,52,1,52,52,-0.004105677390729321,-0.007660279803204176,-0.0006395119469535087,-0.0017014604323580054,0.2692307692307692,0.020989505247376312,0.95,species,MutSpec,centered_species_bootstrap,0.07901931387247553,-0.010204989834767324,0.6983175079127103
A[G>A]G,A,G,A,G,G>A,A_G,AGG,52,1,52,52,-0.002452560613647056,-0.004707544388032161,-0.0003158817972129295,-0.001422266682056817,0.36538461538461536,0.025487256371814093,0.95,species,MutSpec,centered_species_bootstrap,0.08155922038980509,0.006184968317315574,0.7619719551988711
A[G>A]T,A,G,A,T,G>A,A_T,AGT,52,1,52,52,-0.00461267179916565,-0.007050289792434873,-0.0021458997511624935,-0.0030356851275066855,0.3269230769230769,0.0004997501249375312,0.95,species,MutSpec,centered_species_bootstrap,0.015992003998001,-0.0018406491917580736,0.9567146251435686
C[G>A]A,C,G,A,A,G>A,C_A,CGA,52,1,52,52,-0.006117719955977664,-0.010102202445004165,-0.002286865676561249,-0.0023562600971612814,0.25,0.00399800099950025,0.95,species,MutSpec,centered_species_bootstrap,0.031984007996002,-0.0013568044521588248,0.9875062468765617
C[G>A]C,C,G,A,C,G>A,C_C,CGC,52,1,52,52,-0.003460491831216486,-0.019894661210109993,0.01616103481120487,0.0,0.19230769230769232,0.6771614192903548,0.95,species,MutSpec,centered_species_bootstrap,0.7876061969015493,-0.01016012347549662,0.9084819292481419
C[G>A]G,C,G,A,G,G>A,C_G,CGG,52,1,52,52,-0.0021150246793690116,-0.008810996709209783,0.005003568521393196,-0.003536826608271492,0.25,0.55872063968016,0.95,species,MutSpec,centered_species_bootstrap,0.7111738248522798,0.0038504246955332008,0.9567146251435686
C[G>A]T,C,G,A,T,G>A,C_T,CGT,52,1,52,52,-0.004928049789757782,-0.009038842763569314,-0.000523740001823981,-0.0026110036178650944,0.38461538461538464,0.02348825587206397,0.95,species,MutSpec,centered_species_bootstrap,0.07911833556905758,0.0009526779940394601,0.9875062468765617
G[G>A]A,G,G,A,A,G>A,G_A,GGA,52,1,52,52,-0.0035857196110626443,-0.006190492574840539,-0.001182803174577855,-0.00098951464829844,0.40384615384615385,0.005497251374312844,0.95,species,MutSpec,centered_species_bootstrap,0.034891645086547636,-0.0023975944333535816,0.9567146251435686
G[G>A]C,G,G,A,C,G>A,G_C,GGC,52,1,52,52,-0.004870635895182342,-0.010061359583357306,-0.00030764780570073397,0.0,0.36538461538461536,0.050474762618690654,0.95,species,MutSpec,centered_species_bootstrap,0.12462734150166296,-0.0067517217933955025,0.8735187961574767
G[G>A]G,G,G,A,G,G>A,G_G,GGG,52,1,52,52,-0.007409521834499982,-0.01222331978108054,-0.0033198156071577124,-0.0038361917940990388,0.28846153846153844,0.0024987506246876563,0.95,species,MutSpec,centered_species_bootstrap,0.026653339996668333,-0.008127266402497696,0.8243878060969514
G[G>A]T,G,G,A,T,G>A,G_T,GGT,52,1,52,52,-0.00718107097943879,-0.015417321761976197,-0.0011444615832092015,-0.003507941935407556,0.3076923076923077,0.0559720139930035,0.95,species,MutSpec,centered_species_bootstrap,0.12462734150166296,0.008663010228839713,0.8088587285304716
T[G>A]A,T,G,A,A,G>A,T_A,TGA,52,1,52,52,-0.005388220399261248,-0.013019066948830758,9.119505949757762e-05,-0.0013250497502740217,0.4230769230769231,0.1024487756121939,0.95,species,MutSpec,centered_species_bootstrap,0.19868853452061846,0.002716017368175966,0.9567146251435686
T[G>A]C,T,G,A,C,G>A,T_C,TGC,52,1,52,52,-0.005838298349979913,-0.011270708768955329,-0.000401450516174816,0.0,0.21153846153846154,0.035982008995502246,0.95,species,MutSpec,centered_species_bootstrap,0.10965945598629256,-0.013806679022036602,0.6983175079127103
T[G>A]G,T,G,A,G,G>A,T_G,TGG,52,1,52,52,-0.0032027591804866503,-0.007933902712549394,0.0017823745975743656,-0.0008773054101844029,0.40384615384615385,0.1809095452273863,0.95,species,MutSpec,centered_species_bootstrap,0.30753853842309614,0.008081720776119329,0.8088587285304716
T[G>A]T,T,G,A,T,G>A,T_T,TGT,52,1,52,52,-0.007654921382634541,-0.012054331287901402,-0.0037922566935012195,-0.005973337594570741,0.25,0.0014992503748125937,0.95,species,MutSpec,centered_species_bootstrap,0.019190404797601198,0.01809819622113505,0.6661017317428243
A[T>C]A,A,T,C,A,T>C,A_A,ATA,52,1,52,52,-0.004546481969234705,-0.007267702593553991,-0.002051024455192202,-0.003112130158716448,0.3076923076923077,0.0009995002498750624,0.95,species,MutSpec,centered_species_bootstrap,0.019190404797601198,-0.01933870101425838,0.6661017317428243
A[T>C]C,A,T,C,C,T>C,A_C,ATC,52,1,52,52,-0.0038005167249490065,-0.007539625114821235,-0.0002582202226350206,-0.002670771471212738,0.3269230769230769,0.04097951024487756,0.95,species,MutSpec,centered_species_bootstrap,0.11327669498584042,-0.0037859747100498337,0.9567146251435686
A[T>C]G,A,T,C,G,T>C,A_G,ATG,52,1,52,52,-0.00347404277548532,-0.005860153471835283,-0.0012766972240259127,-0.0017845585357592715,0.23076923076923078,0.004497751124437781,0.95,species,MutSpec,centered_species_bootstrap,0.031984007996002,-0.014578206427756358,0.6661017317428243
A[T>C]T,A,T,C,T,T>C,A_T,ATT,52,1,52,52,0.0021203441958689115,-0.0011740324959120356,0.0055441118318594875,0.0,0.4807692307692308,0.21389305347326337,0.95,species,MutSpec,centered_species_bootstrap,0.3422288855572214,0.05645333319113025,0.095952023988006
C[T>C]A,C,T,C,A,T>C,C_A,CTA,52,1,52,52,-0.0034882848420092457,-0.005320217850163513,-0.001950259966866363,-0.002828509018822053,0.19230769230769232,0.0004997501249375312,0.95,species,MutSpec,centered_species_bootstrap,0.015992003998001,-0.016940445672446923,0.543728135932034
C[T>C]C,C,T,C,C,T>C,C_C,CTC,52,1,52,52,-0.0004896213710209985,-0.0032472450949247583,0.002539892860505649,0.0,0.46153846153846156,0.7306346826586707,0.95,species,MutSpec,centered_species_bootstrap,0.80621758086474,0.03789217045770949,0.5533233383308346
C[T>C]G,C,T,C,G,T>C,C_G,CTG,52,1,52,52,-0.0014414457323224908,-0.002921868736031506,1.7597526503859405e-05,-0.0007199078249643042,0.3269230769230769,0.05647176411794103,0.95,species,MutSpec,centered_species_bootstrap,0.12462734150166296,0.012413718689302602,0.6661017317428243
C[T>C]T,C,T,C,T,T>C,C_T,CTT,52,1,52,52,-0.0016375892028269122,-0.0039172268718545645,0.0008015019009525992,0.0,0.1346153846153846,0.1874062968515742,0.95,species,MutSpec,centered_species_bootstrap,0.30753853842309614,-0.011445589026942751,0.6716641679160419
G[T>C]A,G,T,C,A,T>C,G_A,GTA,52,1,52,52,-0.002682161179281132,-0.005381943819842781,1.2480779376787709e-05,-0.0009512349919809514,0.36538461538461536,0.051974012993503245,0.95,species,MutSpec,centered_species_bootstrap,0.12462734150166296,0.013936310911731432,0.8168223580517434
G[T>C]C,G,T,C,C,T>C,G_C,GTC,52,1,52,52,-0.005486591293606485,-0.008825973249618023,-0.001910380278588252,-0.0028233102439136223,0.15384615384615385,0.0034982508745627187,0.95,species,MutSpec,centered_species_bootstrap,0.031984007996002,-0.036198625261075236,0.4690987839413627
G[T>C]G,G,T,C,G,T>C,G_G,GTG,52,1,52,52,-0.0051159639916042565,-0.00900351858512232,-0.0017481261747407078,-0.0007119276942819546,0.28846153846153844,0.008995502248875561,0.95,species,MutSpec,centered_species_bootstrap,0.047976011994003,-0.024396904532738097,0.6661017317428243
G[T>C]T,G,T,C,T,T>C,G_T,GTT,52,1,52,52,-0.0042836064071847865,-0.008477001897090867,-0.0004422433171615103,0.0,0.2692307692307692,0.03948025987006497,0.95,species,MutSpec,centered_species_bootstrap,0.11327669498584042,-0.018498775003662565,0.6983175079127103
T[T>C]A,T,T,C,A,T>C,T_A,TTA,52,1,52,52,-0.0010991085175596647,-0.0031593807086018793,0.0010407283550002866,-0.0014040526063822598,0.3076923076923077,0.30184907546226886,0.95,species,MutSpec,centered_species_bootstrap,0.47117904462402943,0.013759136721174582,0.7619719551988711
T[T>C]C,T,T,C,C,T>C,T_C,TTC,52,1,52,52,-0.0033665184483225277,-0.006187218199765061,-0.00043374615968329853,-0.000844878304167884,0.28846153846153844,0.02348825587206397,0.95,species,MutSpec,centered_species_bootstrap,0.07911833556905758,-0.00885021316400832,0.8735187961574767
T[T>C]G,T,T,C,G,T>C,T_G,TTG,52,1,52,52,-0.00039274301942417205,-0.0018742702063039962,0.0011884667391551034,0.0,0.3269230769230769,0.6046976511744128,0.95,species,MutSpec,centered_species_bootstrap,0.719640179910045,0.0030619641776160607,0.8735187961574767
T[T>C]T,T,T,C,T,T>C,T_T,TTT,52,1,52,52,-0.0003309938978425568,-0.0025589756547756285,0.0019900701762410947,0.0,0.25,0.7711144427786107,0.95,species,MutSpec,centered_species_bootstrap,0.8364631243700185,0.016516800664273655,0.6716641679160419
