Species,Class
Balaenoptera_physalus,Mammalia
Bison_priscus,Mammalia
Bos_taurus,Mammalia
Camelus_dromedarius,Mammalia
Canis_latrans,Mammalia
Canis_lupus,Mammalia
Capra_hircus,Mammalia
Cervus_elaphus,Mammalia
Cricetulus_kamensis,Mammalia
Crocidura_suaveolens,Mammalia
Crocuta_crocuta,Mammalia
Dicrostonyx_torquatus,Mammalia
Equus_caballus,Mammalia
Guerlinguetus_brasiliensis,Mammalia
Helarctos_malayanus,Mammalia
Hippotragus_equinus,Mammalia
Homo_sapiens,Mammalia
Hylomyscus_walterverheyeni,Mammalia
Lasiopodomys_anglicus,Mammalia
Lasiopodomys_gregalis,Mammalia
Macaca_fascicularis,Mammalia
Macaca_mulatta,Mammalia
Mammuthus_primigenius,Mammalia
Martes_zibellina,Mammalia
Mesoplodon_grayi,Mammalia
Microtus_richardsoni,Mammalia
Mus_musculus,Mammalia
Myodes_glareolus,Mammalia
Ochotona_cansus,Mammalia
Ochotona_thibetana,Mammalia
Odocoileus_virginianus,Mammalia
Ovis_ammon,Mammalia
Ovis_aries,Mammalia
Pan_troglodytes,Mammalia
Papio_anubis,Mammalia
Phoca_groenlandica,Mammalia
Plecotus_macrobullaris,Mammalia
Prionailurus_bengalensis,Mammalia
Procyon_lotor,Mammalia
Proechimys_guyannensis,Mammalia
Rusa_unicolor,Mammalia
Sicista_betulina,Mammalia
Spilogale_gracilis,Mammalia
Stenella_attenuata,Mammalia
Stenella_longirostris,Mammalia
Stenocephalemys_albipes,Mammalia
Sus_scrofa,Mammalia
Syncerus_caffer,Mammalia
Trachypithecus_phayrei,Mammalia
Tursiops_truncatus,Mammalia
Urocyon_cinereoargenteus,Mammalia
Ursus_arctos,Mammalia
