Gene,Mut,Left,Reference,Alternate,Right,CentralSubstitution,FlankingContext,ReferenceTrinucleotide,n_species,n_classes,estimate,ci_low,ci_high,estimator,weighting,confidence,value_col
CO1,A[A>G]A,A,A,G,A,A>G,A_A,AAA,85,5,0.00888017769444321,0.006637154793814373,0.011348130945281348,mean,species,0.95,MutSpec
CO1,A[A>G]C,A,A,G,C,A>G,A_C,AAC,85,5,0.00973818058352802,0.005436511126390216,0.014690467739320541,mean,species,0.95,MutSpec
CO1,A[A>G]G,A,A,G,G,A>G,A_G,AAG,85,5,0.010127426736110987,0.007810524172309166,0.012765683713943222,mean,species,0.95,MutSpec
CO1,A[A>G]T,A,A,G,T,A>G,A_T,AAT,85,5,0.016923153014377666,0.012751510718565303,0.021765244139009387,mean,species,0.95,MutSpec
CO1,C[A>G]A,C,A,G,A,A>G,C_A,CAA,85,5,0.008109037352599007,0.006448072370135828,0.010041364586972893,mean,species,0.95,MutSpec
CO1,C[A>G]C,C,A,G,C,A>G,C_C,CAC,85,5,0.007099441160153106,0.004244975452327852,0.010337069541097147,mean,species,0.95,MutSpec
CO1,C[A>G]G,C,A,G,G,A>G,C_G,CAG,85,5,0.008997805560247164,0.006446003330331004,0.0120721401132105,mean,species,0.95,MutSpec
CO1,C[A>G]T,C,A,G,T,A>G,C_T,CAT,85,5,0.007895967303837332,0.005174395671002884,0.011328604586262055,mean,species,0.95,MutSpec
CO1,G[A>G]A,G,A,G,A,A>G,G_A,GAA,85,5,0.012827355192426995,0.01055581638950658,0.015070986164562733,mean,species,0.95,MutSpec
CO1,G[A>G]C,G,A,G,C,A>G,G_C,GAC,85,5,0.01380961739872287,0.006952896097274407,0.023658086322684294,mean,species,0.95,MutSpec
CO1,G[A>G]G,G,A,G,G,A>G,G_G,GAG,85,5,0.01837328887765443,0.01426793653182637,0.022742901633224292,mean,species,0.95,MutSpec
CO1,G[A>G]T,G,A,G,T,A>G,G_T,GAT,85,5,0.017993883898785906,0.014278522079080537,0.02196287511866012,mean,species,0.95,MutSpec
CO1,T[A>G]A,T,A,G,A,A>G,T_A,TAA,85,5,0.010190100436747862,0.008431981638351951,0.012144953653968763,mean,species,0.95,MutSpec
CO1,T[A>G]C,T,A,G,C,A>G,T_C,TAC,85,5,0.018492795482825463,0.012786378687774437,0.025030678283964145,mean,species,0.95,MutSpec
CO1,T[A>G]G,T,A,G,G,A>G,T_G,TAG,85,5,0.011994064509289356,0.00947041412342225,0.014506465747553977,mean,species,0.95,MutSpec
CO1,T[A>G]T,T,A,G,T,A>G,T_T,TAT,85,5,0.019609030712429212,0.015381359127587741,0.02399354544930432,mean,species,0.95,MutSpec
CO1,A[C>T]A,A,C,T,A,C>T,A_A,ACA,85,5,0.024734692357544365,0.01871753504300143,0.03123066364907316,mean,species,0.95,MutSpec
CO1,A[C>T]C,A,C,T,C,C>T,A_C,ACC,85,5,0.03540902157756715,0.02565101935660522,0.046169580722216615,mean,species,0.95,MutSpec
CO1,A[C>T]G,A,C,T,G,C>T,A_G,ACG,85,5,0.029573283275833737,0.013928273621848642,0.05001230230099333,mean,species,0.95,MutSpec
CO1,A[C>T]T,A,C,T,T,C>T,A_T,ACT,85,5,0.014387215232829511,0.006942080586093264,0.023078456066880332,mean,species,0.95,MutSpec
CO1,C[C>T]A,C,C,T,A,C>T,C_A,CCA,85,5,0.025576246525847647,0.019547968942911536,0.032420983811098064,mean,species,0.95,MutSpec
CO1,C[C>T]C,C,C,T,C,C>T,C_C,CCC,85,5,0.030078909367392125,0.023488422232662887,0.037094136478241134,mean,species,0.95,MutSpec
CO1,C[C>T]G,C,C,T,G,C>T,C_G,CCG,85,5,0.03118076558699072,0.021365305228161328,0.04259630877903462,mean,species,0.95,MutSpec
CO1,C[C>T]T,C,C,T,T,C>T,C_T,CCT,85,5,0.02105019973369341,0.010501664658475034,0.035344204771696745,mean,species,0.95,MutSpec
CO1,G[C>T]A,G,C,T,A,C>T,G_A,GCA,85,5,0.023907587583569007,0.016536307108058798,0.03222700442672483,mean,species,0.95,MutSpec
CO1,G[C>T]C,G,C,T,C,C>T,G_C,GCC,85,5,0.03289382379482052,0.017638844807067715,0.05151675465094453,mean,species,0.95,MutSpec
CO1,G[C>T]G,G,C,T,G,C>T,G_G,GCG,85,5,0.023074771418794573,0.012971789365647387,0.034507227281114355,mean,species,0.95,MutSpec
CO1,G[C>T]T,G,C,T,T,C>T,G_T,GCT,85,5,0.021364051024685506,0.013662883684759649,0.028991610043296555,mean,species,0.95,MutSpec
CO1,T[C>T]A,T,C,T,A,C>T,T_A,TCA,85,5,0.02502113990967204,0.018112572689619365,0.03273037726075145,mean,species,0.95,MutSpec
CO1,T[C>T]C,T,C,T,C,C>T,T_C,TCC,85,5,0.034070290894377284,0.02127923107180555,0.049702545987549036,mean,species,0.95,MutSpec
CO1,T[C>T]G,T,C,T,G,C>T,T_G,TCG,85,5,0.018943868490712473,0.0064889085267275095,0.03644408341923193,mean,species,0.95,MutSpec
CO1,T[C>T]T,T,C,T,T,C>T,T_T,TCT,85,5,0.010046150346531564,0.00378424340626982,0.018312821350213337,mean,species,0.95,MutSpec
CO1,A[G>A]A,A,G,A,A,G>A,A_A,AGA,85,5,0.007041282868449186,0.005609803966645811,0.008554965699494425,mean,species,0.95,MutSpec
CO1,A[G>A]C,A,G,A,C,G>A,A_C,AGC,85,5,0.006817231265280872,0.004519332544021567,0.009430635875514274,mean,species,0.95,MutSpec
CO1,A[G>A]G,A,G,A,G,G>A,A_G,AGG,85,5,0.007376333324929475,0.005778987952246568,0.009013609108448747,mean,species,0.95,MutSpec
CO1,A[G>A]T,A,G,A,T,G>A,A_T,AGT,85,5,0.010103951379876706,0.008059428537725143,0.012190560336339326,mean,species,0.95,MutSpec
CO1,C[G>A]A,C,G,A,A,G>A,C_A,CGA,85,5,0.013666164974746538,0.010133852267725759,0.01754663262321317,mean,species,0.95,MutSpec
CO1,C[G>A]C,C,G,A,C,G>A,C_C,CGC,85,5,0.02216290964263289,0.011899163407527167,0.03442605771017116,mean,species,0.95,MutSpec
CO1,C[G>A]G,C,G,A,G,G>A,C_G,CGG,85,5,0.011752555303865942,0.008525385666941793,0.015226017788994675,mean,species,0.95,MutSpec
CO1,C[G>A]T,C,G,A,T,G>A,C_T,CGT,85,5,0.013445650121512274,0.00923463236304758,0.01812575327650307,mean,species,0.95,MutSpec
CO1,G[G>A]A,G,G,A,A,G>A,G_A,GGA,85,5,0.009834246765836382,0.007832519273567753,0.011830377304973126,mean,species,0.95,MutSpec
CO1,G[G>A]C,G,G,A,C,G>A,G_C,GGC,85,5,0.007327976087807938,0.003913770870036338,0.01138135260476876,mean,species,0.95,MutSpec
CO1,G[G>A]G,G,G,A,G,G>A,G_G,GGG,85,5,0.012076898850915478,0.008775929941270013,0.01606537336869916,mean,species,0.95,MutSpec
CO1,G[G>A]T,G,G,A,T,G>A,G_T,GGT,85,5,0.014210380950184032,0.009820674089924203,0.020186519026443552,mean,species,0.95,MutSpec
CO1,T[G>A]A,T,G,A,A,G>A,T_A,TGA,85,5,0.015317001768963905,0.011281863412183376,0.02133542521912882,mean,species,0.95,MutSpec
CO1,T[G>A]C,T,G,A,C,G>A,T_C,TGC,85,5,0.010354058383407052,0.006747219686734983,0.014563359169058036,mean,species,0.95,MutSpec
CO1,T[G>A]G,T,G,A,G,G>A,T_G,TGG,85,5,0.012515381677766437,0.00958172424197598,0.01561081043703521,mean,species,0.95,MutSpec
CO1,T[G>A]T,T,G,A,T,G>A,T_T,TGT,85,5,0.017904226330632347,0.01394466374360446,0.02214116002371596,mean,species,0.95,MutSpec
CO1,A[T>C]A,A,T,C,A,T>C,A_A,ATA,85,5,0.011709052784170794,0.008518512654061342,0.015376961471680252,mean,species,0.95,MutSpec
CO1,A[T>C]C,A,T,C,C,T>C,A_C,ATC,85,5,0.011506694983187772,0.008574301777835686,0.014960737843855423,mean,species,0.95,MutSpec
CO1,A[T>C]G,A,T,C,G,T>C,A_G,ATG,85,5,0.004901159954864286,0.0034157679995161535,0.006615503279979571,mean,species,0.95,MutSpec
CO1,A[T>C]T,A,T,C,T,T>C,A_T,ATT,85,5,0.005426319642118525,0.0025793921252784528,0.008705336280188552,mean,species,0.95,MutSpec
CO1,C[T>C]A,C,T,C,A,T>C,C_A,CTA,85,5,0.0070336204444494685,0.005503833069183402,0.008755549651881136,mean,species,0.95,MutSpec
CO1,C[T>C]C,C,T,C,C,T>C,C_C,CTC,85,5,0.01219122006043483,0.009588600803601088,0.015044356180288763,mean,species,0.95,MutSpec
CO1,C[T>C]G,C,T,C,G,T>C,C_G,CTG,85,5,0.005420280928281345,0.004030290126416,0.006828111325889467,mean,species,0.95,MutSpec
CO1,C[T>C]T,C,T,C,T,T>C,C_T,CTT,85,5,0.0051098063842964685,0.0031919270573069953,0.007436161803775728,mean,species,0.95,MutSpec
CO1,G[T>C]A,G,T,C,A,T>C,G_A,GTA,85,5,0.008001887314560861,0.0062373200168718435,0.009894491064871374,mean,species,0.95,MutSpec
CO1,G[T>C]C,G,T,C,C,T>C,G_C,GTC,85,5,0.009016030775418309,0.005728740400136825,0.013130289135890445,mean,species,0.95,MutSpec
CO1,G[T>C]G,G,T,C,G,T>C,G_G,GTG,85,5,0.007782152763622275,0.005438308575579331,0.010371773447604796,mean,species,0.95,MutSpec
CO1,G[T>C]T,G,T,C,T,T>C,G_T,GTT,85,5,0.011007269234506805,0.008043244512919281,0.014078596268888816,mean,species,0.95,MutSpec
CO1,T[T>C]A,T,T,C,A,T>C,T_A,TTA,85,5,0.005499126693383615,0.0042051364386204,0.006787204323854577,mean,species,0.95,MutSpec
CO1,T[T>C]C,T,T,C,C,T>C,T_C,TTC,85,5,0.008852245177111676,0.006483189375262624,0.011407400063310709,mean,species,0.95,MutSpec
CO1,T[T>C]G,T,T,C,G,T>C,T_G,TTG,85,5,0.0028029078521094033,0.0016628220477726797,0.0040002317154356785,mean,species,0.95,MutSpec
CO1,T[T>C]T,T,T,C,T,T>C,T_T,TTT,85,5,0.006664353963940142,0.0032002961912034195,0.010989743189467568,mean,species,0.95,MutSpec
CO3,A[A>G]A,A,A,G,A,A>G,A_A,AAA,85,5,0.010592586056538652,0.008008673768993786,0.013358601387765281,mean,species,0.95,MutSpec
CO3,A[A>G]C,A,A,G,C,A>G,A_C,AAC,85,5,0.020080423928535988,0.013295347212752377,0.02799169936335817,mean,species,0.95,MutSpec
CO3,A[A>G]G,A,A,G,G,A>G,A_G,AAG,85,5,0.015474108434389813,0.010294031231162213,0.022610566621556003,mean,species,0.95,MutSpec
CO3,A[A>G]T,A,A,G,T,A>G,A_T,AAT,85,5,0.018068933729760723,0.014154951609471843,0.02226954059723596,mean,species,0.95,MutSpec
CO3,C[A>G]A,C,A,G,A,A>G,C_A,CAA,85,5,0.010335201135864978,0.007404348141517574,0.01351794875970398,mean,species,0.95,MutSpec
CO3,C[A>G]C,C,A,G,C,A>G,C_C,CAC,85,5,0.005384571537249347,0.0019325515148288757,0.009789718209864141,mean,species,0.95,MutSpec
CO3,C[A>G]G,C,A,G,G,A>G,C_G,CAG,85,5,0.015117683359352884,0.00962086861164725,0.020909229081657436,mean,species,0.95,MutSpec
CO3,C[A>G]T,C,A,G,T,A>G,C_T,CAT,85,5,0.014020237617671105,0.01007503327515297,0.018794902023407795,mean,species,0.95,MutSpec
CO3,G[A>G]A,G,A,G,A,A>G,G_A,GAA,85,5,0.016443018577636335,0.012567844690716543,0.020887028561994765,mean,species,0.95,MutSpec
CO3,G[A>G]C,G,A,G,C,A>G,G_C,GAC,85,5,0.020003800870398113,0.010560577601482404,0.03324698271178324,mean,species,0.95,MutSpec
CO3,G[A>G]G,G,A,G,G,A>G,G_G,GAG,85,5,0.021637847273645483,0.014975943838304681,0.029248227650675102,mean,species,0.95,MutSpec
CO3,G[A>G]T,G,A,G,T,A>G,G_T,GAT,85,5,0.024951024724196757,0.017725395654566753,0.03410524621235128,mean,species,0.95,MutSpec
CO3,T[A>G]A,T,A,G,A,A>G,T_A,TAA,85,5,0.013689959487019026,0.010731339408975107,0.016862942883208214,mean,species,0.95,MutSpec
CO3,T[A>G]C,T,A,G,C,A>G,T_C,TAC,85,5,0.011121648497799341,0.0050140288794818825,0.018367252424822674,mean,species,0.95,MutSpec
CO3,T[A>G]G,T,A,G,G,A>G,T_G,TAG,85,5,0.015246407367093314,0.010198428316172316,0.020631802499396678,mean,species,0.95,MutSpec
CO3,T[A>G]T,T,A,G,T,A>G,T_T,TAT,85,5,0.022843708604517256,0.015397764970026151,0.030635811907127126,mean,species,0.95,MutSpec
CO3,A[C>T]A,A,C,T,A,C>T,A_A,ACA,85,5,0.02522281437496454,0.015104557307085105,0.03588533478118257,mean,species,0.95,MutSpec
CO3,A[C>T]C,A,C,T,C,C>T,A_C,ACC,85,5,0.03696668442340431,0.02303356243929,0.05411112215114583,mean,species,0.95,MutSpec
CO3,A[C>T]G,A,C,T,G,C>T,A_G,ACG,85,5,0.011313362523659989,0.0043432468293187945,0.01995125112892702,mean,species,0.95,MutSpec
CO3,A[C>T]T,A,C,T,T,C>T,A_T,ACT,85,5,0.02149556195278512,0.012461873930277957,0.03201948960290203,mean,species,0.95,MutSpec
CO3,C[C>T]A,C,C,T,A,C>T,C_A,CCA,85,5,0.03782616968836487,0.0195346366330686,0.06081270699913927,mean,species,0.95,MutSpec
CO3,C[C>T]C,C,C,T,C,C>T,C_C,CCC,85,5,0.022399059714859084,0.014168800566135316,0.03242449060238601,mean,species,0.95,MutSpec
CO3,C[C>T]G,C,C,T,G,C>T,C_G,CCG,85,5,0.01348740490865865,0.005413860479561691,0.024599740413970755,mean,species,0.95,MutSpec
CO3,C[C>T]T,C,C,T,T,C>T,C_T,CCT,85,5,0.034406908932716015,0.024157869079528146,0.046274611698678275,mean,species,0.95,MutSpec
CO3,G[C>T]A,G,C,T,A,C>T,G_A,GCA,85,5,0.0306857292882835,0.020290605891251274,0.041723356089966815,mean,species,0.95,MutSpec
CO3,G[C>T]C,G,C,T,C,C>T,G_C,GCC,85,5,0.028812109676840787,0.017339162633287646,0.04277019951385901,mean,species,0.95,MutSpec
CO3,G[C>T]G,G,C,T,G,C>T,G_G,GCG,85,5,0.017816253772688147,0.008186232808580773,0.02825472231790401,mean,species,0.95,MutSpec
CO3,G[C>T]T,G,C,T,T,C>T,G_T,GCT,85,5,0.007836567667663243,0.0016312807929123037,0.016144047289594534,mean,species,0.95,MutSpec
CO3,T[C>T]A,T,C,T,A,C>T,T_A,TCA,85,5,0.018529370985409854,0.010032157244759046,0.028748852579737947,mean,species,0.95,MutSpec
CO3,T[C>T]C,T,C,T,C,C>T,T_C,TCC,85,5,0.020091483795818467,0.008701424521049177,0.03345570231967796,mean,species,0.95,MutSpec
CO3,T[C>T]G,T,C,T,G,C>T,T_G,TCG,85,5,0.017167836780111127,0.00779924890075428,0.02852975417866877,mean,species,0.95,MutSpec
CO3,T[C>T]T,T,C,T,T,C>T,T_T,TCT,85,5,0.020453681648268947,0.003812353080795713,0.040774476744201475,mean,species,0.95,MutSpec
CO3,A[G>A]A,A,G,A,A,G>A,A_A,AGA,85,5,0.007455067882726167,0.005506286819943168,0.009505657375906636,mean,species,0.95,MutSpec
CO3,A[G>A]C,A,G,A,C,G>A,A_C,AGC,85,5,0.004498657974898051,0.0028452194017470796,0.00632385901342323,mean,species,0.95,MutSpec
CO3,A[G>A]G,A,G,A,G,G>A,A_G,AGG,85,5,0.005834569488400056,0.004116455592218164,0.007781340247517761,mean,species,0.95,MutSpec
CO3,A[G>A]T,A,G,A,T,G>A,A_T,AGT,85,5,0.007700016139326233,0.005508931060376236,0.010093665470285599,mean,species,0.95,MutSpec
CO3,C[G>A]A,C,G,A,A,G>A,C_A,CGA,85,5,0.013778870510068339,0.009818930118543076,0.018205190418658757,mean,species,0.95,MutSpec
CO3,C[G>A]C,C,G,A,C,G>A,C_C,CGC,85,5,0.012331159522758098,0.001868009580383065,0.03063832922789455,mean,species,0.95,MutSpec
CO3,C[G>A]G,C,G,A,G,G>A,C_G,CGG,85,5,0.010297177416200464,0.006803321396627312,0.014189297766366613,mean,species,0.95,MutSpec
CO3,C[G>A]T,C,G,A,T,G>A,C_T,CGT,85,5,0.012331556528738673,0.008705277843603528,0.01613243978090528,mean,species,0.95,MutSpec
CO3,G[G>A]A,G,G,A,A,G>A,G_A,GGA,85,5,0.008416631462091219,0.006530674286677041,0.01043355768500724,mean,species,0.95,MutSpec
CO3,G[G>A]C,G,G,A,C,G>A,G_C,GGC,85,5,0.0097717167609671,0.0063061673948433435,0.014062635407055215,mean,species,0.95,MutSpec
CO3,G[G>A]G,G,G,A,G,G>A,G_G,GGG,85,5,0.008575872671439059,0.0061301443344283935,0.011432579021179608,mean,species,0.95,MutSpec
CO3,G[G>A]T,G,G,A,T,G>A,G_T,GGT,85,5,0.011666773233176633,0.008445365959537795,0.015276281315354289,mean,species,0.95,MutSpec
CO3,T[G>A]A,T,G,A,A,G>A,T_A,TGA,85,5,0.011650589063346014,0.008266670033981573,0.01554735615476395,mean,species,0.95,MutSpec
CO3,T[G>A]C,T,G,A,C,G>A,T_C,TGC,85,5,0.008437575508590174,0.004781541402030317,0.012600940401876657,mean,species,0.95,MutSpec
CO3,T[G>A]G,T,G,A,G,G>A,T_G,TGG,85,5,0.011543586051899979,0.007041023237987929,0.016828652360576547,mean,species,0.95,MutSpec
CO3,T[G>A]T,T,G,A,T,G>A,T_T,TGT,85,5,0.015849217065428613,0.00913385219128806,0.025886874170249385,mean,species,0.95,MutSpec
CO3,A[T>C]A,A,T,C,A,T>C,A_A,ATA,85,5,0.009739788735558783,0.007012766789672634,0.013073160237057575,mean,species,0.95,MutSpec
CO3,A[T>C]C,A,T,C,C,T>C,A_C,ATC,85,5,0.008295071297353475,0.005810614666987768,0.011190618521870761,mean,species,0.95,MutSpec
CO3,A[T>C]G,A,T,C,G,T>C,A_G,ATG,85,5,0.00522777051871502,0.002059532989750612,0.0103288979210615,mean,species,0.95,MutSpec
CO3,A[T>C]T,A,T,C,T,T>C,A_T,ATT,85,5,0.011345195048618055,0.0065369325848292255,0.017177398983627672,mean,species,0.95,MutSpec
CO3,C[T>C]A,C,T,C,A,T>C,C_A,CTA,85,5,0.006330810497800678,0.0045107089630963045,0.008252360647416843,mean,species,0.95,MutSpec
CO3,C[T>C]C,C,T,C,C,T>C,C_C,CTC,85,5,0.010105689256901584,0.007564018280729888,0.012951057205941016,mean,species,0.95,MutSpec
CO3,C[T>C]G,C,T,C,G,T>C,C_G,CTG,85,5,0.00562496958218272,0.003555564677391882,0.007839260676086039,mean,species,0.95,MutSpec
CO3,C[T>C]T,C,T,C,T,T>C,C_T,CTT,85,5,0.004605374565668881,0.0029922231998157234,0.006336576776227607,mean,species,0.95,MutSpec
CO3,G[T>C]A,G,T,C,A,T>C,G_A,GTA,85,5,0.009256139576972274,0.006516334856276035,0.012397734778566838,mean,species,0.95,MutSpec
CO3,G[T>C]C,G,T,C,C,T>C,G_C,GTC,85,5,0.009196777832583639,0.006827429704094149,0.01190349163379062,mean,species,0.95,MutSpec
CO3,G[T>C]G,G,T,C,G,T>C,G_G,GTG,85,5,0.01077654056600544,0.006100183858085967,0.01682369694419387,mean,species,0.95,MutSpec
CO3,G[T>C]T,G,T,C,T,T>C,G_T,GTT,85,5,0.007070549143195536,0.003282576019465906,0.011199874113309598,mean,species,0.95,MutSpec
CO3,T[T>C]A,T,T,C,A,T>C,T_A,TTA,85,5,0.007477156747310989,0.004845049032193207,0.01047915149375263,mean,species,0.95,MutSpec
CO3,T[T>C]C,T,T,C,C,T>C,T_C,TTC,85,5,0.012038278931125992,0.006158600454102962,0.018672477126397247,mean,species,0.95,MutSpec
CO3,T[T>C]G,T,T,C,G,T>C,T_G,TTG,85,5,0.003927072502602115,0.0024584022237099665,0.005757178017868029,mean,species,0.95,MutSpec
CO3,T[T>C]T,T,T,C,T,T>C,T_T,TTT,85,5,0.006248924567291441,0.003009813310817284,0.010334191096512227,mean,species,0.95,MutSpec
Cytb,A[A>G]A,A,A,G,A,A>G,A_A,AAA,85,5,0.010630778726140822,0.008320375361724353,0.013455643024229143,mean,species,0.95,MutSpec
Cytb,A[A>G]C,A,A,G,C,A>G,A_C,AAC,85,5,0.015377088903863897,0.009506996698003804,0.02249956429033091,mean,species,0.95,MutSpec
Cytb,A[A>G]G,A,A,G,G,A>G,A_G,AAG,85,5,0.015111756336943435,0.012656971863813662,0.017542445389111348,mean,species,0.95,MutSpec
Cytb,A[A>G]T,A,A,G,T,A>G,A_T,AAT,85,5,0.016203095495854247,0.013224693601163271,0.01960891666761415,mean,species,0.95,MutSpec
Cytb,C[A>G]A,C,A,G,A,A>G,C_A,CAA,85,5,0.007835499836286399,0.006066318066346068,0.009839143825853125,mean,species,0.95,MutSpec
Cytb,C[A>G]C,C,A,G,C,A>G,C_C,CAC,85,5,0.017601391674188525,0.010830497104712929,0.02540673693247027,mean,species,0.95,MutSpec
Cytb,C[A>G]G,C,A,G,G,A>G,C_G,CAG,85,5,0.018645197196918224,0.011267610594430709,0.028313025240832655,mean,species,0.95,MutSpec
Cytb,C[A>G]T,C,A,G,T,A>G,C_T,CAT,85,5,0.011101339929691633,0.0076838916704142,0.015275341540459697,mean,species,0.95,MutSpec
Cytb,G[A>G]A,G,A,G,A,A>G,G_A,GAA,85,5,0.014553775456348748,0.012149745546705209,0.017084882137202287,mean,species,0.95,MutSpec
Cytb,G[A>G]C,G,A,G,C,A>G,G_C,GAC,85,5,0.021368299412497405,0.013552034260780721,0.030561722373528534,mean,species,0.95,MutSpec
Cytb,G[A>G]G,G,A,G,G,A>G,G_G,GAG,85,5,0.022234408391494147,0.016214276441115658,0.02933164933563608,mean,species,0.95,MutSpec
Cytb,G[A>G]T,G,A,G,T,A>G,G_T,GAT,85,5,0.019066766335168184,0.014936693652338578,0.02354746845883565,mean,species,0.95,MutSpec
Cytb,T[A>G]A,T,A,G,A,A>G,T_A,TAA,85,5,0.012259609890016314,0.009860497146974448,0.01475610970289739,mean,species,0.95,MutSpec
Cytb,T[A>G]C,T,A,G,C,A>G,T_C,TAC,85,5,0.024362326067444453,0.010685827877987017,0.042685565970319896,mean,species,0.95,MutSpec
Cytb,T[A>G]G,T,A,G,G,A>G,T_G,TAG,85,5,0.017614251175771964,0.01432156743393282,0.02099898495216581,mean,species,0.95,MutSpec
Cytb,T[A>G]T,T,A,G,T,A>G,T_T,TAT,85,5,0.014463073406738677,0.011961813574815808,0.017081380443624124,mean,species,0.95,MutSpec
Cytb,A[C>T]A,A,C,T,A,C>T,A_A,ACA,85,5,0.027136684431928165,0.019409943118896857,0.035934262083991864,mean,species,0.95,MutSpec
Cytb,A[C>T]C,A,C,T,C,C>T,A_C,ACC,85,5,0.05716826445555959,0.0399466914746314,0.07666711850133665,mean,species,0.95,MutSpec
Cytb,A[C>T]G,A,C,T,G,C>T,A_G,ACG,85,5,0.034378816300661905,0.022547580921708266,0.04881801122346509,mean,species,0.95,MutSpec
Cytb,A[C>T]T,A,C,T,T,C>T,A_T,ACT,85,5,0.026369468207731363,0.01699150173507161,0.037389647142391964,mean,species,0.95,MutSpec
Cytb,C[C>T]A,C,C,T,A,C>T,C_A,CCA,85,5,0.022667408749013487,0.015731420384301444,0.031007023451793077,mean,species,0.95,MutSpec
Cytb,C[C>T]C,C,C,T,C,C>T,C_C,CCC,85,5,0.04168930067062092,0.031129881863754393,0.056091698133144005,mean,species,0.95,MutSpec
Cytb,C[C>T]G,C,C,T,G,C>T,C_G,CCG,85,5,0.040437903931078725,0.02705355611409212,0.055762194517613765,mean,species,0.95,MutSpec
Cytb,C[C>T]T,C,C,T,T,C>T,C_T,CCT,85,5,0.005832226659400666,0.0022702889032699546,0.010287744579980133,mean,species,0.95,MutSpec
Cytb,G[C>T]A,G,C,T,A,C>T,G_A,GCA,85,5,0.022432945127912145,0.015745871560598763,0.03144112826439448,mean,species,0.95,MutSpec
Cytb,G[C>T]C,G,C,T,C,C>T,G_C,GCC,85,5,0.03375484133126082,0.021746423625322524,0.04808537737842192,mean,species,0.95,MutSpec
Cytb,G[C>T]G,G,C,T,G,C>T,G_G,GCG,85,5,0.02144459418543974,0.013532571664992046,0.03010181885324454,mean,species,0.95,MutSpec
Cytb,G[C>T]T,G,C,T,T,C>T,G_T,GCT,85,5,0.023015774729762007,0.01314210317866798,0.03566389204393906,mean,species,0.95,MutSpec
Cytb,T[C>T]A,T,C,T,A,C>T,T_A,TCA,85,5,0.023672359616690317,0.017064348078393615,0.031165679800254534,mean,species,0.95,MutSpec
Cytb,T[C>T]C,T,C,T,C,C>T,T_C,TCC,85,5,0.03335439546098155,0.021320005215806067,0.04650620842894378,mean,species,0.95,MutSpec
Cytb,T[C>T]G,T,C,T,G,C>T,T_G,TCG,85,5,0.03040931834939289,0.016664729832963358,0.04914057200822228,mean,species,0.95,MutSpec
Cytb,T[C>T]T,T,C,T,T,C>T,T_T,TCT,85,5,0.02765778881789165,0.01661625611384218,0.04110405538410169,mean,species,0.95,MutSpec
Cytb,A[G>A]A,A,G,A,A,G>A,A_A,AGA,85,5,0.004944247365621536,0.004146756179106982,0.005901044330513039,mean,species,0.95,MutSpec
Cytb,A[G>A]C,A,G,A,C,G>A,A_C,AGC,85,5,0.003971773189375132,0.0025809791465525697,0.005538629153338852,mean,species,0.95,MutSpec
Cytb,A[G>A]G,A,G,A,G,G>A,A_G,AGG,85,5,0.004167523182657467,0.003369504143751726,0.005016093541233213,mean,species,0.95,MutSpec
Cytb,A[G>A]T,A,G,A,T,G>A,A_T,AGT,85,5,0.0058804199291948534,0.004824173318933036,0.006974966471096294,mean,species,0.95,MutSpec
Cytb,C[G>A]A,C,G,A,A,G>A,C_A,CGA,85,5,0.0073122249907111685,0.005820277456344241,0.008903721281191585,mean,species,0.95,MutSpec
Cytb,C[G>A]C,C,G,A,C,G>A,C_C,CGC,85,5,0.011381562907194557,0.005067184677271158,0.020781300780985144,mean,species,0.95,MutSpec
Cytb,C[G>A]G,C,G,A,G,G>A,C_G,CGG,85,5,0.008880913990226653,0.005638519574882978,0.012605044891848837,mean,species,0.95,MutSpec
Cytb,C[G>A]T,C,G,A,T,G>A,C_T,CGT,85,5,0.006458863831637229,0.004668477140297315,0.008541140582403503,mean,species,0.95,MutSpec
Cytb,G[G>A]A,G,G,A,A,G>A,G_A,GGA,85,5,0.00630925766940524,0.005234145460290266,0.007416057947954257,mean,species,0.95,MutSpec
Cytb,G[G>A]C,G,G,A,C,G>A,G_C,GGC,85,5,0.004020560493939933,0.0027294438993173886,0.005648629226938814,mean,species,0.95,MutSpec
Cytb,G[G>A]G,G,G,A,G,G>A,G_G,GGG,85,5,0.006508851644957793,0.005088476771246824,0.008144323006417062,mean,species,0.95,MutSpec
Cytb,G[G>A]T,G,G,A,T,G>A,G_T,GGT,85,5,0.00812781861145435,0.006438899166364134,0.009890097128594845,mean,species,0.95,MutSpec
Cytb,T[G>A]A,T,G,A,A,G>A,T_A,TGA,85,5,0.009771305032257555,0.007769991058280833,0.011731072135837512,mean,species,0.95,MutSpec
Cytb,T[G>A]C,T,G,A,C,G>A,T_C,TGC,85,5,0.004814533680143331,0.0025650448331894075,0.007356919039700991,mean,species,0.95,MutSpec
Cytb,T[G>A]G,T,G,A,G,G>A,T_G,TGG,85,5,0.009424265767330483,0.007356726898219264,0.011815082006713268,mean,species,0.95,MutSpec
Cytb,T[G>A]T,T,G,A,T,G>A,T_T,TGT,85,5,0.011280291397605955,0.009372374005927607,0.013369891204520114,mean,species,0.95,MutSpec
Cytb,A[T>C]A,A,T,C,A,T>C,A_A,ATA,85,5,0.005679644791210732,0.004195605440820281,0.007367613751750464,mean,species,0.95,MutSpec
Cytb,A[T>C]C,A,T,C,C,T>C,A_C,ATC,85,5,0.007741313347107275,0.0059517477015639045,0.00960773965487804,mean,species,0.95,MutSpec
Cytb,A[T>C]G,A,T,C,G,T>C,A_G,ATG,85,5,0.002978517267119334,0.0022159122014700897,0.003962689612769856,mean,species,0.95,MutSpec
Cytb,A[T>C]T,A,T,C,T,T>C,A_T,ATT,85,5,0.007399470629698381,0.005405240678980279,0.009654741633122207,mean,species,0.95,MutSpec
Cytb,C[T>C]A,C,T,C,A,T>C,C_A,CTA,85,5,0.005703682051656237,0.004108402121418346,0.007379253894437551,mean,species,0.95,MutSpec
Cytb,C[T>C]C,C,T,C,C,T>C,C_C,CTC,85,5,0.010956478365445745,0.008907058195908629,0.013194250517563469,mean,species,0.95,MutSpec
Cytb,C[T>C]G,C,T,C,G,T>C,C_G,CTG,85,5,0.004129595749919033,0.003048164471900236,0.0053756708443263995,mean,species,0.95,MutSpec
Cytb,C[T>C]T,C,T,C,T,T>C,C_T,CTT,85,5,0.0040595815225869586,0.0018756001430874096,0.006702876216825222,mean,species,0.95,MutSpec
Cytb,G[T>C]A,G,T,C,A,T>C,G_A,GTA,85,5,0.005946338513059033,0.004588393349090662,0.007320686270669823,mean,species,0.95,MutSpec
Cytb,G[T>C]C,G,T,C,C,T>C,G_C,GTC,85,5,0.00641129622258989,0.004472243235087439,0.00849053420790052,mean,species,0.95,MutSpec
Cytb,G[T>C]G,G,T,C,G,T>C,G_G,GTG,85,5,0.005302535788566901,0.003437323448951146,0.007556182470973681,mean,species,0.95,MutSpec
Cytb,G[T>C]T,G,T,C,T,T>C,G_T,GTT,85,5,0.006342870412912921,0.004588685407802847,0.008283803872193856,mean,species,0.95,MutSpec
Cytb,T[T>C]A,T,T,C,A,T>C,T_A,TTA,85,5,0.004678066957463006,0.0034802597111876447,0.006042140328599884,mean,species,0.95,MutSpec
Cytb,T[T>C]C,T,T,C,C,T>C,T_C,TTC,85,5,0.004304704950542237,0.003041206403731178,0.005849277599366818,mean,species,0.95,MutSpec
Cytb,T[T>C]G,T,T,C,G,T>C,T_G,TTG,85,5,0.0031610851808734305,0.0020248079860004826,0.00446667671964215,mean,species,0.95,MutSpec
Cytb,T[T>C]T,T,T,C,T,T>C,T_T,TTT,85,5,0.0037226770110595124,0.0022765769458906416,0.005399934761576526,mean,species,0.95,MutSpec
