Gene,mutation_H,amino_acid,mean,ci_low,ci_high,n_species
CO1,A_H>G_H,A,0.08578016213844698,0.08437245399978116,0.08717097229429928,51
CO1,A_H>G_H,C,0.044701423003787454,0.04396352613276242,0.04551132635047858,51
CO1,A_H>G_H,D,0.0056742349990388215,0.0046070543506450245,0.006697444925392582,51
CO1,A_H>G_H,E,-0.0006172683552374615,-0.0011409946335918229,-2.58379282658219e-05,51
CO1,A_H>G_H,F,0.0,0.0,0.0,51
CO1,A_H>G_H,G,0.06547928738771994,0.06441001027152667,0.066628054919599,51
CO1,A_H>G_H,H,-0.04140882620752549,-0.042336968486732025,-0.04047373423633842,51
CO1,A_H>G_H,I,-0.08909817404591248,-0.09124604668730171,-0.0871662885572393,51
CO1,A_H>G_H,K,-0.0434387829437467,-0.044419438824564006,-0.042507152364301436,51
CO1,A_H>G_H,L,0.0,0.0,0.0,51
CO1,A_H>G_H,M,-0.0738280734034175,-0.07525406027011504,-0.07248119971029762,51
CO1,A_H>G_H,N,-0.08155444638535576,-0.08298363720542776,-0.08001993069527746,51
CO1,A_H>G_H,P,0.0,0.0,0.0,51
CO1,A_H>G_H,Q,-0.014697903067917432,-0.015085638156740503,-0.014328504421698605,51
CO1,A_H>G_H,R,0.05610672927544293,0.05492649097238347,0.057249071043923426,51
CO1,A_H>G_H,S,0.033096565047808585,0.032388000651925486,0.03379741251968603,51
CO1,A_H>G_H,T,-0.08578016213844698,-0.08717097229429928,-0.08437245399978117,51
CO1,A_H>G_H,V,0.16292624744933,0.1603446242965267,0.1654862217541343,51
CO1,A_H>G_H,W,0.0019674706995022693,0.0017202428797591304,0.0021797196647696704,51
CO1,A_H>G_H,Y,-0.044701423003787454,-0.04551132635047858,-0.04396352613276242,51
CO1,C_H>T_H,A,-0.10724352472970024,-0.1101038791368812,-0.10445162959285106,51
CO1,C_H>T_H,C,0.0064302737459220145,0.005602036415467146,0.007292267118717818,51
CO1,C_H>T_H,D,0.0,0.0,0.0,51
CO1,C_H>T_H,E,0.0,0.0,0.0,51
CO1,C_H>T_H,F,0.08256011151758391,0.07914309948185026,0.08605878264013779,51
CO1,C_H>T_H,G,0.0,0.0,0.0,51
CO1,C_H>T_H,H,-0.04680998904044355,-0.04790013124135817,-0.04568701748840311,51
CO1,C_H>T_H,I,0.04634415783556282,0.04410319793100263,0.048614071508345666,51
CO1,C_H>T_H,K,0.0,0.0,0.0,51
CO1,C_H>T_H,L,0.06642392781953531,0.06186528144697201,0.07112494595512699,51
CO1,C_H>T_H,M,0.051064747156180264,0.04849966607081117,0.053626303684208385,51
CO1,C_H>T_H,N,0.0,0.0,0.0,51
CO1,C_H>T_H,P,-0.14964309614940619,-0.1530062681876429,-0.1464017992948869,51
CO1,C_H>T_H,Q,-0.016629270573505425,-0.017142119880526975,-0.016145582494948588,51
CO1,C_H>T_H,R,-0.02123364067940165,-0.0217274069762116,-0.020730383187014586,51
CO1,C_H>T_H,S,0.0006590568122869543,-0.0005707412086235731,0.001709420045521387,51
CO1,C_H>T_H,T,-0.09740890499174308,-0.10042772931094102,-0.0943765605713939,51
CO1,C_H>T_H,V,0.10724352472970024,0.10445162959285106,0.1101038791368812,51
CO1,C_H>T_H,W,0.014803366933479636,0.013727767921278514,0.015864478594984577,51
CO1,C_H>T_H,Y,0.04680998904044355,0.04568701748840311,0.04790013124135817,51
CO3,A_H>G_H,A,0.10463213225743158,0.10154566031257263,0.10751095048171927,51
CO3,A_H>G_H,C,0.054377357111685946,0.052911170216162894,0.05588571368536662,51
CO3,A_H>G_H,D,0.016543807286593538,0.015170090106774602,0.017952505000342178,51
CO3,A_H>G_H,E,-0.023222518043356063,-0.024926892543085534,-0.021481965069193185,51
CO3,A_H>G_H,F,0.0,0.0,0.0,51
CO3,A_H>G_H,G,0.07045111954273225,0.06864193391876819,0.07228070361439776,51
CO3,A_H>G_H,H,-0.07621713502361778,-0.07745655889495198,-0.07505851884866961,51
CO3,A_H>G_H,I,-0.06978616874411692,-0.07229065044068568,-0.06750600069062566,51
CO3,A_H>G_H,K,-0.02433043287854598,-0.02612464994104481,-0.022678243499373783,51
CO3,A_H>G_H,L,0.0,0.0,0.0,51
CO3,A_H>G_H,M,-0.046536814980824286,-0.04844902703464244,-0.044725925971684156,51
CO3,A_H>G_H,N,-0.06386459903643547,-0.06647310585490875,-0.0614254890198568,51
CO3,A_H>G_H,P,0.0,0.0,0.0,51
CO3,A_H>G_H,Q,-0.03352398493015305,-0.03444944270719938,-0.032698835195017685,51
CO3,A_H>G_H,R,0.10974111995377082,0.10806047944937056,0.11148504664865636,51
CO3,A_H>G_H,S,0.012257406689738735,0.010148197444560544,0.014310385408227757,51
CO3,A_H>G_H,T,-0.10463213225743158,-0.10751095048171927,-0.10154566031257263,51
CO3,A_H>G_H,V,0.1163229837249412,0.11373420493427187,0.11889452360496766,51
CO3,A_H>G_H,W,0.00017023005058897382,0.0,0.0004276060706768583,51
CO3,A_H>G_H,Y,-0.054377357111685946,-0.05588571368536662,-0.052911170216162894,51
CO3,C_H>T_H,A,-0.06630734596768742,-0.06866664072412448,-0.06408900993908323,51
CO3,C_H>T_H,C,0.008825089090071308,0.0077758474833578535,0.009786747008199205,51
CO3,C_H>T_H,D,0.0,0.0,0.0,51
CO3,C_H>T_H,E,0.0,0.0,0.0,51
CO3,C_H>T_H,F,0.0918150447663616,0.08760864699302737,0.09608016194896775,51
CO3,C_H>T_H,G,0.0,0.0,0.0,51
CO3,C_H>T_H,H,-0.0752402615280921,-0.07744904232072457,-0.07332452422609205,51
CO3,C_H>T_H,I,0.05414089748922253,0.05181842667680418,0.05662597158095873,51
CO3,C_H>T_H,K,0.0,0.0,0.0,51
CO3,C_H>T_H,L,0.03526279844598989,0.0314984849030118,0.03925711136169458,51
CO3,C_H>T_H,M,0.04865059972509789,0.04592611250345085,0.051324793925511474,51
CO3,C_H>T_H,N,0.0,0.0,0.0,51
CO3,C_H>T_H,P,-0.10424175664910078,-0.106918956662681,-0.10162439927751521,51
CO3,C_H>T_H,Q,-0.032993688911472197,-0.03384505170184478,-0.0322361426311638,51
CO3,C_H>T_H,R,-0.023027786953543242,-0.023604525893359825,-0.02250504359025965,51
CO3,C_H>T_H,S,-0.02283608656325072,-0.025920930089921104,-0.019892654643721547,51
CO3,C_H>T_H,T,-0.10279149721432043,-0.10516824753739983,-0.10049189402105983,51
CO3,C_H>T_H,V,0.06630734596768742,0.06408900993908323,0.06866664072412448,51
CO3,C_H>T_H,W,0.014202697863471933,0.013127536929414194,0.015315332164486764,51
CO3,C_H>T_H,Y,0.0752402615280921,0.07332452422609205,0.07744904232072457,51
Cytb,A_H>G_H,A,0.07963921547622828,0.07708887755641197,0.08237448740257775,51
Cytb,A_H>G_H,C,0.04457985604612599,0.04374953772051018,0.04548036321600075,51
Cytb,A_H>G_H,D,0.015469193059823394,0.014018734163487647,0.016941954703900333,51
Cytb,A_H>G_H,E,0.009974290467976975,0.009182317711826414,0.010792440587933614,51
Cytb,A_H>G_H,F,0.0,0.0,0.0,51
Cytb,A_H>G_H,G,0.059690703359096715,0.05820675762140085,0.06117942456504494,51
Cytb,A_H>G_H,H,-0.035009738968675486,-0.035840582661686965,-0.034258473384587144,51
Cytb,A_H>G_H,I,-0.11722889835696171,-0.11991033174376739,-0.11458609054692022,51
Cytb,A_H>G_H,K,-0.05346779823729483,-0.054766347349212506,-0.05224688824526055,51
Cytb,A_H>G_H,L,0.0,0.0,0.0,51
Cytb,A_H>G_H,M,-0.044805115484096825,-0.0465617283740371,-0.04306133216099508,51
Cytb,A_H>G_H,N,-0.09672026363041741,-0.09862903519105463,-0.09476441430633631,51
Cytb,A_H>G_H,P,0.0,0.0,0.0,51
Cytb,A_H>G_H,Q,-0.01899124194718435,-0.019914433810479644,-0.01812642654146351,51
Cytb,A_H>G_H,R,0.05400098091585983,0.05284926472567518,0.05513789704641307,51
Cytb,A_H>G_H,S,0.04026330915236757,0.03901296631417208,0.041548651896616745,51
Cytb,A_H>G_H,T,-0.07963921547622828,-0.08237448740257775,-0.07708887755641197,51
Cytb,A_H>G_H,V,0.16203401384105853,0.1594247319635584,0.1648163867279315,51
Cytb,A_H>G_H,W,0.00045251072791129595,0.00017147691789398675,0.0007829026347243014,51
Cytb,A_H>G_H,Y,-0.04457985604612599,-0.04548036321600075,-0.04374953772051018,51
Cytb,C_H>T_H,A,-0.07132171588804505,-0.07353068522776193,-0.06886284538918795,51
Cytb,C_H>T_H,C,0.005152784318133369,0.004167947640575217,0.006129495748573146,51
Cytb,C_H>T_H,D,0.0,0.0,0.0,51
Cytb,C_H>T_H,E,0.0,0.0,0.0,51
Cytb,C_H>T_H,F,0.08305069853485135,0.07841102505118994,0.08752146090000419,51
Cytb,C_H>T_H,G,0.0,0.0,0.0,51
Cytb,C_H>T_H,H,-0.03624866495461392,-0.0374190818985947,-0.03514661004543491,51
Cytb,C_H>T_H,I,0.03693631089652814,0.034178483550189286,0.03954596128578538,51
Cytb,C_H>T_H,K,0.0,0.0,0.0,51
Cytb,C_H>T_H,L,0.04893825039887895,0.043418282581683953,0.054938061170551174,51
Cytb,C_H>T_H,M,0.04518923424409591,0.042342626052261495,0.048068250274408156,51
Cytb,C_H>T_H,N,0.0,0.0,0.0,51
Cytb,C_H>T_H,P,-0.13730990758137077,-0.14052224856000645,-0.13411121552848435,51
Cytb,C_H>T_H,Q,-0.019484779160687728,-0.020168906782292648,-0.018886698983656292,51
Cytb,C_H>T_H,R,-0.02415600069757165,-0.024944259321403636,-0.02341323300419214,51
Cytb,C_H>T_H,S,0.005320958647640479,0.0032951990346387922,0.0073265253497448,51
Cytb,C_H>T_H,T,-0.08212554514062405,-0.08444001442270858,-0.07979804288726458,51
Cytb,C_H>T_H,V,0.07132171588804505,0.06886284538918795,0.07353068522776193,51
Cytb,C_H>T_H,W,0.01900321637943828,0.017803572967994643,0.020205570075262958,51
Cytb,C_H>T_H,Y,0.03624866495461392,0.03514661004543491,0.0374190818985947,51
