amino_acid,n_synonymous_codons_table2,synonymous_codons_table2,A_richness_12,C_richness_12
A,4,GCA;GCC;GCG;GCT,0.08333333333333333,0.41666666666666663
C,2,TGC;TGT,0.0,0.16666666666666666
D,2,GAC;GAT,0.3333333333333333,0.16666666666666666
E,2,GAA;GAG,0.5,0.0
F,2,TTC;TTT,0.0,0.16666666666666666
G,4,GGA;GGC;GGG;GGT,0.08333333333333333,0.08333333333333333
H,2,CAC;CAT,0.3333333333333333,0.5
I,2,ATC;ATT,0.3333333333333333,0.16666666666666666
K,2,AAA;AAG,0.8333333333333333,0.0
L,6,CTA;CTC;CTG;CTT;TTA;TTG,0.1111111111111111,0.27777777777777773
M,2,ATA;ATG,0.5,0.0
N,2,AAC;AAT,0.6666666666666666,0.16666666666666666
P,4,CCA;CCC;CCG;CCT,0.08333333333333333,0.7499999999999999
Q,2,CAA;CAG,0.5,0.3333333333333333
R,4,CGA;CGC;CGG;CGT,0.08333333333333333,0.41666666666666663
S,6,AGC;AGT;TCA;TCC;TCG;TCT,0.16666666666666666,0.3333333333333333
T,4,ACA;ACC;ACG;ACT,0.41666666666666663,0.41666666666666663
V,4,GTA;GTC;GTG;GTT,0.08333333333333333,0.08333333333333333
W,2,TGA;TGG,0.16666666666666666,0.0
Y,2,TAC;TAT,0.3333333333333333,0.16666666666666666
