release,version,database_type,Gene,molecule,filename,url,compressed_bytes,sha256,n_records,n_requested_class,n_retained_candidates,n_retained_taxa
GenBank272_2026-06-07,GB272,UNIQ,CO1,NUC,MIDORI2_UNIQ_NUC_GB272_CO1_RAW.fasta.gz,https://www.reference-midori.info/download/Databases/GenBank272_2026-06-07/RAW/uniq/MIDORI2_UNIQ_NUC_GB272_CO1_RAW.fasta.gz,125754289,e94bb45128655591bc74162e62981591a8469797c92183313f1573be206005c5,1848829,48373,48373,3626
GenBank272_2026-06-07,GB272,TOTAL,CO1,AA,MIDORI2_TOTAL_AA_GB272_CO1_RAW_AA.fasta.gz,https://www.reference-midori.info/download/Databases/GenBank272_2026-06-07/RAW_AA/total/MIDORI2_TOTAL_AA_GB272_CO1_RAW_AA.fasta.gz,347692979,c1a467158081e1cec3f27c54858939264ec55d801b88e9d6ef07829aa9ed994e,3214407,153817,34870,2188
GenBank272_2026-06-07,GB272,UNIQ,CO2,NUC,MIDORI2_UNIQ_NUC_GB272_CO2_RAW.fasta.gz,https://www.reference-midori.info/download/Databases/GenBank272_2026-06-07/RAW/uniq/MIDORI2_UNIQ_NUC_GB272_CO2_RAW.fasta.gz,10372119,500b760bc6cf803c2f6ed9e203c92751c86e3d787e30adc42b85605549d9a020,121284,11567,11567,2370
GenBank272_2026-06-07,GB272,TOTAL,CO2,AA,MIDORI2_TOTAL_AA_GB272_CO2_RAW_AA.fasta.gz,https://www.reference-midori.info/download/Databases/GenBank272_2026-06-07/RAW_AA/total/MIDORI2_TOTAL_AA_GB272_CO2_RAW_AA.fasta.gz,18164150,fad51c63c089303b517011581b594f37b685fd0a28c502e8d06aae0dceb97288,284013,95279,11207,2188
GenBank272_2026-06-07,GB272,UNIQ,A8,NUC,MIDORI2_UNIQ_NUC_GB272_A8_RAW.fasta.gz,https://www.reference-midori.info/download/Databases/GenBank272_2026-06-07/RAW/uniq/MIDORI2_UNIQ_NUC_GB272_A8_RAW.fasta.gz,2563871,ea0aef22158f6e32e8890fe3da61f15f0fdd8ffb0e8f0e1f6b9bdd2bb38ae7e0,48758,6923,6923,2262
GenBank272_2026-06-07,GB272,TOTAL,A8,AA,MIDORI2_TOTAL_AA_GB272_A8_RAW_AA.fasta.gz,https://www.reference-midori.info/download/Databases/GenBank272_2026-06-07/RAW_AA/total/MIDORI2_TOTAL_AA_GB272_A8_RAW_AA.fasta.gz,7728109,6bb2509e68962c4db73084c259d79c2e0bf5591d9a5e6f95b50fb7523bc5e9a1,182047,93228,6831,2188
GenBank272_2026-06-07,GB272,UNIQ,A6,NUC,MIDORI2_UNIQ_NUC_GB272_A6_RAW.fasta.gz,https://www.reference-midori.info/download/Databases/GenBank272_2026-06-07/RAW/uniq/MIDORI2_UNIQ_NUC_GB272_A6_RAW.fasta.gz,7702001,c80a9e0ed12d488103ee51840b09ed4128a6bbc5b9e7c2cb08ba85459ef8e772,80692,12945,12945,2241
GenBank272_2026-06-07,GB272,TOTAL,A6,AA,MIDORI2_TOTAL_AA_GB272_A6_RAW_AA.fasta.gz,https://www.reference-midori.info/download/Databases/GenBank272_2026-06-07/RAW_AA/total/MIDORI2_TOTAL_AA_GB272_A6_RAW_AA.fasta.gz,12562650,060f251dd69c6815011bea114c5f69189944848c266597b5203576d84fbd4193,206247,94318,12859,2188
GenBank272_2026-06-07,GB272,UNIQ,CO3,NUC,MIDORI2_UNIQ_NUC_GB272_CO3_RAW.fasta.gz,https://www.reference-midori.info/download/Databases/GenBank272_2026-06-07/RAW/uniq/MIDORI2_UNIQ_NUC_GB272_CO3_RAW.fasta.gz,8151837,c784c682df3010aa3f15cdbe4b435e033c8de63085a9ca5aa0c0e6a845047456,73885,13351,13351,2298
GenBank272_2026-06-07,GB272,TOTAL,CO3,AA,MIDORI2_TOTAL_AA_GB272_CO3_RAW_AA.fasta.gz,https://www.reference-midori.info/download/Databases/GenBank272_2026-06-07/RAW_AA/total/MIDORI2_TOTAL_AA_GB272_CO3_RAW_AA.fasta.gz,12839885,baec5c2240884dea4ef45d255876ffc2547e282deddd09b0ef060e42be8abc2b,195997,94742,12414,2187
GenBank272_2026-06-07,GB272,UNIQ,ND3,NUC,MIDORI2_UNIQ_NUC_GB272_ND3_RAW.fasta.gz,https://www.reference-midori.info/download/Databases/GenBank272_2026-06-07/RAW/uniq/MIDORI2_UNIQ_NUC_GB272_ND3_RAW.fasta.gz,4527253,bd54bc6a0d121feb7b76b27fb44822f649d0fab83324093af7167ab0c4d547da,61369,9279,9279,2296
GenBank272_2026-06-07,GB272,TOTAL,ND3,AA,MIDORI2_TOTAL_AA_GB272_ND3_RAW_AA.fasta.gz,https://www.reference-midori.info/download/Databases/GenBank272_2026-06-07/RAW_AA/total/MIDORI2_TOTAL_AA_GB272_ND3_RAW_AA.fasta.gz,9341582,9c25b3c594204dcec2fbd3b25282340df8a13faa3a5473d03daac2410c5f4fab,183748,95093,8967,2188
GenBank272_2026-06-07,GB272,UNIQ,ND4L,NUC,MIDORI2_UNIQ_NUC_GB272_ND4L_RAW.fasta.gz,https://www.reference-midori.info/download/Databases/GenBank272_2026-06-07/RAW/uniq/MIDORI2_UNIQ_NUC_GB272_ND4L_RAW.fasta.gz,3462442,1c5dc6483eb24dbcf7c698b44338e4983985af9b9a2b65c50374df64f9355af1,49396,8058,8058,2286
GenBank272_2026-06-07,GB272,TOTAL,ND4L,AA,MIDORI2_TOTAL_AA_GB272_ND4L_RAW_AA.fasta.gz,https://www.reference-midori.info/download/Databases/GenBank272_2026-06-07/RAW_AA/total/MIDORI2_TOTAL_AA_GB272_ND4L_RAW_AA.fasta.gz,8057395,f1cf4824e83ffc5fe3dd41f488391e83cbffe45799ba6aad363781b4a8b4aff4,165360,94383,7839,2188
GenBank272_2026-06-07,GB272,UNIQ,ND4,NUC,MIDORI2_UNIQ_NUC_GB272_ND4_RAW.fasta.gz,https://www.reference-midori.info/download/Databases/GenBank272_2026-06-07/RAW/uniq/MIDORI2_UNIQ_NUC_GB272_ND4_RAW.fasta.gz,15275183,fab813a382c505decf0b5897d888a6eb95f7803add4d12faba51f9dfc8652e3f,111680,17830,17830,2347
GenBank272_2026-06-07,GB272,TOTAL,ND4,AA,MIDORI2_TOTAL_AA_GB272_ND4_RAW_AA.fasta.gz,https://www.reference-midori.info/download/Databases/GenBank272_2026-06-07/RAW_AA/total/MIDORI2_TOTAL_AA_GB272_ND4_RAW_AA.fasta.gz,19835744,4a6622ea31c6f099e6b8ae76b4db070b39c040cb42af7fe3cefe6ae489abe1af,237634,97147,17370,2188
GenBank272_2026-06-07,GB272,UNIQ,ND5,NUC,MIDORI2_UNIQ_NUC_GB272_ND5_RAW.fasta.gz,https://www.reference-midori.info/download/Databases/GenBank272_2026-06-07/RAW/uniq/MIDORI2_UNIQ_NUC_GB272_ND5_RAW.fasta.gz,17495918,8c98e55be87e8331b776f98ff369bf7ede5b37e76ef7a0489f5c89fb377471a0,97220,21530,21530,2251
GenBank272_2026-06-07,GB272,TOTAL,ND5,AA,MIDORI2_TOTAL_AA_GB272_ND5_RAW_AA.fasta.gz,https://www.reference-midori.info/download/Databases/GenBank272_2026-06-07/RAW_AA/total/MIDORI2_TOTAL_AA_GB272_ND5_RAW_AA.fasta.gz,22902668,9e5dd0f5a9690f020d265cf55c280e5c38c6c5b51825158ad78155e9c9f14c07,210225,97267,21396,2188
GenBank272_2026-06-07,GB272,UNIQ,Cytb,NUC,MIDORI2_UNIQ_NUC_GB272_Cytb_RAW.fasta.gz,https://www.reference-midori.info/download/Databases/GenBank272_2026-06-07/RAW/uniq/MIDORI2_UNIQ_NUC_GB272_Cytb_RAW.fasta.gz,36219564,021f3194a7b04149153681b4d0166a7a783eb12d841928dcbadc437b93475820,483018,127351,127351,5359
GenBank272_2026-06-07,GB272,TOTAL,Cytb,AA,MIDORI2_TOTAL_AA_GB272_Cytb_RAW_AA.fasta.gz,https://www.reference-midori.info/download/Databases/GenBank272_2026-06-07/RAW_AA/total/MIDORI2_TOTAL_AA_GB272_Cytb_RAW_AA.fasta.gz,54624454,c75674d7eab8089fd3aa8cbf86b1761f7df3ac4f5733caab269f40d902157fab,876118,272102,84806,2188
