Species,CO1_accession_version,CO3_accession_version,Cytb_accession_version,n_genes_found,same_accession_all_three,selection_mode,all_selected_basic_valid
Balaenoptera_physalus,KC572708.1,KC572708.1,KC572708.1,3,True,shared_accession_all_three,True
Bison_priscus,KM593920.1,KM593920.1,KM593920.1,3,True,shared_accession_all_three,True
Bos_taurus,AB074964.1,AB074964.1,AB074964.1,3,True,shared_accession_all_three,True
Camelus_dromedarius,KU605078.1,KU605078.1,KU605078.1,3,True,shared_accession_all_three,True
Canis_latrans,DQ480511.1,DQ480511.1,DQ480511.1,3,True,shared_accession_all_three,True
Canis_lupus,AB499818.1,AB499818.1,AB499818.1,3,True,shared_accession_all_three,True
Capra_hircus,AB735761.1,AB735761.1,AB735761.1,3,True,shared_accession_all_three,True
Cervus_elaphus,KP172593.1,KP172593.1,KP172593.1,3,True,shared_accession_all_three,True
Cricetulus_kamensis,KJ680375.1,MH161654.1,KJ680375.1,3,False,best_gene_specific_fallback,False
Crocidura_suaveolens,MW815431.1,MW815431.1,MW815431.1,3,True,shared_accession_all_three,True
Crocuta_crocuta,MN320451.1,MN320451.1,MN320451.1,3,True,shared_accession_all_three,True
Dicrostonyx_torquatus,MN792937.1,MN792937.1,MN792937.1,3,True,shared_accession_all_three,True
Equus_caballus,AP013078.1,AP013078.1,AP013078.1,3,True,shared_accession_all_three,True
Guerlinguetus_brasiliensis,MT174510.1,MT174510.1,MT174510.1,3,True,shared_accession_all_three,True
Helarctos_malayanus,EF196664.1,EF196664.1,EF196664.1,3,True,shared_accession_all_three,True
Hippotragus_equinus,MZ560850.1,MZ560850.1,MZ560850.1,3,True,shared_accession_all_three,True
Homo_sapiens,AP013180.1,AP013180.1,AP013180.1,3,True,shared_accession_all_three,True
Hylomyscus_walterverheyeni,MN845747.1,MN845747.1,MN845747.1,3,True,shared_accession_all_three,True
Lasiopodomys_anglicus,OM809900.1,OM809900.1,OM809900.1,3,True,shared_accession_all_three,True
Lasiopodomys_gregalis,MN199170.1,MN199170.1,MN199170.1,3,True,shared_accession_all_three,True
Macaca_fascicularis,KJ567052.1,KJ567052.1,KJ567052.1,3,True,shared_accession_all_three,True
Macaca_mulatta,KF830702.1,KF830702.1,KF830702.1,3,True,shared_accession_all_three,True
Mammuthus_primigenius,EU153447.1,EU153447.1,EU153447.1,3,True,shared_accession_all_three,True
Martes_zibellina,KJ202623.1,KJ202623.1,KJ202623.1,3,True,shared_accession_all_three,True
Mesoplodon_grayi,KF981442.1,KF981442.1,KF981442.1,3,True,shared_accession_all_three,True
Microtus_richardsoni,MT381944.1,MT381944.1,MT381944.1,3,True,shared_accession_all_three,True
Mus_musculus,AB089798.1,AB089798.1,AB089798.1,3,True,shared_accession_all_three,True
Myodes_glareolus,KM892809.1,KM892809.1,KM892809.1,3,True,shared_accession_all_three,True
Ochotona_cansus,KR732583.1,MN547412.1,AF273003.1,3,False,best_gene_specific_fallback,True
Ochotona_thibetana,MH345726.1,MH345726.1,MH345726.1,3,True,shared_accession_all_three,True
Odocoileus_virginianus,JN632671.1,JN632671.1,JN632671.1,3,True,shared_accession_all_three,True
Ovis_ammon,HM236188.1,HM236188.1,HM236188.1,3,True,shared_accession_all_three,True
Ovis_aries,HE577847.1,HE577847.1,HE577847.1,3,True,shared_accession_all_three,True
Pan_troglodytes,D38113.1,D38113.1,D38113.1,3,True,shared_accession_all_three,True
Papio_anubis,JX946197.2,JX946197.2,JX946197.2,3,True,shared_accession_all_three,True
Phoca_groenlandica,KP942532.1,KP942532.1,KP942532.1,3,True,shared_accession_all_three,True
Plecotus_macrobullaris,KR134369.1,KR134369.1,KR134369.1,3,True,shared_accession_all_three,True
Prionailurus_bengalensis,KP202258.1,KP202258.1,KP202258.1,3,True,shared_accession_all_three,True
Procyon_lotor,AB291073.1,AB291073.1,AB291073.1,3,True,shared_accession_all_three,True
Proechimys_guyannensis,KX688181.1,KX688181.1,KX688181.1,3,True,shared_accession_all_three,True
Rusa_unicolor,EF035448.1,EF035448.1,EF035448.1,3,True,shared_accession_all_three,True
Sicista_betulina,MZ570932.1,MZ570932.1,MZ570932.1,3,True,shared_accession_all_three,True
Spilogale_gracilis,MW205843.1,MW205843.1,MW205843.1,3,True,shared_accession_all_three,True
Stenella_attenuata,EU557096.1,EU557096.1,EU557096.1,3,True,shared_accession_all_three,True
Stenella_longirostris,KX857353.1,KX857353.1,KX857353.1,3,True,shared_accession_all_three,True
Stenocephalemys_albipes,MT408161.1,MT408161.1,MT408161.1,3,True,shared_accession_all_three,True
Sus_scrofa,AF304201.1,AF304201.1,AF304201.1,3,True,shared_accession_all_three,True
Syncerus_caffer,JQ235505.1,JQ235505.1,JQ235505.1,3,True,shared_accession_all_three,True
Trachypithecus_phayrei,KY425609.1,KY425609.1,KY425609.1,3,True,shared_accession_all_three,True
Tursiops_truncatus,KF570315.1,KF570315.1,KF570315.1,3,True,shared_accession_all_three,True
Urocyon_cinereoargenteus,KP129084.1,KP129084.1,KP129084.1,3,True,shared_accession_all_three,True
Ursus_arctos,AP012567.1,AP012567.1,AP012567.1,3,True,shared_accession_all_three,True
