Species,Species_query,Source_TaxID,source_taxid_status,Resolved_TaxID,Resolved_scientific_name,TaxID_was_merged
Balaenoptera_physalus,Balaenoptera physalus,9770,unique,9770,Balaenoptera physalus,False
Bison_priscus,Bison priscus,268291,unique,268291,Bison priscus,False
Bos_taurus,Bos taurus,9913,unique,9913,Bos taurus,False
Camelus_dromedarius,Camelus dromedarius,9838,unique,9838,Camelus dromedarius,False
Canis_latrans,Canis latrans,9614,unique,9614,Canis latrans,False
Canis_lupus,Canis lupus,9612,unique,9612,Canis lupus,False
Capra_hircus,Capra hircus,9925,unique,9925,Capra hircus,False
Cervus_elaphus,Cervus elaphus,9860,unique,9860,Cervus elaphus,False
Cricetulus_kamensis,Cricetulus kamensis,1515608,unique,2175849,Urocricetus kamensis,True
Crocidura_suaveolens,Crocidura suaveolens,52631,unique,52631,Crocidura suaveolens,False
Crocuta_crocuta,Crocuta crocuta,9678,unique,9678,Crocuta crocuta,False
Dicrostonyx_torquatus,Dicrostonyx torquatus,85952,unique,85952,Dicrostonyx torquatus,False
Equus_caballus,Equus caballus,9796,unique,9796,Equus caballus,False
Guerlinguetus_brasiliensis,Guerlinguetus brasiliensis,2749091,unique,3370769,Sciurus brasiliensis,True
Helarctos_malayanus,Helarctos malayanus,9634,unique,9634,Helarctos malayanus,False
Hippotragus_equinus,Hippotragus equinus,37186,unique,37186,Hippotragus equinus,False
Homo_sapiens,Homo sapiens,9606,unique,9606,Homo sapiens,False
Hylomyscus_walterverheyeni,Hylomyscus walterverheyeni,397097,unique,397097,Hylomyscus walterverheyeni,False
Lasiopodomys_anglicus,Lasiopodomys anglicus,3029580,unique,3738030,Stenocranius anglicus,True
Lasiopodomys_gregalis,Lasiopodomys gregalis,1449541,unique,3371160,Stenocranius gregalis,True
Macaca_fascicularis,Macaca fascicularis,9541,unique,9541,Macaca fascicularis,False
Macaca_mulatta,Macaca mulatta,9544,unique,9544,Macaca mulatta,False
Mammuthus_primigenius,Mammuthus primigenius,37349,unique,37349,Mammuthus primigenius,False
Martes_zibellina,Martes zibellina,36722,unique,36722,Martes zibellina,False
Mesoplodon_grayi,Mesoplodon grayi,74394,unique,74394,Mesoplodon grayi,False
Microtus_richardsoni,Microtus richardsoni,111840,unique,111840,Microtus richardsoni,False
Mus_musculus,Mus musculus,10090,unique,10090,Mus musculus,False
Myodes_glareolus,Myodes glareolus,447135,unique,447135,Myodes glareolus,False
Ochotona_cansus,Ochotona cansus,130821,unique,130821,Ochotona cansus,False
Ochotona_thibetana,Ochotona thibetana,130843,unique,130843,Ochotona thibetana,False
Odocoileus_virginianus,Odocoileus virginianus,9874,unique,9874,Odocoileus virginianus,False
Ovis_ammon,Ovis ammon,30527,unique,30527,Ovis ammon,False
Ovis_aries,Ovis aries,9940,unique,9940,Ovis aries,False
Pan_troglodytes,Pan troglodytes,9598,unique,9598,Pan troglodytes,False
Papio_anubis,Papio anubis,9555,unique,9555,Papio anubis,False
Phoca_groenlandica,Phoca groenlandica,39089,unique,39089,Phoca groenlandica,False
Plecotus_macrobullaris,Plecotus macrobullaris,242915,unique,242915,Plecotus macrobullaris,False
Prionailurus_bengalensis,Prionailurus bengalensis,37029,unique,37029,Prionailurus bengalensis,False
Procyon_lotor,Procyon lotor,9654,unique,9654,Procyon lotor,False
Proechimys_guyannensis,Proechimys guyannensis,128105,unique,128105,Proechimys guyannensis,False
Rusa_unicolor,Rusa unicolor,662561,unique,662561,Rusa unicolor,False
Sicista_betulina,Sicista betulina,489448,unique,489448,Sicista betulina,False
Spilogale_gracilis,Spilogale gracilis,30551,unique,30551,Spilogale gracilis,False
Stenella_attenuata,Stenella attenuata,9735,unique,9735,Stenella attenuata,False
Stenella_longirostris,Stenella longirostris,9736,unique,9736,Stenella longirostris,False
Stenocephalemys_albipes,Stenocephalemys albipes,485440,unique,485440,Stenocephalemys albipes,False
Sus_scrofa,Sus scrofa,9823,unique,9823,Sus scrofa,False
Syncerus_caffer,Syncerus caffer,9970,unique,9970,Syncerus caffer,False
Trachypithecus_phayrei,Trachypithecus phayrei,61618,unique,61618,Trachypithecus phayrei,False
Tursiops_truncatus,Tursiops truncatus,9739,unique,9739,Tursiops truncatus,False
Urocyon_cinereoargenteus,Urocyon cinereoargenteus,55040,unique,55040,Urocyon cinereoargenteus,False
Ursus_arctos,Ursus arctos,9644,unique,9644,Ursus arctos,False
