Species,Gene,observed_A_rich_score,observed_C_rich_score
Balaenoptera_physalus,CO1,0.22722868217054265,0.24111757105943152
Balaenoptera_physalus,CO3,0.22424435930183056,0.25489570029799913
Balaenoptera_physalus,Cytb,0.23541483435942534,0.25520375256523015
Bison_priscus,CO1,0.22903156074362302,0.2394076956333766
Bison_priscus,CO3,0.22510683760683767,0.256517094017094
Bison_priscus,Cytb,0.24245089416593374,0.2516857226619759
Bos_taurus,CO1,0.22951794206658022,0.239569822741029
Bos_taurus,CO3,0.2267094017094017,0.25235042735042734
Bos_taurus,Cytb,0.23856640281442393,0.2535180299032541
Camelus_dromedarius,CO1,0.2256809338521401,0.24124513618677046
Camelus_dromedarius,CO3,0.21530438484461473,0.25744997871434644
Camelus_dromedarius,Cytb,0.23160363529756667,0.2540310759308121
Canis_latrans,CO1,0.22913964548205795,0.24146130566364032
Canis_latrans,CO3,0.22413793103448276,0.2503192848020434
Canis_latrans,Cytb,0.23277631193198478,0.2525652301377895
Canis_lupus,CO1,0.22962602680501515,0.24162343277129272
Canis_lupus,CO3,0.22307364836100468,0.24925500212856533
Canis_lupus,Cytb,0.23380240398710053,0.2544708296687188
Capra_hircus,CO1,0.22924773022049288,0.24092088197146566
Capra_hircus,CO3,0.22200936568752663,0.25713069391230303
Capra_hircus,Cytb,0.24523600117267658,0.25007329228965103
Cervus_elaphus,CO1,0.22968006917423262,0.2394076956333766
Cervus_elaphus,CO3,0.22467007237122183,0.256598552575564
Cervus_elaphus,Cytb,0.23658751099384343,0.25021987686895336
Crocidura_suaveolens,CO1,0.22492434068309558,0.2430825767401643
Crocidura_suaveolens,CO3,0.2277564921243082,0.2437207322264793
Crocidura_suaveolens,Cytb,0.23937261800058635,0.2450894165933744
Crocuta_crocuta,CO1,0.22508646779074795,0.24162343277129272
Crocuta_crocuta,CO3,0.23116219667943805,0.2509578544061302
Crocuta_crocuta,Cytb,0.24494283201407208,0.25681618293755487
Dicrostonyx_torquatus,CO1,0.2253566796368353,0.24286640726329442
Dicrostonyx_torquatus,CO3,0.2296722009365688,0.24819071945508722
Dicrostonyx_torquatus,Cytb,0.24027777777777778,0.2494883040935672
Equus_caballus,CO1,0.22897751837440555,0.24292044963251191
Equus_caballus,CO3,0.22222222222222224,0.24968071519795657
Equus_caballus,Cytb,0.2347552037525652,0.2567428906479038
Guerlinguetus_brasiliensis,CO1,0.22601256226987224,0.2425817630495993
Guerlinguetus_brasiliensis,CO3,0.2297786292039166,0.24765857811834818
Guerlinguetus_brasiliensis,Cytb,0.23123717384931106,0.25322486074464967
Helarctos_malayanus,CO1,0.23059878945092957,0.24000216169476873
Helarctos_malayanus,CO3,0.2182843763303533,0.2553214133673904
Helarctos_malayanus,Cytb,0.2334359425388449,0.25630313690999706
Hippotragus_equinus,CO1,0.22838305231301342,0.2413532209252054
Hippotragus_equinus,CO3,0.2258407833120477,0.2558535547041294
Hippotragus_equinus,Cytb,0.24076517150395776,0.2539577836411609
Homo_sapiens,CO1,0.22866580030322717,0.24166125189517
Homo_sapiens,CO3,0.2291136556403732,0.26155640373197625
Homo_sapiens,Cytb,0.2391081871345029,0.26323099415204676
Hylomyscus_walterverheyeni,CO1,0.22460008646779078,0.24146130566364032
Hylomyscus_walterverheyeni,CO3,0.22573435504469988,0.24872286079182632
Hylomyscus_walterverheyeni,Cytb,0.2380847953216374,0.24817251461988302
Lasiopodomys_anglicus,CO1,0.22708603545179423,0.24329874621703418
Lasiopodomys_anglicus,CO3,0.2274372073222648,0.24531715623669645
Lasiopodomys_anglicus,Cytb,0.23866959064327486,0.2496345029239766
Lasiopodomys_gregalis,CO1,0.22659965412883704,0.24313661910938178
Lasiopodomys_gregalis,CO3,0.22584078331204768,0.24946785866326093
Lasiopodomys_gregalis,Cytb,0.24181286549707595,0.2488304093567251
Macaca_fascicularis,CO1,0.228980417198808,0.243348233290762
Macaca_fascicularis,CO3,0.2326521924223074,0.26266496381438903
Macaca_fascicularis,Cytb,0.24846491228070178,0.2655701754385965
Macaca_mulatta,CO1,0.22670773886727194,0.24389321227842628
Macaca_mulatta,CO3,0.23105576841209022,0.2629842486164325
Macaca_mulatta,Cytb,0.24795321637426898,0.260233918128655
Mammuthus_primigenius,CO1,0.22912621359223298,0.24110032362459552
Mammuthus_primigenius,CO3,0.22408095828170174,0.248244527054936
Mammuthus_primigenius,Cytb,0.24412110523221636,0.25646678424456204
Martes_zibellina,CO1,0.2273022049286641,0.24092088197146566
Martes_zibellina,CO3,0.22222222222222224,0.25351213282247764
Martes_zibellina,Cytb,0.23072412782175314,0.2549105834066256
Mesoplodon_grayi,CO1,0.22609819121447028,0.24160206718346253
Mesoplodon_grayi,CO3,0.22275436355896128,0.25468284376330347
Mesoplodon_grayi,Cytb,0.23673409557314568,0.25476399882732337
Microtus_richardsoni,CO1,0.22530263726761784,0.2418396022481626
Microtus_richardsoni,CO3,0.22254150702426564,0.24936143039591316
Microtus_richardsoni,Cytb,0.24539473684210528,0.250219298245614
Mus_musculus,CO1,0.22454604409857332,0.24173151750972766
Mus_musculus,CO3,0.22839506172839508,0.24819071945508728
Mus_musculus,Cytb,0.24256342957130356,0.24868766404199474
Myodes_glareolus,CO1,0.22627539991353224,0.2421638564634674
Myodes_glareolus,CO3,0.22743720732226486,0.2504257130693912
Myodes_glareolus,Cytb,0.24232456140350875,0.24627192982456136
Ochotona_cansus,CO1,0.22292614251678575,0.24241931990469998
Ochotona_cansus,CO3,0.22169008088548314,0.2536185610898254
Ochotona_cansus,Cytb,0.23197009674582234,0.2548372911169745
Ochotona_thibetana,CO1,0.22308858566168507,0.24160710418020356
Ochotona_thibetana,CO3,0.22286079182630905,0.25159642401021703
Ochotona_thibetana,Cytb,0.23387569627675164,0.2558633831720903
Odocoileus_virginianus,CO1,0.230652831820147,0.2397319498486814
Odocoileus_virginianus,CO3,0.227862920391656,0.25595998297147715
Odocoileus_virginianus,Cytb,0.23651421870419229,0.2514658457930225
Ovis_ammon,CO1,0.22973411154345008,0.24043450064850846
Ovis_ammon,CO3,0.21988080034057045,0.25627926777352056
Ovis_ammon,Cytb,0.24530929346232772,0.250586338317209
Ovis_aries,CO1,0.22973411154345008,0.24043450064850846
Ovis_aries,CO3,0.22115793954874413,0.2575564069816943
Ovis_aries,Cytb,0.243770155379654,0.2503664614482556
Pan_troglodytes,CO1,0.22752869828893219,0.24214858132986786
Pan_troglodytes,CO3,0.22850148999574285,0.26298424861643255
Pan_troglodytes,Cytb,0.24225146198830405,0.2641812865497076
Papio_anubis,CO1,0.23009791400596002,0.24797786292039167
Papio_anubis,CO3,0.2238186462324393,0.2646871008939974
Papio_anubis,Cytb,0.24934210526315792,0.26206140350877194
Phoca_groenlandica,CO1,0.22676178123648943,0.2410289667099006
Phoca_groenlandica,CO3,0.2318007662835249,0.25031928480204335
Phoca_groenlandica,Cytb,0.23640350877192978,0.25219298245614036
Plecotus_macrobullaris,CO1,0.22092520536100307,0.24362300043233898
Plecotus_macrobullaris,CO3,0.22456364410387397,0.2520221370796083
Plecotus_macrobullaris,Cytb,0.2404720023453532,0.2527851070067429
Prionailurus_bengalensis,CO1,0.22784262862083876,0.24081279723303073
Prionailurus_bengalensis,CO3,0.2289272030651341,0.25446998722860786
Prionailurus_bengalensis,Cytb,0.23702726473175026,0.2515391380826737
Procyon_lotor,CO1,0.22795071335927372,0.23962386511024647
Procyon_lotor,CO3,0.22254150702426564,0.24936143039591313
Procyon_lotor,Cytb,0.24091175608326001,0.2497068308413955
Proechimys_guyannensis,CO1,0.22769114143383148,0.24263591076456573
Proechimys_guyannensis,CO3,0.22807577692635164,0.2536185610898254
Proechimys_guyannensis,Cytb,0.24384344766930516,0.25263852242744056
Rusa_unicolor,CO1,0.22968006917423262,0.2394076956333766
Rusa_unicolor,CO3,0.2243507875691784,0.25564069816943374
Rusa_unicolor,Cytb,0.23856640281442387,0.24912049252418642
Sicista_betulina,CO1,0.22373540856031127,0.24254215304798965
Sicista_betulina,CO3,0.22679863771817793,0.2536185610898254
Sicista_betulina,Cytb,0.23431545001465845,0.25014658457930217
Spilogale_gracilis,CO1,0.22741028966709903,0.24232598357111979
Spilogale_gracilis,CO3,0.22467007237122177,0.2578756917837377
Spilogale_gracilis,Cytb,0.24113163295221343,0.25124596892406914
Stenella_attenuata,CO1,0.22765934539190352,0.24090223944875105
Stenella_attenuata,CO3,0.22850148999574285,0.2527671349510429
Stenella_attenuata,Cytb,0.2360011726766344,0.25842861330987976
Stenella_longirostris,CO1,0.22765934539190352,0.24090223944875105
Stenella_longirostris,CO3,0.22850148999574285,0.2527671349510429
Stenella_longirostris,Cytb,0.235781295807681,0.25776898270301957
Stenocephalemys_albipes,CO1,0.22508646779074798,0.24097492434068313
Stenocephalemys_albipes,CO3,0.22807577692635161,0.24978714346530437
Stenocephalemys_albipes,Cytb,0.23833479148439773,0.2479585885097696
Sus_scrofa,CO1,0.2266536964980545,0.24221789883268485
Sus_scrofa,CO3,0.2240948813982522,0.2534332084893882
Sus_scrofa,Cytb,0.23937261800058635,0.2494869539724421
Syncerus_caffer,CO1,0.22962602680501515,0.23967790747946394
Syncerus_caffer,CO3,0.22489316239316245,0.2537393162393162
Syncerus_caffer,Cytb,0.2407651715039578,0.25483729111697445
Trachypithecus_phayrei,CO1,0.2277345438824038,0.24265023778642456
Trachypithecus_phayrei,CO3,0.22967220093656873,0.25713069391230303
Trachypithecus_phayrei,Cytb,0.24641812865497079,0.26703216374269007
Tursiops_truncatus,CO1,0.22782084409991385,0.24138673557278206
Tursiops_truncatus,CO3,0.22850148999574285,0.2527671349510429
Tursiops_truncatus,Cytb,0.23556141893872765,0.257988859571973
Urocyon_cinereoargenteus,CO1,0.22800475572849116,0.24129917855598793
Urocyon_cinereoargenteus,CO3,0.2192422307364836,0.24797786292039162
Urocyon_cinereoargenteus,Cytb,0.23658751099384343,0.25461741424802103
Ursus_arctos,CO1,0.22849113705144836,0.23886727194120194
Ursus_arctos,CO3,0.21753937845891866,0.25521498510004254
Ursus_arctos,Cytb,0.230064497214893,0.2626062738199941
