Gene,amino_acid,mean,ci_low,ci_high,n_species
CO1,A,0.07909773926180728,0.07825699354001668,0.07996400035912825,51
CO1,C,0.0020578468491037017,0.0019445649318527694,0.0022077398432350905,51
CO1,D,0.02935108008606589,0.02890520397773714,0.029787310203869884,51
CO1,E,0.018638944224593286,0.018336624787777814,0.018934905017394435,51
CO1,F,0.08168706189889666,0.0813109728829294,0.08205704911132951,51
CO1,G,0.09113602143824133,0.09078626634942803,0.09147506293629443,51
CO1,H,0.03457145621375515,0.03408877137425684,0.035111194391651175,51
CO1,I,0.07439789227849657,0.07328220081417783,0.07552374784540158,51
CO1,K,0.018142218002197605,0.01786443153195647,0.018444300617970782,51
CO1,L,0.11609992150907651,0.11523037455874786,0.11705947717714853,51
CO1,M,0.0617153768825533,0.060736812853267264,0.06265473055917448,51
CO1,N,0.034113145495280335,0.03347551007958039,0.03473042361014858,51
CO1,P,0.05522883599009217,0.05490581100583174,0.055604847757697765,51
CO1,Q,0.0122734143166025,0.012043940808634777,0.012535798439250357,51
CO1,R,0.01566518396437873,0.015563042469329543,0.015799049104424253,51
CO1,S,0.061023089375113,0.06029471021950566,0.061830234183852244,51
CO1,T,0.07173851198736318,0.07063522494400618,0.07272046514081013,51
CO1,V,0.07281119125335436,0.07167881120086944,0.07393249079258132,51
CO1,W,0.032895944583309564,0.03268264049465039,0.03309780324931727,51
CO1,Y,0.037355124389718865,0.036911516905007845,0.03784223466310123,51
CO3,A,0.0555465984053186,0.054160357033363395,0.056954105055875746,51
CO3,C,0.006907413156938427,0.006459742551487658,0.007287795541089752,51
CO3,D,0.012758020476476012,0.01224782218892511,0.013334508243766361,51
CO3,E,0.029195263831537213,0.028443947684683543,0.02986878871473378,51
CO3,F,0.08931872290542903,0.08815325818730359,0.09042516112214431,51
CO3,G,0.07731333953567465,0.07635421587952294,0.07822610074678897,51
CO3,H,0.0629757015470654,0.062414255128436576,0.06356635122419854,51
CO3,I,0.05779813704727603,0.0557271110515604,0.05987832878724738,51
CO3,K,0.01013192889346337,0.009313135266931087,0.011036462646349894,51
CO3,L,0.1274376385664424,0.125957525098448,0.1289433730975134,51
CO3,M,0.03843269484455551,0.03700035669046,0.039937842949428,51
CO3,N,0.02642287270438544,0.025435502831853748,0.027485997936732526,51
CO3,P,0.04376188976486713,0.04280854734703382,0.04476668047716721,51
CO3,Q,0.027697463472036877,0.02716426722061539,0.028376227217958384,51
CO3,R,0.019290628044692847,0.01912636915523709,0.019520369895816608,51
CO3,S,0.07888584449666566,0.07739548233896591,0.08030959085379119,51
CO3,T,0.08639356134698795,0.08447526068484304,0.08851823062069956,51
CO3,V,0.058840445521940135,0.05698427828527771,0.060794489464510486,51
CO3,W,0.04593690329554321,0.04586299676052519,0.0459874664696367,51
CO3,Y,0.04495493214270407,0.043875180667801154,0.04604119007801062,51
Cytb,A,0.06244657568414838,0.06070553335233288,0.06408781204414317,51
Cytb,C,0.009461246854205824,0.00904464014031406,0.00987799637746132,51
Cytb,D,0.0297753013972233,0.029152598409902683,0.030447351163839946,51
Cytb,E,0.015198746189684675,0.014680000154105574,0.015620737337114873,51
Cytb,F,0.06957876648455795,0.0677574803964626,0.07143504844507689,51
Cytb,G,0.06456543273433209,0.06368170426158754,0.06539876181531543,51
Cytb,H,0.031688028795838326,0.03110703711860592,0.032255634930617186,51
Cytb,I,0.1062256682477074,0.10395943205085552,0.10863615142930227,51
Cytb,K,0.024192739114064457,0.02377760798320627,0.024652574271392814,51
Cytb,L,0.15316866397969353,0.1503408310897014,0.1561789250126651,51
Cytb,M,0.040731715963076856,0.03892394844177102,0.04243009256308222,51
Cytb,N,0.04383476938698188,0.04295619795524545,0.04476485765228085,51
Cytb,P,0.06011860452695689,0.059382956136570283,0.06089041363999588,51
Cytb,Q,0.017161028116759076,0.016490227214345673,0.017885120552885433,51
Cytb,R,0.021091450577063593,0.020777226093900963,0.021408135073061843,51
Cytb,S,0.06275495435351391,0.06107381097476443,0.06439173053096547,51
Cytb,T,0.07210959335250222,0.07005076466547827,0.0744739064920972,51
Cytb,V,0.04430120641411115,0.042072038977298075,0.04627926442256506,51
Cytb,W,0.031223220486256857,0.030954074246432366,0.03148460630360789,51
Cytb,Y,0.04037228734132161,0.03975481589536434,0.041020169430020834,51
