Species_original,Species_query,MIDORI_organism,TaxID,match_status,match_method,selected_accession,notes,Source_TaxID,Resolved_TaxID,n_genes_found,same_accession_all_three,selection_mode
Balaenoptera_physalus,Balaenoptera physalus,Balaenoptera physalus,9770,exact,exact_name_or_resolved_NCBI_TaxID,CO1:KC572708.1;CO3:KC572708.1;Cytb:KC572708.1,MIDORI2 GB272 UNIQ_NUC+TOTAL_AA; selection_mode=shared_accession_all_three; same accession across all three=True,9770,9770,3,True,shared_accession_all_three
Bison_priscus,Bison priscus,Bison priscus,268291,exact,exact_name_or_resolved_NCBI_TaxID,CO1:KM593920.1;CO3:KM593920.1;Cytb:KM593920.1,MIDORI2 GB272 UNIQ_NUC+TOTAL_AA; selection_mode=shared_accession_all_three; same accession across all three=True,268291,268291,3,True,shared_accession_all_three
Bos_taurus,Bos taurus,Bos taurus,9913,exact,exact_name_or_resolved_NCBI_TaxID,CO1:AB074964.1;CO3:AB074964.1;Cytb:AB074964.1,MIDORI2 GB272 UNIQ_NUC+TOTAL_AA; selection_mode=shared_accession_all_three; same accession across all three=True,9913,9913,3,True,shared_accession_all_three
Camelus_dromedarius,Camelus dromedarius,Camelus dromedarius,9838,exact,exact_name_or_resolved_NCBI_TaxID,CO1:KU605078.1;CO3:KU605078.1;Cytb:KU605078.1,MIDORI2 GB272 UNIQ_NUC+TOTAL_AA; selection_mode=shared_accession_all_three; same accession across all three=True,9838,9838,3,True,shared_accession_all_three
Canis_latrans,Canis latrans,Canis latrans,9614,exact,exact_name_or_resolved_NCBI_TaxID,CO1:DQ480511.1;CO3:DQ480511.1;Cytb:DQ480511.1,MIDORI2 GB272 UNIQ_NUC+TOTAL_AA; selection_mode=shared_accession_all_three; same accession across all three=True,9614,9614,3,True,shared_accession_all_three
Canis_lupus,Canis lupus,Canis lupus,9612,exact,exact_name_or_resolved_NCBI_TaxID,CO1:AB499818.1;CO3:AB499818.1;Cytb:AB499818.1,MIDORI2 GB272 UNIQ_NUC+TOTAL_AA; selection_mode=shared_accession_all_three; same accession across all three=True,9612,9612,3,True,shared_accession_all_three
Capra_hircus,Capra hircus,Capra hircus,9925,exact,exact_name_or_resolved_NCBI_TaxID,CO1:AB735761.1;CO3:AB735761.1;Cytb:AB735761.1,MIDORI2 GB272 UNIQ_NUC+TOTAL_AA; selection_mode=shared_accession_all_three; same accession across all three=True,9925,9925,3,True,shared_accession_all_three
Cervus_elaphus,Cervus elaphus,Cervus elaphus,9860,exact,exact_name_or_resolved_NCBI_TaxID,CO1:KP172593.1;CO3:KP172593.1;Cytb:KP172593.1,MIDORI2 GB272 UNIQ_NUC+TOTAL_AA; selection_mode=shared_accession_all_three; same accession across all three=True,9860,9860,3,True,shared_accession_all_three
Cricetulus_kamensis,Cricetulus kamensis,Urocricetus kamensis,2175849,taxid_confirmed,exact_name_or_resolved_NCBI_TaxID,CO1:KJ680375.1;CO3:MH161654.1;Cytb:KJ680375.1,MIDORI2 GB272 UNIQ_NUC+TOTAL_AA; selection_mode=best_gene_specific_fallback; same accession across all three=False,1515608,2175849,3,False,best_gene_specific_fallback
Crocidura_suaveolens,Crocidura suaveolens,Crocidura suaveolens,52631,exact,exact_name_or_resolved_NCBI_TaxID,CO1:MW815431.1;CO3:MW815431.1;Cytb:MW815431.1,MIDORI2 GB272 UNIQ_NUC+TOTAL_AA; selection_mode=shared_accession_all_three; same accession across all three=True,52631,52631,3,True,shared_accession_all_three
Crocuta_crocuta,Crocuta crocuta,Crocuta crocuta,9678,exact,exact_name_or_resolved_NCBI_TaxID,CO1:MN320451.1;CO3:MN320451.1;Cytb:MN320451.1,MIDORI2 GB272 UNIQ_NUC+TOTAL_AA; selection_mode=shared_accession_all_three; same accession across all three=True,9678,9678,3,True,shared_accession_all_three
Dicrostonyx_torquatus,Dicrostonyx torquatus,Dicrostonyx torquatus,85952,exact,exact_name_or_resolved_NCBI_TaxID,CO1:MN792937.1;CO3:MN792937.1;Cytb:MN792937.1,MIDORI2 GB272 UNIQ_NUC+TOTAL_AA; selection_mode=shared_accession_all_three; same accession across all three=True,85952,85952,3,True,shared_accession_all_three
Equus_caballus,Equus caballus,Equus caballus,9796,exact,exact_name_or_resolved_NCBI_TaxID,CO1:AP013078.1;CO3:AP013078.1;Cytb:AP013078.1,MIDORI2 GB272 UNIQ_NUC+TOTAL_AA; selection_mode=shared_accession_all_three; same accession across all three=True,9796,9796,3,True,shared_accession_all_three
Guerlinguetus_brasiliensis,Guerlinguetus brasiliensis,Guerlinguetus brasiliensis,2749091,exact,exact_name_or_resolved_NCBI_TaxID,CO1:MT174510.1;CO3:MT174510.1;Cytb:MT174510.1,MIDORI2 GB272 UNIQ_NUC+TOTAL_AA; selection_mode=shared_accession_all_three; same accession across all three=True,2749091,3370769,3,True,shared_accession_all_three
Helarctos_malayanus,Helarctos malayanus,Helarctos malayanus,9634,exact,exact_name_or_resolved_NCBI_TaxID,CO1:EF196664.1;CO3:EF196664.1;Cytb:EF196664.1,MIDORI2 GB272 UNIQ_NUC+TOTAL_AA; selection_mode=shared_accession_all_three; same accession across all three=True,9634,9634,3,True,shared_accession_all_three
Hippotragus_equinus,Hippotragus equinus,Hippotragus equinus,37186,exact,exact_name_or_resolved_NCBI_TaxID,CO1:MZ560850.1;CO3:MZ560850.1;Cytb:MZ560850.1,MIDORI2 GB272 UNIQ_NUC+TOTAL_AA; selection_mode=shared_accession_all_three; same accession across all three=True,37186,37186,3,True,shared_accession_all_three
Homo_sapiens,Homo sapiens,Homo sapiens,9606,exact,exact_name_or_resolved_NCBI_TaxID,CO1:AP013180.1;CO3:AP013180.1;Cytb:AP013180.1,MIDORI2 GB272 UNIQ_NUC+TOTAL_AA; selection_mode=shared_accession_all_three; same accession across all three=True,9606,9606,3,True,shared_accession_all_three
Hylomyscus_walterverheyeni,Hylomyscus walterverheyeni,Hylomyscus walterverheyeni,397097,exact,exact_name_or_resolved_NCBI_TaxID,CO1:MN845747.1;CO3:MN845747.1;Cytb:MN845747.1,MIDORI2 GB272 UNIQ_NUC+TOTAL_AA; selection_mode=shared_accession_all_three; same accession across all three=True,397097,397097,3,True,shared_accession_all_three
Lasiopodomys_anglicus,Lasiopodomys anglicus,Lasiopodomys anglicus,3029580,exact,exact_name_or_resolved_NCBI_TaxID,CO1:OM809900.1;CO3:OM809900.1;Cytb:OM809900.1,MIDORI2 GB272 UNIQ_NUC+TOTAL_AA; selection_mode=shared_accession_all_three; same accession across all three=True,3029580,3738030,3,True,shared_accession_all_three
Lasiopodomys_gregalis,Lasiopodomys gregalis,Stenocranius gregalis,3371160,taxid_confirmed,exact_name_or_resolved_NCBI_TaxID,CO1:MN199170.1;CO3:MN199170.1;Cytb:MN199170.1,MIDORI2 GB272 UNIQ_NUC+TOTAL_AA; selection_mode=shared_accession_all_three; same accession across all three=True,1449541,3371160,3,True,shared_accession_all_three
Macaca_fascicularis,Macaca fascicularis,Macaca fascicularis,9541,exact,exact_name_or_resolved_NCBI_TaxID,CO1:KJ567052.1;CO3:KJ567052.1;Cytb:KJ567052.1,MIDORI2 GB272 UNIQ_NUC+TOTAL_AA; selection_mode=shared_accession_all_three; same accession across all three=True,9541,9541,3,True,shared_accession_all_three
Macaca_mulatta,Macaca mulatta,Macaca mulatta,9544,exact,exact_name_or_resolved_NCBI_TaxID,CO1:KF830702.1;CO3:KF830702.1;Cytb:KF830702.1,MIDORI2 GB272 UNIQ_NUC+TOTAL_AA; selection_mode=shared_accession_all_three; same accession across all three=True,9544,9544,3,True,shared_accession_all_three
Mammuthus_primigenius,Mammuthus primigenius,Mammuthus primigenius,37349,exact,exact_name_or_resolved_NCBI_TaxID,CO1:EU153447.1;CO3:EU153447.1;Cytb:EU153447.1,MIDORI2 GB272 UNIQ_NUC+TOTAL_AA; selection_mode=shared_accession_all_three; same accession across all three=True,37349,37349,3,True,shared_accession_all_three
Martes_zibellina,Martes zibellina,Martes zibellina,36722,exact,exact_name_or_resolved_NCBI_TaxID,CO1:KJ202623.1;CO3:KJ202623.1;Cytb:KJ202623.1,MIDORI2 GB272 UNIQ_NUC+TOTAL_AA; selection_mode=shared_accession_all_three; same accession across all three=True,36722,36722,3,True,shared_accession_all_three
Mesoplodon_grayi,Mesoplodon grayi,Mesoplodon grayi,74394,exact,exact_name_or_resolved_NCBI_TaxID,CO1:KF981442.1;CO3:KF981442.1;Cytb:KF981442.1,MIDORI2 GB272 UNIQ_NUC+TOTAL_AA; selection_mode=shared_accession_all_three; same accession across all three=True,74394,74394,3,True,shared_accession_all_three
Microtus_richardsoni,Microtus richardsoni,Microtus richardsoni,111840,exact,exact_name_or_resolved_NCBI_TaxID,CO1:MT381944.1;CO3:MT381944.1;Cytb:MT381944.1,MIDORI2 GB272 UNIQ_NUC+TOTAL_AA; selection_mode=shared_accession_all_three; same accession across all three=True,111840,111840,3,True,shared_accession_all_three
Mus_musculus,Mus musculus,Mus musculus,10090,exact,exact_name_or_resolved_NCBI_TaxID,CO1:AB089798.1;CO3:AB089798.1;Cytb:AB089798.1,MIDORI2 GB272 UNIQ_NUC+TOTAL_AA; selection_mode=shared_accession_all_three; same accession across all three=True,10090,10090,3,True,shared_accession_all_three
Myodes_glareolus,Myodes glareolus,Myodes glareolus,447135,exact,exact_name_or_resolved_NCBI_TaxID,CO1:KM892809.1;CO3:KM892809.1;Cytb:KM892809.1,MIDORI2 GB272 UNIQ_NUC+TOTAL_AA; selection_mode=shared_accession_all_three; same accession across all three=True,447135,447135,3,True,shared_accession_all_three
Ochotona_cansus,Ochotona cansus,Ochotona cansus,130821,exact,exact_name_or_resolved_NCBI_TaxID,CO1:KR732583.1;CO3:MN547412.1;Cytb:AF273003.1,MIDORI2 GB272 UNIQ_NUC+TOTAL_AA; selection_mode=best_gene_specific_fallback; same accession across all three=False,130821,130821,3,False,best_gene_specific_fallback
Ochotona_thibetana,Ochotona thibetana,Ochotona thibetana,130843,exact,exact_name_or_resolved_NCBI_TaxID,CO1:MH345726.1;CO3:MH345726.1;Cytb:MH345726.1,MIDORI2 GB272 UNIQ_NUC+TOTAL_AA; selection_mode=shared_accession_all_three; same accession across all three=True,130843,130843,3,True,shared_accession_all_three
Odocoileus_virginianus,Odocoileus virginianus,Odocoileus virginianus,9874,exact,exact_name_or_resolved_NCBI_TaxID,CO1:JN632671.1;CO3:JN632671.1;Cytb:JN632671.1,MIDORI2 GB272 UNIQ_NUC+TOTAL_AA; selection_mode=shared_accession_all_three; same accession across all three=True,9874,9874,3,True,shared_accession_all_three
Ovis_ammon,Ovis ammon,Ovis ammon,30527,exact,exact_name_or_resolved_NCBI_TaxID,CO1:HM236188.1;CO3:HM236188.1;Cytb:HM236188.1,MIDORI2 GB272 UNIQ_NUC+TOTAL_AA; selection_mode=shared_accession_all_three; same accession across all three=True,30527,30527,3,True,shared_accession_all_three
Ovis_aries,Ovis aries,Ovis aries,9940,exact,exact_name_or_resolved_NCBI_TaxID,CO1:HE577847.1;CO3:HE577847.1;Cytb:HE577847.1,MIDORI2 GB272 UNIQ_NUC+TOTAL_AA; selection_mode=shared_accession_all_three; same accession across all three=True,9940,9940,3,True,shared_accession_all_three
Pan_troglodytes,Pan troglodytes,Pan troglodytes,9598,exact,exact_name_or_resolved_NCBI_TaxID,CO1:D38113.1;CO3:D38113.1;Cytb:D38113.1,MIDORI2 GB272 UNIQ_NUC+TOTAL_AA; selection_mode=shared_accession_all_three; same accession across all three=True,9598,9598,3,True,shared_accession_all_three
Papio_anubis,Papio anubis,Papio anubis,9555,exact,exact_name_or_resolved_NCBI_TaxID,CO1:JX946197.2;CO3:JX946197.2;Cytb:JX946197.2,MIDORI2 GB272 UNIQ_NUC+TOTAL_AA; selection_mode=shared_accession_all_three; same accession across all three=True,9555,9555,3,True,shared_accession_all_three
Phoca_groenlandica,Phoca groenlandica,Phoca groenlandica,39089,exact,exact_name_or_resolved_NCBI_TaxID,CO1:KP942532.1;CO3:KP942532.1;Cytb:KP942532.1,MIDORI2 GB272 UNIQ_NUC+TOTAL_AA; selection_mode=shared_accession_all_three; same accession across all three=True,39089,39089,3,True,shared_accession_all_three
Plecotus_macrobullaris,Plecotus macrobullaris,Plecotus macrobullaris,242915,exact,exact_name_or_resolved_NCBI_TaxID,CO1:KR134369.1;CO3:KR134369.1;Cytb:KR134369.1,MIDORI2 GB272 UNIQ_NUC+TOTAL_AA; selection_mode=shared_accession_all_three; same accession across all three=True,242915,242915,3,True,shared_accession_all_three
Prionailurus_bengalensis,Prionailurus bengalensis,Prionailurus bengalensis,37029,exact,exact_name_or_resolved_NCBI_TaxID,CO1:KP202258.1;CO3:KP202258.1;Cytb:KP202258.1,MIDORI2 GB272 UNIQ_NUC+TOTAL_AA; selection_mode=shared_accession_all_three; same accession across all three=True,37029,37029,3,True,shared_accession_all_three
Procyon_lotor,Procyon lotor,Procyon lotor,9654,exact,exact_name_or_resolved_NCBI_TaxID,CO1:AB291073.1;CO3:AB291073.1;Cytb:AB291073.1,MIDORI2 GB272 UNIQ_NUC+TOTAL_AA; selection_mode=shared_accession_all_three; same accession across all three=True,9654,9654,3,True,shared_accession_all_three
Proechimys_guyannensis,Proechimys guyannensis,Proechimys guyannensis,128105,exact,exact_name_or_resolved_NCBI_TaxID,CO1:KX688181.1;CO3:KX688181.1;Cytb:KX688181.1,MIDORI2 GB272 UNIQ_NUC+TOTAL_AA; selection_mode=shared_accession_all_three; same accession across all three=True,128105,128105,3,True,shared_accession_all_three
Rusa_unicolor,Rusa unicolor,Rusa unicolor,662561,exact,exact_name_or_resolved_NCBI_TaxID,CO1:EF035448.1;CO3:EF035448.1;Cytb:EF035448.1,MIDORI2 GB272 UNIQ_NUC+TOTAL_AA; selection_mode=shared_accession_all_three; same accession across all three=True,662561,662561,3,True,shared_accession_all_three
Sicista_betulina,Sicista betulina,Sicista betulina,489448,exact,exact_name_or_resolved_NCBI_TaxID,CO1:MZ570932.1;CO3:MZ570932.1;Cytb:MZ570932.1,MIDORI2 GB272 UNIQ_NUC+TOTAL_AA; selection_mode=shared_accession_all_three; same accession across all three=True,489448,489448,3,True,shared_accession_all_three
Spilogale_gracilis,Spilogale gracilis,Spilogale gracilis,30551,exact,exact_name_or_resolved_NCBI_TaxID,CO1:MW205843.1;CO3:MW205843.1;Cytb:MW205843.1,MIDORI2 GB272 UNIQ_NUC+TOTAL_AA; selection_mode=shared_accession_all_three; same accession across all three=True,30551,30551,3,True,shared_accession_all_three
Stenella_attenuata,Stenella attenuata,Stenella attenuata,9735,exact,exact_name_or_resolved_NCBI_TaxID,CO1:EU557096.1;CO3:EU557096.1;Cytb:EU557096.1,MIDORI2 GB272 UNIQ_NUC+TOTAL_AA; selection_mode=shared_accession_all_three; same accession across all three=True,9735,9735,3,True,shared_accession_all_three
Stenella_longirostris,Stenella longirostris,Stenella longirostris,9736,exact,exact_name_or_resolved_NCBI_TaxID,CO1:KX857353.1;CO3:KX857353.1;Cytb:KX857353.1,MIDORI2 GB272 UNIQ_NUC+TOTAL_AA; selection_mode=shared_accession_all_three; same accession across all three=True,9736,9736,3,True,shared_accession_all_three
Stenocephalemys_albipes,Stenocephalemys albipes,Stenocephalemys albipes,485440,exact,exact_name_or_resolved_NCBI_TaxID,CO1:MT408161.1;CO3:MT408161.1;Cytb:MT408161.1,MIDORI2 GB272 UNIQ_NUC+TOTAL_AA; selection_mode=shared_accession_all_three; same accession across all three=True,485440,485440,3,True,shared_accession_all_three
Sus_scrofa,Sus scrofa,Sus scrofa,9823,exact,exact_name_or_resolved_NCBI_TaxID,CO1:AF304201.1;CO3:AF304201.1;Cytb:AF304201.1,MIDORI2 GB272 UNIQ_NUC+TOTAL_AA; selection_mode=shared_accession_all_three; same accession across all three=True,9823,9823,3,True,shared_accession_all_three
Syncerus_caffer,Syncerus caffer,Syncerus caffer,9970,exact,exact_name_or_resolved_NCBI_TaxID,CO1:JQ235505.1;CO3:JQ235505.1;Cytb:JQ235505.1,MIDORI2 GB272 UNIQ_NUC+TOTAL_AA; selection_mode=shared_accession_all_three; same accession across all three=True,9970,9970,3,True,shared_accession_all_three
Trachypithecus_phayrei,Trachypithecus phayrei,Trachypithecus phayrei,61618,exact,exact_name_or_resolved_NCBI_TaxID,CO1:KY425609.1;CO3:KY425609.1;Cytb:KY425609.1,MIDORI2 GB272 UNIQ_NUC+TOTAL_AA; selection_mode=shared_accession_all_three; same accession across all three=True,61618,61618,3,True,shared_accession_all_three
Tursiops_truncatus,Tursiops truncatus,Tursiops truncatus,9739,exact,exact_name_or_resolved_NCBI_TaxID,CO1:KF570315.1;CO3:KF570315.1;Cytb:KF570315.1,MIDORI2 GB272 UNIQ_NUC+TOTAL_AA; selection_mode=shared_accession_all_three; same accession across all three=True,9739,9739,3,True,shared_accession_all_three
Urocyon_cinereoargenteus,Urocyon cinereoargenteus,Urocyon cinereoargenteus,55040,exact,exact_name_or_resolved_NCBI_TaxID,CO1:KP129084.1;CO3:KP129084.1;Cytb:KP129084.1,MIDORI2 GB272 UNIQ_NUC+TOTAL_AA; selection_mode=shared_accession_all_three; same accession across all three=True,55040,55040,3,True,shared_accession_all_three
Ursus_arctos,Ursus arctos,Ursus arctos,9644,exact,exact_name_or_resolved_NCBI_TaxID,CO1:AP012567.1;CO3:AP012567.1;Cytb:AP012567.1,MIDORI2 GB272 UNIQ_NUC+TOTAL_AA; selection_mode=shared_accession_all_three; same accession across all three=True,9644,9644,3,True,shared_accession_all_three
