Species,has_mut_CO1,has_mut_CO3,has_mut_Cytb,has_seq_CO1,has_seq_CO3,has_seq_Cytb,valid_CO1,valid_CO3,valid_Cytb,included_final,CO1_accession_version,CO3_accession_version,Cytb_accession_version,n_genes_found,same_accession_all_three,selection_mode,all_selected_basic_valid
Balaenoptera_physalus,True,True,True,True,True,True,True,True,True,True,KC572708.1,KC572708.1,KC572708.1,3,True,shared_accession_all_three,True
Bison_priscus,True,True,True,True,True,True,True,True,True,True,KM593920.1,KM593920.1,KM593920.1,3,True,shared_accession_all_three,True
Bos_taurus,True,True,True,True,True,True,True,True,True,True,AB074964.1,AB074964.1,AB074964.1,3,True,shared_accession_all_three,True
Camelus_dromedarius,True,True,True,True,True,True,True,True,True,True,KU605078.1,KU605078.1,KU605078.1,3,True,shared_accession_all_three,True
Canis_latrans,True,True,True,True,True,True,True,True,True,True,DQ480511.1,DQ480511.1,DQ480511.1,3,True,shared_accession_all_three,True
Canis_lupus,True,True,True,True,True,True,True,True,True,True,AB499818.1,AB499818.1,AB499818.1,3,True,shared_accession_all_three,True
Capra_hircus,True,True,True,True,True,True,True,True,True,True,AB735761.1,AB735761.1,AB735761.1,3,True,shared_accession_all_three,True
Cervus_elaphus,True,True,True,True,True,True,True,True,True,True,KP172593.1,KP172593.1,KP172593.1,3,True,shared_accession_all_three,True
Cricetulus_kamensis,True,True,True,True,True,True,True,False,True,False,KJ680375.1,MH161654.1,KJ680375.1,3,False,best_gene_specific_fallback,False
Crocidura_suaveolens,True,True,True,True,True,True,True,True,True,True,MW815431.1,MW815431.1,MW815431.1,3,True,shared_accession_all_three,True
Crocuta_crocuta,True,True,True,True,True,True,True,True,True,True,MN320451.1,MN320451.1,MN320451.1,3,True,shared_accession_all_three,True
Dicrostonyx_torquatus,True,True,True,True,True,True,True,True,True,True,MN792937.1,MN792937.1,MN792937.1,3,True,shared_accession_all_three,True
Equus_caballus,True,True,True,True,True,True,True,True,True,True,AP013078.1,AP013078.1,AP013078.1,3,True,shared_accession_all_three,True
Guerlinguetus_brasiliensis,True,True,True,True,True,True,True,True,True,True,MT174510.1,MT174510.1,MT174510.1,3,True,shared_accession_all_three,True
Helarctos_malayanus,True,True,True,True,True,True,True,True,True,True,EF196664.1,EF196664.1,EF196664.1,3,True,shared_accession_all_three,True
Hippotragus_equinus,True,True,True,True,True,True,True,True,True,True,MZ560850.1,MZ560850.1,MZ560850.1,3,True,shared_accession_all_three,True
Homo_sapiens,True,True,True,True,True,True,True,True,True,True,AP013180.1,AP013180.1,AP013180.1,3,True,shared_accession_all_three,True
Hylomyscus_walterverheyeni,True,True,True,True,True,True,True,True,True,True,MN845747.1,MN845747.1,MN845747.1,3,True,shared_accession_all_three,True
Lasiopodomys_anglicus,True,True,True,True,True,True,True,True,True,True,OM809900.1,OM809900.1,OM809900.1,3,True,shared_accession_all_three,True
Lasiopodomys_gregalis,True,True,True,True,True,True,True,True,True,True,MN199170.1,MN199170.1,MN199170.1,3,True,shared_accession_all_three,True
Macaca_fascicularis,True,True,True,True,True,True,True,True,True,True,KJ567052.1,KJ567052.1,KJ567052.1,3,True,shared_accession_all_three,True
Macaca_mulatta,True,True,True,True,True,True,True,True,True,True,KF830702.1,KF830702.1,KF830702.1,3,True,shared_accession_all_three,True
Mammuthus_primigenius,True,True,True,True,True,True,True,True,True,True,EU153447.1,EU153447.1,EU153447.1,3,True,shared_accession_all_three,True
Martes_zibellina,True,True,True,True,True,True,True,True,True,True,KJ202623.1,KJ202623.1,KJ202623.1,3,True,shared_accession_all_three,True
Mesoplodon_grayi,True,True,True,True,True,True,True,True,True,True,KF981442.1,KF981442.1,KF981442.1,3,True,shared_accession_all_three,True
Microtus_richardsoni,True,True,True,True,True,True,True,True,True,True,MT381944.1,MT381944.1,MT381944.1,3,True,shared_accession_all_three,True
Mus_musculus,True,True,True,True,True,True,True,True,True,True,AB089798.1,AB089798.1,AB089798.1,3,True,shared_accession_all_three,True
Myodes_glareolus,True,True,True,True,True,True,True,True,True,True,KM892809.1,KM892809.1,KM892809.1,3,True,shared_accession_all_three,True
Ochotona_cansus,True,True,True,True,True,True,True,True,True,True,KR732583.1,MN547412.1,AF273003.1,3,False,best_gene_specific_fallback,True
Ochotona_thibetana,True,True,True,True,True,True,True,True,True,True,MH345726.1,MH345726.1,MH345726.1,3,True,shared_accession_all_three,True
Odocoileus_virginianus,True,True,True,True,True,True,True,True,True,True,JN632671.1,JN632671.1,JN632671.1,3,True,shared_accession_all_three,True
Ovis_ammon,True,True,True,True,True,True,True,True,True,True,HM236188.1,HM236188.1,HM236188.1,3,True,shared_accession_all_three,True
Ovis_aries,True,True,True,True,True,True,True,True,True,True,HE577847.1,HE577847.1,HE577847.1,3,True,shared_accession_all_three,True
Pan_troglodytes,True,True,True,True,True,True,True,True,True,True,D38113.1,D38113.1,D38113.1,3,True,shared_accession_all_three,True
Papio_anubis,True,True,True,True,True,True,True,True,True,True,JX946197.2,JX946197.2,JX946197.2,3,True,shared_accession_all_three,True
Phoca_groenlandica,True,True,True,True,True,True,True,True,True,True,KP942532.1,KP942532.1,KP942532.1,3,True,shared_accession_all_three,True
Plecotus_macrobullaris,True,True,True,True,True,True,True,True,True,True,KR134369.1,KR134369.1,KR134369.1,3,True,shared_accession_all_three,True
Prionailurus_bengalensis,True,True,True,True,True,True,True,True,True,True,KP202258.1,KP202258.1,KP202258.1,3,True,shared_accession_all_three,True
Procyon_lotor,True,True,True,True,True,True,True,True,True,True,AB291073.1,AB291073.1,AB291073.1,3,True,shared_accession_all_three,True
Proechimys_guyannensis,True,True,True,True,True,True,True,True,True,True,KX688181.1,KX688181.1,KX688181.1,3,True,shared_accession_all_three,True
Rusa_unicolor,True,True,True,True,True,True,True,True,True,True,EF035448.1,EF035448.1,EF035448.1,3,True,shared_accession_all_three,True
Sicista_betulina,True,True,True,True,True,True,True,True,True,True,MZ570932.1,MZ570932.1,MZ570932.1,3,True,shared_accession_all_three,True
Spilogale_gracilis,True,True,True,True,True,True,True,True,True,True,MW205843.1,MW205843.1,MW205843.1,3,True,shared_accession_all_three,True
Stenella_attenuata,True,True,True,True,True,True,True,True,True,True,EU557096.1,EU557096.1,EU557096.1,3,True,shared_accession_all_three,True
Stenella_longirostris,True,True,True,True,True,True,True,True,True,True,KX857353.1,KX857353.1,KX857353.1,3,True,shared_accession_all_three,True
Stenocephalemys_albipes,True,True,True,True,True,True,True,True,True,True,MT408161.1,MT408161.1,MT408161.1,3,True,shared_accession_all_three,True
Sus_scrofa,True,True,True,True,True,True,True,True,True,True,AF304201.1,AF304201.1,AF304201.1,3,True,shared_accession_all_three,True
Syncerus_caffer,True,True,True,True,True,True,True,True,True,True,JQ235505.1,JQ235505.1,JQ235505.1,3,True,shared_accession_all_three,True
Trachypithecus_phayrei,True,True,True,True,True,True,True,True,True,True,KY425609.1,KY425609.1,KY425609.1,3,True,shared_accession_all_three,True
Tursiops_truncatus,True,True,True,True,True,True,True,True,True,True,KF570315.1,KF570315.1,KF570315.1,3,True,shared_accession_all_three,True
Urocyon_cinereoargenteus,True,True,True,True,True,True,True,True,True,True,KP129084.1,KP129084.1,KP129084.1,3,True,shared_accession_all_three,True
Ursus_arctos,True,True,True,True,True,True,True,True,True,True,AP012567.1,AP012567.1,AP012567.1,3,True,shared_accession_all_three,True
