Species,Class,Gene,Ratio,NumeratorMut,DenominatorMut,NumeratorValue,DenominatorValue,RatioValue
Apodemus_agrarius,Mammalia,CO1,A>G/T>C,A>G,T>C,0.1057967150537126,0.064395628215147,1.642917663606663
Apodemus_agrarius,Mammalia,Cytb,A>G/T>C,A>G,T>C,0.1559633742123872,0.0500398651061408,3.1167824669704727
Ateles_chamek,Mammalia,CO1,A>G/T>C,A>G,T>C,0.115404360614439,0.1149090492725924,1.0043104641886957
Ateles_chamek,Mammalia,Cytb,A>G/T>C,A>G,T>C,0.3293528380749413,0.1066916005885974,3.0869612627232503
Balaenoptera_musculus,Mammalia,CO1,A>G/T>C,A>G,T>C,0.2354380720500712,0.1027490853219676,2.2913884956962716
Balaenoptera_musculus,Mammalia,Cytb,A>G/T>C,A>G,T>C,0.2988580987844961,0.0454895717754147,6.569815610926832
Balaenoptera_physalus,Mammalia,CO1,A>G/T>C,A>G,T>C,0.175056111344345,0.0812321176806608,2.155011051571061
Balaenoptera_physalus,Mammalia,Cytb,A>G/T>C,A>G,T>C,0.2600797498587546,0.04308574627262,6.0363292355000775
Bison_bonasus,Mammalia,CO1,A>G/T>C,A>G,T>C,0.0644074356194266,0.0799555907477333,0.805540113169041
Bison_bonasus,Mammalia,Cytb,A>G/T>C,A>G,T>C,0.3112098900764767,0.0374013571165841,8.320818121823805
Bison_priscus,Mammalia,CO1,A>G/T>C,A>G,T>C,0.2697126120881246,0.1024132314364711,2.6335719350427147
Bison_priscus,Mammalia,Cytb,A>G/T>C,A>G,T>C,0.3050057700459186,0.0140194740356522,21.75586396966635
Bos_grunniens,Mammalia,CO1,A>G/T>C,A>G,T>C,0.1965615672050319,0.0541148402981875,3.632304301776078
Bos_grunniens,Mammalia,Cytb,A>G/T>C,A>G,T>C,0.321015339087897,0.0247694955840086,12.960108048996656
Bos_taurus,Mammalia,CO1,A>G/T>C,A>G,T>C,0.2618690039823549,0.077437717118774,3.3816725715286795
Bos_taurus,Mammalia,Cytb,A>G/T>C,A>G,T>C,0.2613413542393454,0.0492402404015725,5.307475189154426
Cacajao_calvus,Mammalia,CO1,A>G/T>C,A>G,T>C,0.2120946024706116,0.0595934574881171,3.5590249569410055
Cacajao_calvus,Mammalia,Cytb,A>G/T>C,A>G,T>C,0.1572723999812773,0.0951097757515099,1.6535881694451429
Camelus_dromedarius,Mammalia,CO1,A>G/T>C,A>G,T>C,0.1146620885313115,0.1214702114564878,0.9439523250717724
Camelus_dromedarius,Mammalia,Cytb,A>G/T>C,A>G,T>C,0.2731915100460404,0.1214244151620733,2.249889445062539
Canis_latrans,Mammalia,CO1,A>G/T>C,A>G,T>C,0.1696881731544939,0.1916004976145215,0.8856353468135938
Canis_latrans,Mammalia,Cytb,A>G/T>C,A>G,T>C,0.4717429234114103,0.1559000044350066,3.025932713222442
Canis_lupus,Mammalia,CO1,A>G/T>C,A>G,T>C,0.163316368500436,0.092400891614638,1.7674761103123777
Canis_lupus,Mammalia,Cytb,A>G/T>C,A>G,T>C,0.2511634022527309,0.0990167492234173,2.5365749150784196
Capra_hircus,Mammalia,CO1,A>G/T>C,A>G,T>C,0.1993012802476963,0.0962707025487669,2.0702173659399463
Capra_hircus,Mammalia,Cytb,A>G/T>C,A>G,T>C,0.3038103081386835,0.0665696031399725,4.563799298906396
Capreolus_capreolus,Mammalia,CO1,A>G/T>C,A>G,T>C,0.0967602135439506,0.0610359773534358,1.5852980117554198
Capreolus_capreolus,Mammalia,Cytb,A>G/T>C,A>G,T>C,0.1983172965103372,0.0441110929182187,4.4958599615297326
Cervus_elaphus,Mammalia,CO1,A>G/T>C,A>G,T>C,0.1649667088555244,0.0421510997884366,3.9136988046224137
Cervus_elaphus,Mammalia,Cytb,A>G/T>C,A>G,T>C,0.1617641605687889,0.0584805053218017,2.76612111469705
Cricetulus_kamensis,Mammalia,CO1,A>G/T>C,A>G,T>C,0.1973059549611302,0.0668588871094852,2.9510804545404796
Cricetulus_kamensis,Mammalia,Cytb,A>G/T>C,A>G,T>C,0.1494373594961363,0.0597460393234775,2.5012094724313236
Crocidura_leucodon,Mammalia,CO1,A>G/T>C,A>G,T>C,0.1448272963622522,0.1512145708450014,0.9577601917126339
Crocidura_leucodon,Mammalia,Cytb,A>G/T>C,A>G,T>C,0.0846870579173969,0.0147085696899496,5.757667788409349
Crocidura_suaveolens,Mammalia,CO1,A>G/T>C,A>G,T>C,0.1258098331791095,0.068873257327195,1.8266862649086986
Crocidura_suaveolens,Mammalia,Cytb,A>G/T>C,A>G,T>C,0.1898465505244954,0.0606034257706331,3.132604272950033
Crocuta_crocuta,Mammalia,CO1,A>G/T>C,A>G,T>C,0.214424364833748,0.1628182134518083,1.3169556420493111
Crocuta_crocuta,Mammalia,Cytb,A>G/T>C,A>G,T>C,0.3089586822704376,0.0473308150155055,6.52764340037718
Delphinapterus_leucas,Mammalia,CO1,A>G/T>C,A>G,T>C,0.4234561189767848,0.1010564542220314,4.190292665982603
Delphinapterus_leucas,Mammalia,Cytb,A>G/T>C,A>G,T>C,0.2118405657885946,0.0397170148445588,5.333748435467238
Dicrostonyx_torquatus,Mammalia,CO1,A>G/T>C,A>G,T>C,0.2092160977077487,0.1208780383983957,1.7308032168606522
Dicrostonyx_torquatus,Mammalia,Cytb,A>G/T>C,A>G,T>C,0.1239785062400342,0.0507869619132406,2.441148309911248
Dipodomys_merriami,Mammalia,CO1,A>G/T>C,A>G,T>C,0.3355718994454696,0.1156526281507736,2.9015501403737445
Dipodomys_merriami,Mammalia,Cytb,A>G/T>C,A>G,T>C,0.1728265480779926,0.0375457723633441,4.603089434557031
Eospalax_fontanierii,Mammalia,CO1,A>G/T>C,A>G,T>C,0.1581775358050489,0.0357449418864805,4.425172554690179
Eospalax_fontanierii,Mammalia,Cytb,A>G/T>C,A>G,T>C,0.2441717680257928,0.0462244495292743,5.282307750818253
Eothenomys_cachinus,Mammalia,CO1,A>G/T>C,A>G,T>C,0.1601082426107785,0.0303481450449434,5.275717589120186
Eothenomys_cachinus,Mammalia,Cytb,A>G/T>C,A>G,T>C,0.3237671429784273,0.1097778371324986,2.9492942422216784
Eothenomys_custos,Mammalia,CO1,A>G/T>C,A>G,T>C,0.1277248480335085,0.0742962601543744,1.7191289005411443
Eothenomys_custos,Mammalia,Cytb,A>G/T>C,A>G,T>C,0.2024288590309053,0.0577290054826361,3.506536399484527
Eothenomys_eleusis,Mammalia,CO1,A>G/T>C,A>G,T>C,0.0903443360203475,0.1220360299726182,0.7403087108013796
Eothenomys_eleusis,Mammalia,Cytb,A>G/T>C,A>G,T>C,0.1392928652443581,0.0495876640300628,2.8090225254392105
Eothenomys_melanogaster,Mammalia,CO1,A>G/T>C,A>G,T>C,0.111303868544195,0.0700195859708586,1.5896104925630161
Eothenomys_melanogaster,Mammalia,Cytb,A>G/T>C,A>G,T>C,0.1206528370626308,0.0416714194333407,2.8953378287397196
Eothenomys_miletus,Mammalia,CO1,A>G/T>C,A>G,T>C,0.1945069548434967,0.0660514230552543,2.9447806852062053
Eothenomys_miletus,Mammalia,Cytb,A>G/T>C,A>G,T>C,0.2552464333706317,0.0969113655328119,2.633813195875475
Equus_asinus,Mammalia,CO1,A>G/T>C,A>G,T>C,0.1486229980424939,0.0456392981439415,3.2564698425850622
Equus_asinus,Mammalia,Cytb,A>G/T>C,A>G,T>C,0.1641253101694553,0.0497131700210528,3.3014452729518284
Equus_caballus,Mammalia,CO1,A>G/T>C,A>G,T>C,0.2115949598360158,0.0876065382984642,2.415287305556339
Equus_caballus,Mammalia,Cytb,A>G/T>C,A>G,T>C,0.2461171990638476,0.0624483395523437,3.9411327959737688
Felis_catus,Mammalia,CO1,A>G/T>C,A>G,T>C,0.1358845281099309,0.0727269391893034,1.8684208303642822
Felis_catus,Mammalia,Cytb,A>G/T>C,A>G,T>C,0.3677972969237475,0.0937339123749443,3.923844504137674
Geomys_bursarius,Mammalia,CO1,A>G/T>C,A>G,T>C,0.2183164295205572,0.13666008114314,1.5975142682074732
Geomys_bursarius,Mammalia,Cytb,A>G/T>C,A>G,T>C,0.2234866282492828,0.0924110281950313,2.4183978104606685
Guerlinguetus_brasiliensis,Mammalia,CO1,A>G/T>C,A>G,T>C,0.1969782420997889,0.0269819586494052,7.300368541041077
Guerlinguetus_brasiliensis,Mammalia,Cytb,A>G/T>C,A>G,T>C,0.1193352858300144,0.0317625289828975,3.757109073218646
Hadrosciurus_spadiceus,Mammalia,CO1,A>G/T>C,A>G,T>C,0.3412233280771543,0.1677601413093318,2.033995235185066
Hadrosciurus_spadiceus,Mammalia,Cytb,A>G/T>C,A>G,T>C,0.2309839504476648,0.137479545873082,1.6801332080402995
Helarctos_malayanus,Mammalia,CO1,A>G/T>C,A>G,T>C,0.27596512932799,0.1032272870396329,2.6733738456386678
Helarctos_malayanus,Mammalia,Cytb,A>G/T>C,A>G,T>C,0.2031409689950421,0.0598341761363679,3.395065865569271
Hipposideros_pomona,Mammalia,CO1,A>G/T>C,A>G,T>C,0.2247203271488042,0.2136900868222855,1.0516179317934011
Hipposideros_pomona,Mammalia,Cytb,A>G/T>C,A>G,T>C,0.2408615848406164,0.1187122291860679,2.028953432110969
Hippotragus_equinus,Mammalia,CO1,A>G/T>C,A>G,T>C,0.2401071639971288,0.1061994389184473,2.2609080277863987
Hippotragus_equinus,Mammalia,Cytb,A>G/T>C,A>G,T>C,0.1790433009106065,0.0778065209953045,2.301134900009364
Hippotragus_niger,Mammalia,CO1,A>G/T>C,A>G,T>C,0.2106034237254896,0.1153400460658485,1.8259349714951087
Hippotragus_niger,Mammalia,Cytb,A>G/T>C,A>G,T>C,0.2340050093948504,0.0629083629823073,3.719775850162613
Homo_sapiens,Mammalia,CO1,A>G/T>C,A>G,T>C,0.2356920182865464,0.1374214138106406,1.7151040129110988
Homo_sapiens,Mammalia,Cytb,A>G/T>C,A>G,T>C,0.2060311278381613,0.0877043302549049,2.3491557057599093
Hylomyscus_aeta,Mammalia,CO1,A>G/T>C,A>G,T>C,0.1516341896956072,0.0678344768321818,2.2353557774277615
Hylomyscus_aeta,Mammalia,Cytb,A>G/T>C,A>G,T>C,0.1634008908104278,0.0594833232349297,2.7470033939609446
Hylomyscus_stella,Mammalia,CO1,A>G/T>C,A>G,T>C,0.0990763223098018,0.0416517894053172,2.3786810536681022
Hylomyscus_stella,Mammalia,Cytb,A>G/T>C,A>G,T>C,0.2226479199210576,0.0229647167837753,9.695217320440005
Hylomyscus_walterverheyeni,Mammalia,CO1,A>G/T>C,A>G,T>C,0.2432564755265613,0.105902921660782,2.2969760579952356
Hylomyscus_walterverheyeni,Mammalia,Cytb,A>G/T>C,A>G,T>C,0.1713825965050262,0.0403305433906763,4.249449228711528
Lasiopodomys_anglicus,Mammalia,CO1,A>G/T>C,A>G,T>C,0.2338325855980186,0.1304533438848689,1.7924614167375168
Lasiopodomys_anglicus,Mammalia,Cytb,A>G/T>C,A>G,T>C,0.1942976661488841,0.0501795662612001,3.872047540975243
Lasiopodomys_gregalis,Mammalia,CO1,A>G/T>C,A>G,T>C,0.1495319402532527,0.1095832818652302,1.364550666014483
Lasiopodomys_gregalis,Mammalia,Cytb,A>G/T>C,A>G,T>C,0.1775265509201983,0.0478814394705561,3.707627692132467
Lepus_europaeus,Mammalia,CO1,A>G/T>C,A>G,T>C,0.1462930062931203,0.1102029836192348,1.3274868019778945
Lepus_europaeus,Mammalia,Cytb,A>G/T>C,A>G,T>C,0.1500920727717588,0.0260602482461253,5.75942605589242
Lutra_lutra,Mammalia,CO1,A>G/T>C,A>G,T>C,0.2742788631356241,0.1482868006627947,1.8496512293048677
Lutra_lutra,Mammalia,Cytb,A>G/T>C,A>G,T>C,0.3271163379440616,0.1263766034222368,2.588424827743893
Macaca_fascicularis,Mammalia,CO1,A>G/T>C,A>G,T>C,0.1743518130779439,0.1045894614005921,1.667011291033925
Macaca_fascicularis,Mammalia,Cytb,A>G/T>C,A>G,T>C,0.2796347538415216,0.0689923735417187,4.0531255773137085
Macaca_mulatta,Mammalia,CO1,A>G/T>C,A>G,T>C,0.2241421654035434,0.1091582212155541,2.05336953009642
Macaca_mulatta,Mammalia,Cytb,A>G/T>C,A>G,T>C,0.3665821949883739,0.1204072178672235,3.0445201000542563
Mammuthus_primigenius,Mammalia,CO1,A>G/T>C,A>G,T>C,0.1777648851528904,0.0906991445198478,1.959940042367102
Mammuthus_primigenius,Mammalia,Cytb,A>G/T>C,A>G,T>C,0.2212931196732242,0.0453293045081835,4.88189973515418
Manis_javanica,Mammalia,CO1,A>G/T>C,A>G,T>C,0.1410999154910644,0.1563487021124674,0.9024693750867597
Manis_javanica,Mammalia,Cytb,A>G/T>C,A>G,T>C,0.2116578593613766,0.1017858523044637,2.0794428161613436
Martes_americana,Mammalia,CO1,A>G/T>C,A>G,T>C,0.2013093013002913,0.2013653631334006,0.9997215914781126
Martes_americana,Mammalia,Cytb,A>G/T>C,A>G,T>C,0.3920937328282114,0.0820247932386839,4.780185567639995
Martes_zibellina,Mammalia,CO1,A>G/T>C,A>G,T>C,0.0938119363880363,0.2381819171802666,0.3938667447916933
Martes_zibellina,Mammalia,Cytb,A>G/T>C,A>G,T>C,0.2559058628189375,0.1013571933792635,2.5247923140627617
Mesoplodon_densirostris,Mammalia,CO1,A>G/T>C,A>G,T>C,0.309737909737692,0.2040283978277562,1.5181117581444585
Mesoplodon_densirostris,Mammalia,Cytb,A>G/T>C,A>G,T>C,0.0747860984388086,0.0870724335837587,0.8588952365373899
Mesoplodon_grayi,Mammalia,CO1,A>G/T>C,A>G,T>C,0.195655206539811,0.087074219461141,2.246993515998463
Mesoplodon_grayi,Mammalia,Cytb,A>G/T>C,A>G,T>C,0.2184746527637506,0.0160592993001952,13.604245657286869
Microtus_richardsoni,Mammalia,CO1,A>G/T>C,A>G,T>C,0.1669983490131392,0.0583534841261568,2.86184023994349
Microtus_richardsoni,Mammalia,Cytb,A>G/T>C,A>G,T>C,0.178525800139653,0.068152983533809,2.6194862041672877
Muntiacus_muntjak,Mammalia,CO1,A>G/T>C,A>G,T>C,0.1201289242938147,0.0633439010525349,1.896456048612866
Muntiacus_muntjak,Mammalia,Cytb,A>G/T>C,A>G,T>C,0.1727841989651058,0.1732640369559402,0.9972305967281807
Mus_musculus,Mammalia,CO1,A>G/T>C,A>G,T>C,0.1746417849168819,0.0784806650991822,2.225284211036863
Mus_musculus,Mammalia,Cytb,A>G/T>C,A>G,T>C,0.2084919303182346,0.0584449905424141,3.567319087286531
Mustela_sibirica,Mammalia,CO1,A>G/T>C,A>G,T>C,0.2828609897380379,0.1162236307797603,2.4337648707090347
Mustela_sibirica,Mammalia,Cytb,A>G/T>C,A>G,T>C,0.1832507991505121,0.0615444648031588,2.9775350185693163
Myodes_glareolus,Mammalia,CO1,A>G/T>C,A>G,T>C,0.2163351744845829,0.0633843455070246,3.413069469347245
Myodes_glareolus,Mammalia,Cytb,A>G/T>C,A>G,T>C,0.2543939791645923,0.0362721779240039,7.013474065372886
Myodes_rufocanus,Mammalia,CO1,A>G/T>C,A>G,T>C,0.1235990245619534,0.0828064219548225,1.492626074694865
Myodes_rufocanus,Mammalia,Cytb,A>G/T>C,A>G,T>C,0.3039279471857308,0.1068293813780931,2.8449846218809576
Myodes_rutilus,Mammalia,CO1,A>G/T>C,A>G,T>C,0.2703300339302422,0.1350593440847623,2.001564836273638
Myodes_rutilus,Mammalia,Cytb,A>G/T>C,A>G,T>C,0.2251873818881549,0.0519374706863908,4.335740245186042
Ochotona_cansus,Mammalia,CO1,A>G/T>C,A>G,T>C,0.1843543347028767,0.063184631935801,2.917708453064832
Ochotona_cansus,Mammalia,Cytb,A>G/T>C,A>G,T>C,0.2423402283653135,0.042737917384366,5.670379915469728
Ochotona_curzoniae,Mammalia,CO1,A>G/T>C,A>G,T>C,0.2922184925381391,0.073303347137054,3.986427686470895
Ochotona_curzoniae,Mammalia,Cytb,A>G/T>C,A>G,T>C,0.2499119162670775,0.0670388708776632,3.7278658335867956
Ochotona_hyperborea,Mammalia,CO1,A>G/T>C,A>G,T>C,0.1388457240786417,0.1946535118358049,0.7132967844718956
Ochotona_hyperborea,Mammalia,Cytb,A>G/T>C,A>G,T>C,0.280228056763504,0.0837432190354533,3.346277585112502
Ochotona_thibetana,Mammalia,CO1,A>G/T>C,A>G,T>C,0.2432354790587509,0.1077935265511048,2.2564943076004957
Ochotona_thibetana,Mammalia,Cytb,A>G/T>C,A>G,T>C,0.2377228599257545,0.057506472481983,4.133845281506947
Odocoileus_virginianus,Mammalia,CO1,A>G/T>C,A>G,T>C,0.088994192511764,0.1240298296140046,0.7175224926836099
Odocoileus_virginianus,Mammalia,Cytb,A>G/T>C,A>G,T>C,0.2083012095063177,0.0430361452940816,4.840145605116814
Oligoryzomys_nigripes,Mammalia,CO1,A>G/T>C,A>G,T>C,0.1741425736368211,0.06059368012408,2.873939547494436
Oligoryzomys_nigripes,Mammalia,Cytb,A>G/T>C,A>G,T>C,0.1618832394675117,0.0354101687558992,4.571659643405189
Ovis_ammon,Mammalia,CO1,A>G/T>C,A>G,T>C,0.1551761222664938,0.0552884714493278,2.8066632735309676
Ovis_ammon,Mammalia,Cytb,A>G/T>C,A>G,T>C,0.1538403078071226,0.0288424564458388,5.333814340536785
Ovis_aries,Mammalia,CO1,A>G/T>C,A>G,T>C,0.1921806535241136,0.0682537187768266,2.815680331682711
Ovis_aries,Mammalia,Cytb,A>G/T>C,A>G,T>C,0.3078427636699982,0.0592518082362252,5.195499898377618
Ovis_orientalis,Mammalia,CO1,A>G/T>C,A>G,T>C,0.1486894466985985,0.1174639446407283,1.26583052487617
Ovis_orientalis,Mammalia,Cytb,A>G/T>C,A>G,T>C,0.4254304674410383,0.0911683023082498,4.666429632555976
Ovis_vignei,Mammalia,CO1,A>G/T>C,A>G,T>C,0.2462277735710158,0.0659338378725599,3.734467483099296
Ovis_vignei,Mammalia,Cytb,A>G/T>C,A>G,T>C,0.404246731514954,0.0390949581878295,10.340124411254607
Pan_troglodytes,Mammalia,CO1,A>G/T>C,A>G,T>C,0.2055195093111415,0.0969445280108984,2.1199701883951327
Pan_troglodytes,Mammalia,Cytb,A>G/T>C,A>G,T>C,0.3034671363990189,0.0613633441817554,4.945413918448825
Panthera_leo,Mammalia,CO1,A>G/T>C,A>G,T>C,0.2096302496111533,0.092203540217716,2.273559660682909
Panthera_leo,Mammalia,Cytb,A>G/T>C,A>G,T>C,0.2146536062702801,0.0556633564441139,3.8562821213591865
Panthera_spelaea,Mammalia,CO1,A>G/T>C,A>G,T>C,0.1604304810565951,0.1716735712033427,0.9345089050810829
Panthera_spelaea,Mammalia,Cytb,A>G/T>C,A>G,T>C,0.2489985715865153,0.1007593535725863,2.4712204153546757
Panthera_tigris,Mammalia,CO1,A>G/T>C,A>G,T>C,0.2104323487159245,0.2851100891442278,0.7380740167685673
Panthera_tigris,Mammalia,Cytb,A>G/T>C,A>G,T>C,0.0836387614461813,0.034643979459436,2.4142365499353904
Papio_anubis,Mammalia,CO1,A>G/T>C,A>G,T>C,0.2649137087379228,0.1175007091734997,2.2545711477090356
Papio_anubis,Mammalia,Cytb,A>G/T>C,A>G,T>C,0.4841243269732431,0.0632535908379263,7.653705039666561
Papio_hamadryas,Mammalia,CO1,A>G/T>C,A>G,T>C,0.1764519819254352,0.0973735313442434,1.8121144369472109
Papio_hamadryas,Mammalia,Cytb,A>G/T>C,A>G,T>C,0.232573001205698,0.0310019170405191,7.501890960540541
Phoca_groenlandica,Mammalia,CO1,A>G/T>C,A>G,T>C,0.2220847476013258,0.1197553891339242,1.854486459502588
Phoca_groenlandica,Mammalia,Cytb,A>G/T>C,A>G,T>C,0.2190344155150184,0.0293080889434531,7.473514084716423
Phocoena_phocoena,Mammalia,CO1,A>G/T>C,A>G,T>C,0.1550090340101624,0.1561232913994899,0.992862965036547
Phocoena_phocoena,Mammalia,Cytb,A>G/T>C,A>G,T>C,0.3602674864678369,0.0595854652466866,6.046230988988888
Plecotus_macrobullaris,Mammalia,CO1,A>G/T>C,A>G,T>C,0.1573192899254828,0.1647898855853359,0.9546659333288725
Plecotus_macrobullaris,Mammalia,Cytb,A>G/T>C,A>G,T>C,0.1290681022314939,0.0622280789496047,2.0741135579007586
Prionailurus_bengalensis,Mammalia,CO1,A>G/T>C,A>G,T>C,0.1815715843605596,0.0505184409347199,3.594164447695189
Prionailurus_bengalensis,Mammalia,Cytb,A>G/T>C,A>G,T>C,0.2710648859637716,0.0376663499678045,7.196473409169343
Procyon_lotor,Mammalia,CO1,A>G/T>C,A>G,T>C,0.1340985064221046,0.0527001633054089,2.5445558042197063
Procyon_lotor,Mammalia,Cytb,A>G/T>C,A>G,T>C,0.1556558661534473,0.0362013350761193,4.299727229013932
Proechimys_guyannensis,Mammalia,CO1,A>G/T>C,A>G,T>C,0.063175730563655,0.0539839694001568,1.1702683456891463
Proechimys_guyannensis,Mammalia,Cytb,A>G/T>C,A>G,T>C,0.1383003149528192,0.0448410180014927,3.0842367349513644
Propithecus_diadema,Mammalia,CO1,A>G/T>C,A>G,T>C,0.1384200104325954,0.0564457591567453,2.4522659009371144
Propithecus_diadema,Mammalia,Cytb,A>G/T>C,A>G,T>C,0.8477809548543336,0.0199832568089077,42.42456387171226
Rattus_norvegicus,Mammalia,CO1,A>G/T>C,A>G,T>C,0.1724449855629471,0.1066565652989401,1.6168248534875778
Rattus_norvegicus,Mammalia,Cytb,A>G/T>C,A>G,T>C,0.1484576793000467,0.0396560226777082,3.743635122124818
Rusa_unicolor,Mammalia,CO1,A>G/T>C,A>G,T>C,0.1861601879563096,0.073517583999692,2.5321858775594355
Rusa_unicolor,Mammalia,Cytb,A>G/T>C,A>G,T>C,0.204799125655671,0.0391231055105369,5.234735918407936
Sciurus_anomalus,Mammalia,CO1,A>G/T>C,A>G,T>C,0.1850003103080071,0.1969969211079379,0.9391025467176837
Sciurus_anomalus,Mammalia,Cytb,A>G/T>C,A>G,T>C,0.3183545658782004,0.1517085069291795,2.0984621912257992
Sicista_betulina,Mammalia,CO1,A>G/T>C,A>G,T>C,0.206515510385493,0.0340988171379077,6.056383409144988
Sicista_betulina,Mammalia,Cytb,A>G/T>C,A>G,T>C,0.2049607746083558,0.066482308805668,3.0829370743947706
Spilogale_gracilis,Mammalia,CO1,A>G/T>C,A>G,T>C,0.1555363979775691,0.0976531223307537,1.5927437266241546
Spilogale_gracilis,Mammalia,Cytb,A>G/T>C,A>G,T>C,0.2701225791227102,0.0916899307458522,2.9460440958499667
Stenella_attenuata,Mammalia,CO1,A>G/T>C,A>G,T>C,0.1108669092486514,0.1143771519773988,0.9693099306280941
Stenella_attenuata,Mammalia,Cytb,A>G/T>C,A>G,T>C,0.2166362775433674,0.0297607792374035,7.279254209550326
Stenella_longirostris,Mammalia,CO1,A>G/T>C,A>G,T>C,0.1062447230042223,0.0513070912967513,2.070760986814109
Stenella_longirostris,Mammalia,Cytb,A>G/T>C,A>G,T>C,0.2402134229763923,0.035726029401444,6.723764913172332
Stenocephalemys_albipes,Mammalia,CO1,A>G/T>C,A>G,T>C,0.1112707783363659,0.0756065267232868,1.4717086362610876
Stenocephalemys_albipes,Mammalia,Cytb,A>G/T>C,A>G,T>C,0.143878103775465,0.0447840866142507,3.2127060001192858
Suncus_murinus,Mammalia,CO1,A>G/T>C,A>G,T>C,0.0990631881604033,0.0486740292417656,2.0352370597542477
Suncus_murinus,Mammalia,Cytb,A>G/T>C,A>G,T>C,0.2058663560020773,0.0885653066045154,2.3244582319504037
Sus_scrofa,Mammalia,CO1,A>G/T>C,A>G,T>C,0.2459817699285438,0.0879156790813482,2.797928338822673
Sus_scrofa,Mammalia,Cytb,A>G/T>C,A>G,T>C,0.2186794977234673,0.0395483337075388,5.529423801786674
Symphalangus_syndactylus,Mammalia,CO1,A>G/T>C,A>G,T>C,0.222203798048243,0.0406973611494225,5.459906779518458
Symphalangus_syndactylus,Mammalia,Cytb,A>G/T>C,A>G,T>C,0.2313846313916157,0.0375867272264788,6.156019650165542
Syncerus_caffer,Mammalia,CO1,A>G/T>C,A>G,T>C,0.1940202833009675,0.12314750771001,1.5755112458942329
Syncerus_caffer,Mammalia,Cytb,A>G/T>C,A>G,T>C,0.2633952303421548,0.107051925843828,2.4604436423349094
Taphozous_melanopogon,Mammalia,CO1,A>G/T>C,A>G,T>C,0.1645964826760969,0.0469358152617319,3.5068418809441044
Taphozous_melanopogon,Mammalia,Cytb,A>G/T>C,A>G,T>C,0.220255347165054,0.3534067446540005,0.6232347019316026
Theropithecus_gelada,Mammalia,CO1,A>G/T>C,A>G,T>C,0.2420348561503493,0.1014955738367497,2.3846838536983856
Theropithecus_gelada,Mammalia,Cytb,A>G/T>C,A>G,T>C,0.2651463997738174,0.034074549808064,7.7813617866513525
Thomomys_umbrinus,Mammalia,CO1,A>G/T>C,A>G,T>C,0.1003426071082093,0.1011750230675359,0.9917725152504197
Thomomys_umbrinus,Mammalia,Cytb,A>G/T>C,A>G,T>C,0.1608540653385712,0.068677306956036,2.34217199928271
Trachypithecus_phayrei,Mammalia,CO1,A>G/T>C,A>G,T>C,0.1194485842988552,0.0926708472205533,1.2889553498369541
Trachypithecus_phayrei,Mammalia,Cytb,A>G/T>C,A>G,T>C,0.2443240918931784,0.0514070513829858,4.752734991021921
Tursiops_truncatus,Mammalia,CO1,A>G/T>C,A>G,T>C,0.2858547864520701,0.1621408716764251,1.7630026500815505
Tursiops_truncatus,Mammalia,Cytb,A>G/T>C,A>G,T>C,0.2528934097102164,0.0704427525428317,3.5900557627478884
Urocyon_cinereoargenteus,Mammalia,CO1,A>G/T>C,A>G,T>C,0.1998686727273142,0.1984257318855329,1.0072719441579971
Urocyon_cinereoargenteus,Mammalia,Cytb,A>G/T>C,A>G,T>C,0.2283888702387102,0.1895748806839278,1.204742260233811
Ursus_arctos,Mammalia,CO1,A>G/T>C,A>G,T>C,0.2694648957482186,0.1916154376304695,1.4062796770471166
Ursus_arctos,Mammalia,Cytb,A>G/T>C,A>G,T>C,0.3631769589861155,0.0667655149227883,5.439588976526511
Ziphius_cavirostris,Mammalia,CO1,A>G/T>C,A>G,T>C,0.1765592527956586,0.1233356001712827,1.4315351978703748
Ziphius_cavirostris,Mammalia,Cytb,A>G/T>C,A>G,T>C,0.1643158850589859,0.0390969498435467,4.202780158465679
Apodemus_agrarius,Mammalia,CO1,C>T/G>A,C>T,G>A,0.5967482633687056,0.2193904511525627,2.720028425274219
Apodemus_agrarius,Mammalia,Cytb,C>T/G>A,C>T,G>A,0.5884788677857676,0.1132626089214676,5.195702918990667
Ateles_chamek,Mammalia,CO1,C>T/G>A,C>T,G>A,0.6179567345613438,0.0678198372124447,9.111740162772774
Ateles_chamek,Mammalia,Cytb,C>T/G>A,C>T,G>A,0.3312365679517421,0.2096559278442643,1.5799055688889934
Balaenoptera_musculus,Mammalia,CO1,C>T/G>A,C>T,G>A,0.6052785173671853,0.0565343252607758,10.706389694671651
Balaenoptera_musculus,Mammalia,Cytb,C>T/G>A,C>T,G>A,0.4312855583417796,0.111317789517823,3.874363299971267
Balaenoptera_physalus,Mammalia,CO1,C>T/G>A,C>T,G>A,0.59004137660768,0.1084686996869711,5.439738637141178
Balaenoptera_physalus,Mammalia,Cytb,C>T/G>A,C>T,G>A,0.5640969044726737,0.1207679549612159,4.670915431612889
Bison_bonasus,Mammalia,CO1,C>T/G>A,C>T,G>A,0.5484796745572194,0.1031246208189797,5.31861033962002
Bison_bonasus,Mammalia,Cytb,C>T/G>A,C>T,G>A,0.5274589743027461,0.1105365458496552,4.7718061953931725
Bison_priscus,Mammalia,CO1,C>T/G>A,C>T,G>A,0.3890177026035306,0.1889164532281129,2.059204986946263
Bison_priscus,Mammalia,Cytb,C>T/G>A,C>T,G>A,0.6087094189511774,0.056223535115026,10.826594551655948
Bos_grunniens,Mammalia,CO1,C>T/G>A,C>T,G>A,0.6040242389293626,0.107631592470717,5.6119604389733215
Bos_grunniens,Mammalia,Cytb,C>T/G>A,C>T,G>A,0.3705655906779475,0.1779848365341335,2.0820065231055866
Bos_taurus,Mammalia,CO1,C>T/G>A,C>T,G>A,0.4129859081083585,0.191075886611727,2.161371146467898
Bos_taurus,Mammalia,Cytb,C>T/G>A,C>T,G>A,0.4556134167562694,0.1225585409460781,3.717516651546341
Cacajao_calvus,Mammalia,CO1,C>T/G>A,C>T,G>A,0.1098806631091324,0.1492594726057579,0.7361721248966385
Cacajao_calvus,Mammalia,Cytb,C>T/G>A,C>T,G>A,0.6020265893751711,0.0894888460410083,6.727392474133504
Camelus_dromedarius,Mammalia,CO1,C>T/G>A,C>T,G>A,0.484780361444621,0.2211249893063644,2.192336392939141
Camelus_dromedarius,Mammalia,Cytb,C>T/G>A,C>T,G>A,0.4486034236174379,0.1063016687151713,4.220097662054984
Canis_latrans,Mammalia,CO1,C>T/G>A,C>T,G>A,0.457372708709211,0.1588302196084871,2.8796327917736586
Canis_latrans,Mammalia,Cytb,C>T/G>A,C>T,G>A,0.1234119445045341,0.0969202676857359,1.2733347467084748
Canis_lupus,Mammalia,CO1,C>T/G>A,C>T,G>A,0.4925044756903474,0.1985986851631424,2.4798979675307056
Canis_lupus,Mammalia,Cytb,C>T/G>A,C>T,G>A,0.467301940852256,0.1361722856342099,3.4316963887022984
Capra_hircus,Mammalia,CO1,C>T/G>A,C>T,G>A,0.3985409802849682,0.2400234539320673,1.6604251532759184
Capra_hircus,Mammalia,Cytb,C>T/G>A,C>T,G>A,0.3657034588209681,0.1438077108165558,2.5430031306698657
Capreolus_capreolus,Mammalia,CO1,C>T/G>A,C>T,G>A,0.6370757089667743,0.1293041597497139,4.926954478494138
Capreolus_capreolus,Mammalia,Cytb,C>T/G>A,C>T,G>A,0.3889212971761014,0.1855777180452847,2.095732727358986
Cervus_elaphus,Mammalia,CO1,C>T/G>A,C>T,G>A,0.5847406926070227,0.1904189400577426,3.070811613748643
Cervus_elaphus,Mammalia,Cytb,C>T/G>A,C>T,G>A,0.5492886821132243,0.0919160665984575,5.975981158036655
Cricetulus_kamensis,Mammalia,CO1,C>T/G>A,C>T,G>A,0.4260562045094067,0.1273956493315582,3.344354432391632
Cricetulus_kamensis,Mammalia,Cytb,C>T/G>A,C>T,G>A,0.6741334340774818,0.0668013572258671,10.091612836519452
Crocidura_leucodon,Mammalia,CO1,C>T/G>A,C>T,G>A,0.4511031985526432,0.2528549342401032,1.784039532027837
Crocidura_leucodon,Mammalia,Cytb,C>T/G>A,C>T,G>A,0.5503975934047433,0.1052481689812953,5.229521793415332
Crocidura_suaveolens,Mammalia,CO1,C>T/G>A,C>T,G>A,0.5610226825915983,0.2012201168323699,2.78810434773263
Crocidura_suaveolens,Mammalia,Cytb,C>T/G>A,C>T,G>A,0.5477473742128984,0.1629252000746515,3.3619561244173606
Crocuta_crocuta,Mammalia,CO1,C>T/G>A,C>T,G>A,0.4266391279831949,0.1961182937312487,2.175417294665235
Crocuta_crocuta,Mammalia,Cytb,C>T/G>A,C>T,G>A,0.5615905342085795,0.0657635076327411,8.539546542207026
Delphinapterus_leucas,Mammalia,CO1,C>T/G>A,C>T,G>A,0.3652741948121527,0.110213231989031,3.314249915550128
Delphinapterus_leucas,Mammalia,Cytb,C>T/G>A,C>T,G>A,0.663926824281064,0.0845155950857825,7.8556723597246725
Dicrostonyx_torquatus,Mammalia,CO1,C>T/G>A,C>T,G>A,0.5091071984720857,0.1186958761440732,4.289173432227172
Dicrostonyx_torquatus,Mammalia,Cytb,C>T/G>A,C>T,G>A,0.5643289347389546,0.0774116459382861,7.289974627187844
Dipodomys_merriami,Mammalia,CO1,C>T/G>A,C>T,G>A,0.0,0.5487754724037568,0.0
Dipodomys_merriami,Mammalia,Cytb,C>T/G>A,C>T,G>A,0.497903231495256,0.1022887438993164,4.867624848197823
Eospalax_fontanierii,Mammalia,CO1,C>T/G>A,C>T,G>A,0.4986404428570852,0.2385119833509114,2.0906305664460434
Eospalax_fontanierii,Mammalia,Cytb,C>T/G>A,C>T,G>A,0.5203173379213931,0.1391214789745344,3.7400216110169087
Eothenomys_cachinus,Mammalia,CO1,C>T/G>A,C>T,G>A,0.6337309031200015,0.0531979244629714,11.912699781381736
Eothenomys_cachinus,Mammalia,Cytb,C>T/G>A,C>T,G>A,0.28613946843296,0.1666709350152973,1.7167928433754673
Eothenomys_custos,Mammalia,CO1,C>T/G>A,C>T,G>A,0.5281277707568833,0.1170459300172272,4.512141265220857
Eothenomys_custos,Mammalia,Cytb,C>T/G>A,C>T,G>A,0.4817239199268063,0.1202288978582887,4.00672324630809
Eothenomys_eleusis,Mammalia,CO1,C>T/G>A,C>T,G>A,0.5979086605322766,0.062132479078143,9.623125769378953
Eothenomys_eleusis,Mammalia,Cytb,C>T/G>A,C>T,G>A,0.6075138558450416,0.0440319425812439,13.79711682545257
Eothenomys_melanogaster,Mammalia,CO1,C>T/G>A,C>T,G>A,0.668869672018848,0.0919000003193336,7.278233620181322
Eothenomys_melanogaster,Mammalia,Cytb,C>T/G>A,C>T,G>A,0.6616040471231408,0.0644672082625927,10.262644605738863
Eothenomys_miletus,Mammalia,CO1,C>T/G>A,C>T,G>A,0.5237059018603123,0.1171095614616301,4.471931201210244
Eothenomys_miletus,Mammalia,Cytb,C>T/G>A,C>T,G>A,0.5210814207583079,0.0653415813084104,7.974729266174603
Equus_asinus,Mammalia,CO1,C>T/G>A,C>T,G>A,0.421550629358453,0.0959204434085078,4.394794418986839
Equus_asinus,Mammalia,Cytb,C>T/G>A,C>T,G>A,0.5841360168464877,0.053231724854237,10.97345649508844
Equus_caballus,Mammalia,CO1,C>T/G>A,C>T,G>A,0.5563676210613493,0.0943226894175017,5.898555527808291
Equus_caballus,Mammalia,Cytb,C>T/G>A,C>T,G>A,0.4769960904388042,0.1420759210210215,3.3573323826507377
Felis_catus,Mammalia,CO1,C>T/G>A,C>T,G>A,0.2551795884586285,0.2605392133606354,0.9794287207945616
Felis_catus,Mammalia,Cytb,C>T/G>A,C>T,G>A,0.2810752977286648,0.1636770137452962,1.7172557789089211
Geomys_bursarius,Mammalia,CO1,C>T/G>A,C>T,G>A,0.5109927365708173,0.102433719405596,4.988520767731701
Geomys_bursarius,Mammalia,Cytb,C>T/G>A,C>T,G>A,0.0777826075543098,0.2700489392310937,0.2880315241221797
Guerlinguetus_brasiliensis,Mammalia,CO1,C>T/G>A,C>T,G>A,0.5549674573449768,0.10348501076716,5.362781075547711
Guerlinguetus_brasiliensis,Mammalia,Cytb,C>T/G>A,C>T,G>A,0.5607787305911517,0.1789373369665093,3.133939177244543
Hadrosciurus_spadiceus,Mammalia,CO1,C>T/G>A,C>T,G>A,0.3311633977651392,0.1598531328483746,2.0716728653623413
Hadrosciurus_spadiceus,Mammalia,Cytb,C>T/G>A,C>T,G>A,0.3862134563757465,0.0955549455706619,4.041794530563001
Helarctos_malayanus,Mammalia,CO1,C>T/G>A,C>T,G>A,0.1410080674808419,0.3665236423965206,0.38471752206449344
Helarctos_malayanus,Mammalia,Cytb,C>T/G>A,C>T,G>A,0.6627321335238479,0.0572907306779171,11.567877136175191
Hipposideros_pomona,Mammalia,CO1,C>T/G>A,C>T,G>A,0.3112389098622814,0.0883239334799459,3.523834340246506
Hipposideros_pomona,Mammalia,Cytb,C>T/G>A,C>T,G>A,0.5164909307391634,0.1078158517614737,4.790491586356167
Hippotragus_equinus,Mammalia,CO1,C>T/G>A,C>T,G>A,0.4883338661608506,0.1546769039197352,3.15712206403004
Hippotragus_equinus,Mammalia,Cytb,C>T/G>A,C>T,G>A,0.6087053622076497,0.1218729388156718,4.994590005975761
Hippotragus_niger,Mammalia,CO1,C>T/G>A,C>T,G>A,0.3832105179365329,0.2440022080025929,1.5705206976342636
Hippotragus_niger,Mammalia,Cytb,C>T/G>A,C>T,G>A,0.5925330261235329,0.1105536014993094,5.359689943047529
Homo_sapiens,Mammalia,CO1,C>T/G>A,C>T,G>A,0.4756141534669586,0.0970649420472449,4.899958145912874
Homo_sapiens,Mammalia,Cytb,C>T/G>A,C>T,G>A,0.5750307185000989,0.0743066534596562,7.738616822682024
Hylomyscus_aeta,Mammalia,CO1,C>T/G>A,C>T,G>A,0.2503159414697337,0.0823351867801694,3.040206153148884
Hylomyscus_aeta,Mammalia,Cytb,C>T/G>A,C>T,G>A,0.5336232738144616,0.0852022306811211,6.263019988427375
Hylomyscus_stella,Mammalia,CO1,C>T/G>A,C>T,G>A,0.663823733750576,0.1203703801072829,5.514842880440584
Hylomyscus_stella,Mammalia,Cytb,C>T/G>A,C>T,G>A,0.6028342505983192,0.0930542311068975,6.478311017430297
Hylomyscus_walterverheyeni,Mammalia,CO1,C>T/G>A,C>T,G>A,0.0,0.3292805619160208,0.0
Hylomyscus_walterverheyeni,Mammalia,Cytb,C>T/G>A,C>T,G>A,0.5706982696142701,0.0948803598104272,6.014925225352605
Lasiopodomys_anglicus,Mammalia,CO1,C>T/G>A,C>T,G>A,0.3559793425598929,0.0874208508889805,4.072018733974191
Lasiopodomys_anglicus,Mammalia,Cytb,C>T/G>A,C>T,G>A,0.563559085635665,0.0669197835272673,8.421412263027358
Lasiopodomys_gregalis,Mammalia,CO1,C>T/G>A,C>T,G>A,0.4059208614287731,0.1268512234371324,3.1999759279416637
Lasiopodomys_gregalis,Mammalia,Cytb,C>T/G>A,C>T,G>A,0.4782261705622779,0.0442904656979665,10.797497001352022
Lepus_europaeus,Mammalia,CO1,C>T/G>A,C>T,G>A,0.423721828478157,0.1618868464022003,2.6173950379232167
Lepus_europaeus,Mammalia,Cytb,C>T/G>A,C>T,G>A,0.6508843744651269,0.1335760913972131,4.8727610432139565
Lutra_lutra,Mammalia,CO1,C>T/G>A,C>T,G>A,0.2630944455890054,0.0869911703869497,3.0243810310715684
Lutra_lutra,Mammalia,Cytb,C>T/G>A,C>T,G>A,0.4454667762750089,0.0685072229111563,6.502478970030842
Macaca_fascicularis,Mammalia,CO1,C>T/G>A,C>T,G>A,0.6021442401519996,0.0897602827479734,6.708359440474187
Macaca_fascicularis,Mammalia,Cytb,C>T/G>A,C>T,G>A,0.5716580476893561,0.0492717153524556,11.602154371937567
Macaca_mulatta,Mammalia,CO1,C>T/G>A,C>T,G>A,0.5039828916856164,0.1315907654502774,3.82992598273205
Macaca_mulatta,Mammalia,Cytb,C>T/G>A,C>T,G>A,0.4259332192069322,0.0697207613911875,6.109130346656956
Mammuthus_primigenius,Mammalia,CO1,C>T/G>A,C>T,G>A,0.3032694815181344,0.3814482275832069,0.7950475571471385
Mammuthus_primigenius,Mammalia,Cytb,C>T/G>A,C>T,G>A,0.545053483673839,0.1727155335922424,3.15578727829215
Manis_javanica,Mammalia,CO1,C>T/G>A,C>T,G>A,0.4650309790225421,0.0980294418708223,4.743788908186724
Manis_javanica,Mammalia,Cytb,C>T/G>A,C>T,G>A,0.6398612643605307,0.0466950239736288,13.702986098088202
Martes_americana,Mammalia,CO1,C>T/G>A,C>T,G>A,0.3376160390265912,0.2219478866300526,1.5211500508195273
Martes_americana,Mammalia,Cytb,C>T/G>A,C>T,G>A,0.4458094254446608,0.0800720484884438,5.567603600262594
Martes_zibellina,Mammalia,CO1,C>T/G>A,C>T,G>A,0.4663666681709959,0.1225750685583445,3.804743278189643
Martes_zibellina,Mammalia,Cytb,C>T/G>A,C>T,G>A,0.5534341070041907,0.0615629834104824,8.98972201061258
Mesoplodon_densirostris,Mammalia,CO1,C>T/G>A,C>T,G>A,0.0,0.4862336924345518,0.0
Mesoplodon_densirostris,Mammalia,Cytb,C>T/G>A,C>T,G>A,0.5484040057812962,0.0977328331365645,5.611256608257716
Mesoplodon_grayi,Mammalia,CO1,C>T/G>A,C>T,G>A,0.5188061197100825,0.1622638671696684,3.197299120004344
Mesoplodon_grayi,Mammalia,Cytb,C>T/G>A,C>T,G>A,0.573703495857472,0.1917625520785821,2.9917389481882517
Microtus_richardsoni,Mammalia,CO1,C>T/G>A,C>T,G>A,0.4565154954590971,0.1410336122235679,3.236926915942734
Microtus_richardsoni,Mammalia,Cytb,C>T/G>A,C>T,G>A,0.6361420021817736,0.1009863194518445,6.299288909970811
Muntiacus_muntjak,Mammalia,CO1,C>T/G>A,C>T,G>A,0.5798723723704599,0.2116759000574863,2.7394350146284006
Muntiacus_muntjak,Mammalia,Cytb,C>T/G>A,C>T,G>A,0.4645851165300203,0.1671335763052406,2.7797234212324633
Mus_musculus,Mammalia,CO1,C>T/G>A,C>T,G>A,0.397617215977755,0.1506799041974148,2.63882047241557
Mus_musculus,Mammalia,Cytb,C>T/G>A,C>T,G>A,0.544363379693316,0.0797022965345531,6.829958525189043
Mustela_sibirica,Mammalia,CO1,C>T/G>A,C>T,G>A,0.275392331252906,0.1791777014485818,1.536978815033715
Mustela_sibirica,Mammalia,Cytb,C>T/G>A,C>T,G>A,0.5779215846359639,0.0732089255032896,7.894141058114497
Myodes_glareolus,Mammalia,CO1,C>T/G>A,C>T,G>A,0.5428770073504862,0.0626301230345438,8.66798564408154
Myodes_glareolus,Mammalia,Cytb,C>T/G>A,C>T,G>A,0.5698867741433713,0.0540248069921007,10.548612866431858
Myodes_rufocanus,Mammalia,CO1,C>T/G>A,C>T,G>A,0.6370371137280662,0.1283962643093066,4.961492588237955
Myodes_rufocanus,Mammalia,Cytb,C>T/G>A,C>T,G>A,0.4787795297947855,0.0571355113780577,8.379718991692718
Myodes_rutilus,Mammalia,CO1,C>T/G>A,C>T,G>A,0.5434386952873793,0.0511719266976161,10.619859957563332
Myodes_rutilus,Mammalia,Cytb,C>T/G>A,C>T,G>A,0.569476292509256,0.06731333392908,8.460081521281431
Ochotona_cansus,Mammalia,CO1,C>T/G>A,C>T,G>A,0.5335455298304612,0.1239569130270049,4.30428216386951
Ochotona_cansus,Mammalia,Cytb,C>T/G>A,C>T,G>A,0.6006226598865098,0.0498421471221698,12.050497311327758
Ochotona_curzoniae,Mammalia,CO1,C>T/G>A,C>T,G>A,0.4000689513146718,0.1778191388509865,2.249864406608852
Ochotona_curzoniae,Mammalia,Cytb,C>T/G>A,C>T,G>A,0.4455792038150679,0.0549307952446513,8.111646697094827
Ochotona_hyperborea,Mammalia,CO1,C>T/G>A,C>T,G>A,0.2975711898272956,0.1718830268450414,1.731242434400265
Ochotona_hyperborea,Mammalia,Cytb,C>T/G>A,C>T,G>A,0.281678847939879,0.131388019205786,2.143870115727223
Ochotona_thibetana,Mammalia,CO1,C>T/G>A,C>T,G>A,0.4247332944556626,0.1548396364625185,2.743052774852493
Ochotona_thibetana,Mammalia,Cytb,C>T/G>A,C>T,G>A,0.4335968474909686,0.0978224121599059,4.432489834560482
Odocoileus_virginianus,Mammalia,CO1,C>T/G>A,C>T,G>A,0.3946983613699094,0.2853645780132005,1.3831371928426637
Odocoileus_virginianus,Mammalia,Cytb,C>T/G>A,C>T,G>A,0.6073068665595392,0.0910618785562217,6.669166902641782
Oligoryzomys_nigripes,Mammalia,CO1,C>T/G>A,C>T,G>A,0.4289710605411506,0.1692814586527018,2.534069968177841
Oligoryzomys_nigripes,Mammalia,Cytb,C>T/G>A,C>T,G>A,0.7048016307965645,0.0979049609800244,7.198834703997948
Ovis_ammon,Mammalia,CO1,C>T/G>A,C>T,G>A,0.5710389567256352,0.1884581101662271,3.030057747167036
Ovis_ammon,Mammalia,Cytb,C>T/G>A,C>T,G>A,0.6450214817946076,0.0729115161710415,8.846633778420767
Ovis_aries,Mammalia,CO1,C>T/G>A,C>T,G>A,0.5532143445303818,0.1511666154668823,3.6596330666117245
Ovis_aries,Mammalia,Cytb,C>T/G>A,C>T,G>A,0.4564561732137076,0.134221541903838,3.4007668719878965
Ovis_orientalis,Mammalia,CO1,C>T/G>A,C>T,G>A,0.4886073110280323,0.1481231746017257,3.2986554085260593
Ovis_orientalis,Mammalia,Cytb,C>T/G>A,C>T,G>A,0.2949275387361438,0.146891211145975,2.0077956770541965
Ovis_vignei,Mammalia,CO1,C>T/G>A,C>T,G>A,0.4242646190309856,0.1457521602706112,2.9108633329569416
Ovis_vignei,Mammalia,Cytb,C>T/G>A,C>T,G>A,0.3679967460254913,0.1586205060861908,2.3199821706881343
Pan_troglodytes,Mammalia,CO1,C>T/G>A,C>T,G>A,0.5170264471204443,0.101831058002528,5.077296232232105
Pan_troglodytes,Mammalia,Cytb,C>T/G>A,C>T,G>A,0.5436114856930248,0.0510046143187956,10.65808442928858
Panthera_leo,Mammalia,CO1,C>T/G>A,C>T,G>A,0.3225090196528759,0.1426254241196178,2.261230924595831
Panthera_leo,Mammalia,Cytb,C>T/G>A,C>T,G>A,0.5597133533232946,0.1075737417825675,5.203066696839555
Panthera_spelaea,Mammalia,CO1,C>T/G>A,C>T,G>A,0.4793722639240029,0.1885236838160591,2.5427694506103657
Panthera_spelaea,Mammalia,Cytb,C>T/G>A,C>T,G>A,0.5463446723939434,0.0784901658155572,6.960676751247921
Panthera_tigris,Mammalia,CO1,C>T/G>A,C>T,G>A,0.2019859774099618,0.3024715847298859,0.6677849676039485
Panthera_tigris,Mammalia,Cytb,C>T/G>A,C>T,G>A,0.6213341634024135,0.0847164522698841,7.334279785737581
Papio_anubis,Mammalia,CO1,C>T/G>A,C>T,G>A,0.5252572789515403,0.0611473014393188,8.59003204700364
Papio_anubis,Mammalia,Cytb,C>T/G>A,C>T,G>A,0.3365773707385268,0.0553549790011954,6.080345017044598
Papio_hamadryas,Mammalia,CO1,C>T/G>A,C>T,G>A,0.5577448738220434,0.0366930905424058,15.20026973954303
Papio_hamadryas,Mammalia,Cytb,C>T/G>A,C>T,G>A,0.6332414407089292,0.0910729648764872,6.9531220551316055
Phoca_groenlandica,Mammalia,CO1,C>T/G>A,C>T,G>A,0.321035810657865,0.299137497596093,1.0732048413781277
Phoca_groenlandica,Mammalia,Cytb,C>T/G>A,C>T,G>A,0.4408556163187671,0.0925977719652296,4.760974340552255
Phocoena_phocoena,Mammalia,CO1,C>T/G>A,C>T,G>A,0.4456922044250966,0.1551392886159851,2.8728519281038767
Phocoena_phocoena,Mammalia,Cytb,C>T/G>A,C>T,G>A,0.4039038722631357,0.1580935211157736,2.554841396488048
Plecotus_macrobullaris,Mammalia,CO1,C>T/G>A,C>T,G>A,0.2594613941786567,0.3618084485185404,0.7171236471703368
Plecotus_macrobullaris,Mammalia,Cytb,C>T/G>A,C>T,G>A,0.5993648889437245,0.1758262015270895,3.4088485318917643
Prionailurus_bengalensis,Mammalia,CO1,C>T/G>A,C>T,G>A,0.5285344908693846,0.2254755314762604,2.344088014379655
Prionailurus_bengalensis,Mammalia,Cytb,C>T/G>A,C>T,G>A,0.5732457520654035,0.0920682618079183,6.226312312285901
Procyon_lotor,Mammalia,CO1,C>T/G>A,C>T,G>A,0.459858083567171,0.3134948021413952,1.4668762621453664
Procyon_lotor,Mammalia,Cytb,C>T/G>A,C>T,G>A,0.4990363113183553,0.1176512997693119,4.2416557428337365
Proechimys_guyannensis,Mammalia,CO1,C>T/G>A,C>T,G>A,0.6268741773979307,0.0909454466063184,6.892859409570252
Proechimys_guyannensis,Mammalia,Cytb,C>T/G>A,C>T,G>A,0.5548467053212721,0.1963691320364215,2.825529142830667
Propithecus_diadema,Mammalia,CO1,C>T/G>A,C>T,G>A,0.6942240014102671,0.0955584064086317,7.2649181532139755
Propithecus_diadema,Mammalia,Cytb,C>T/G>A,C>T,G>A,0.0,0.1322357883367586,0.0
Rattus_norvegicus,Mammalia,CO1,C>T/G>A,C>T,G>A,0.5426241364912778,0.1499081601997915,3.6197104665155684
Rattus_norvegicus,Mammalia,Cytb,C>T/G>A,C>T,G>A,0.6347837780684595,0.0686613279096082,9.245142752032768
Rusa_unicolor,Mammalia,CO1,C>T/G>A,C>T,G>A,0.5269515962337297,0.1552759813263682,3.3936452484956563
Rusa_unicolor,Mammalia,Cytb,C>T/G>A,C>T,G>A,0.5810680819594376,0.1136020702307265,5.114942718731135
Sciurus_anomalus,Mammalia,CO1,C>T/G>A,C>T,G>A,0.423977391321944,0.1644700074585585,2.577840165957149
Sciurus_anomalus,Mammalia,Cytb,C>T/G>A,C>T,G>A,0.1737881028013673,0.2531012757122601,0.6866346379025742
Sicista_betulina,Mammalia,CO1,C>T/G>A,C>T,G>A,0.2070075788968281,0.2805866499364647,0.7377670282734491
Sicista_betulina,Mammalia,Cytb,C>T/G>A,C>T,G>A,0.4038710271620714,0.2228380946625933,1.8123966989288174
Spilogale_gracilis,Mammalia,CO1,C>T/G>A,C>T,G>A,0.3712892574664231,0.2366035081733901,1.5692466283903588
Spilogale_gracilis,Mammalia,Cytb,C>T/G>A,C>T,G>A,0.3762632918493478,0.1592843070516075,2.3622119392303973
Stenella_attenuata,Mammalia,CO1,C>T/G>A,C>T,G>A,0.5021112645606503,0.1971241569818875,2.547182812336826
Stenella_attenuata,Mammalia,Cytb,C>T/G>A,C>T,G>A,0.5930159250997732,0.1121295303750107,5.288668588162867
Stenella_longirostris,Mammalia,CO1,C>T/G>A,C>T,G>A,0.6137620994367369,0.1692352537517772,3.626679937130366
Stenella_longirostris,Mammalia,Cytb,C>T/G>A,C>T,G>A,0.5201239217482483,0.0984755356547702,5.28175773089134
Stenocephalemys_albipes,Mammalia,CO1,C>T/G>A,C>T,G>A,0.6409459979361211,0.090347108060619,7.094261362589204
Stenocephalemys_albipes,Mammalia,Cytb,C>T/G>A,C>T,G>A,0.5437476295214642,0.1039058719852411,5.233078931272514
Suncus_murinus,Mammalia,CO1,C>T/G>A,C>T,G>A,0.3566490409621635,0.2771780473559021,1.2867146022723042
Suncus_murinus,Mammalia,Cytb,C>T/G>A,C>T,G>A,0.4539124810896837,0.1714506983121269,2.647481086739779
Sus_scrofa,Mammalia,CO1,C>T/G>A,C>T,G>A,0.4683677000443373,0.1046926001037072,4.473742170701444
Sus_scrofa,Mammalia,Cytb,C>T/G>A,C>T,G>A,0.622316879747152,0.0696341204525107,8.93695325945219
Symphalangus_syndactylus,Mammalia,CO1,C>T/G>A,C>T,G>A,0.6204255237403402,0.1166733170619942,5.317629937706133
Symphalangus_syndactylus,Mammalia,Cytb,C>T/G>A,C>T,G>A,0.6563150546962753,0.07471358668563,8.784413703197405
Syncerus_caffer,Mammalia,CO1,C>T/G>A,C>T,G>A,0.5040530016102581,0.1787792073787643,2.819416245326359
Syncerus_caffer,Mammalia,Cytb,C>T/G>A,C>T,G>A,0.5089136667669844,0.1206391770470326,4.218477605898939
Taphozous_melanopogon,Mammalia,CO1,C>T/G>A,C>T,G>A,0.2350671358002036,0.4778104951332086,0.4919672928797207
Taphozous_melanopogon,Mammalia,Cytb,C>T/G>A,C>T,G>A,0.1819351388146297,0.2444027693663156,0.744407026509351
Theropithecus_gelada,Mammalia,CO1,C>T/G>A,C>T,G>A,0.4377104514783356,0.1402471727875723,3.1209930494735962
Theropithecus_gelada,Mammalia,Cytb,C>T/G>A,C>T,G>A,0.5832743718316776,0.0652783513245017,8.935188465961614
Thomomys_umbrinus,Mammalia,CO1,C>T/G>A,C>T,G>A,0.5687844846221098,0.1100180288122149,5.169920700842077
Thomomys_umbrinus,Mammalia,Cytb,C>T/G>A,C>T,G>A,0.4665229058610468,0.1798508362699706,2.5939434897080953
Trachypithecus_phayrei,Mammalia,CO1,C>T/G>A,C>T,G>A,0.5647882833145004,0.1954592220395282,2.8895453354474205
Trachypithecus_phayrei,Mammalia,Cytb,C>T/G>A,C>T,G>A,0.5290408142342319,0.1222593915957429,4.327199794871654
Tursiops_truncatus,Mammalia,CO1,C>T/G>A,C>T,G>A,0.1997556937015991,0.2986680983398282,0.6688216612753687
Tursiops_truncatus,Mammalia,Cytb,C>T/G>A,C>T,G>A,0.5327516604480436,0.1439121772989083,3.7019220363924337
Urocyon_cinereoargenteus,Mammalia,CO1,C>T/G>A,C>T,G>A,0.4668349239877545,0.1348706713993983,3.4613524137156273
Urocyon_cinereoargenteus,Mammalia,Cytb,C>T/G>A,C>T,G>A,0.3733227770238859,0.1944448591449059,1.9199416156622326
Ursus_arctos,Mammalia,CO1,C>T/G>A,C>T,G>A,0.2454316318361324,0.2486114022686669,0.9872098769263277
Ursus_arctos,Mammalia,Cytb,C>T/G>A,C>T,G>A,0.4269138559625387,0.1020969017152639,4.181457505470153
Ziphius_cavirostris,Mammalia,CO1,C>T/G>A,C>T,G>A,0.5265456108032022,0.1534571369381297,3.431222693901118
Ziphius_cavirostris,Mammalia,Cytb,C>T/G>A,C>T,G>A,0.7300063406385119,0.0665808244589555,10.964212993315103
