Gene,Mut,n_species,estimate,ci_low,ci_high,estimator,confidence
CO1,A>C,178,0.008553649545651356,0.005782999744344716,0.011653238530904756,mean,0.95
CO1,A>G,178,0.19121986720394546,0.1795540316720103,0.2033041368043756,mean,0.95
CO1,A>T,178,0.012222996137328272,0.009044554835835395,0.015729867000789103,mean,0.95
CO1,C>A,178,0.01680187109384988,0.009983427047673134,0.024156803636093512,mean,0.95
CO1,C>G,178,0.013312260469199628,0.008365242062799042,0.018697970680535764,mean,0.95
CO1,C>T,178,0.44341447222473235,0.42129584424057753,0.46467225432738846,mean,0.95
CO1,G>A,178,0.15523258489589398,0.14257255802116636,0.16848246176634005,mean,0.95
CO1,G>C,178,0.007022427487325468,0.004525924468207057,0.009829724596129994,mean,0.95
CO1,G>T,178,0.0210015848203435,0.016365187114959052,0.026071110645381777,mean,0.95
CO1,T>A,178,0.01227425515994626,0.009889596569896023,0.01474931231344188,mean,0.95
CO1,T>C,178,0.10993781669869818,0.10191793623265735,0.11848969555225737,mean,0.95
CO1,T>G,178,0.009006214263085566,0.006810775323920907,0.011434751664837647,mean,0.95
Cytb,A>C,178,0.006360350572600072,0.00413207031232307,0.00897429283286453,mean,0.95
Cytb,A>G,178,0.22382674558676438,0.2080967738378706,0.24051473080629202,mean,0.95
Cytb,A>T,178,0.013722220032887129,0.009821694713287947,0.018135055775287578,mean,0.95
Cytb,C>A,178,0.009370684027925947,0.005775520885580672,0.013511417641300845,mean,0.95
Cytb,C>G,178,0.02366391661976433,0.016084012442800822,0.032111943088118246,mean,0.95
Cytb,C>T,178,0.4937144095255163,0.474732260826957,0.5129246112023823,mean,0.95
Cytb,G>A,178,0.10275155113319202,0.09567006153235126,0.10977299420013485,mean,0.95
Cytb,G>C,178,0.005627956110771669,0.003851613190273998,0.007634529780336949,mean,0.95
Cytb,G>T,178,0.019485937697771648,0.016101455932612797,0.02307575942940764,mean,0.95
Cytb,T>A,178,0.010927446218810007,0.008839784443229597,0.013207289307545231,mean,0.95
Cytb,T>C,178,0.0843472697909656,0.076117069763995,0.0930445626362801,mean,0.95
Cytb,T>G,178,0.006201512683030651,0.00469533679309381,0.007787831999629553,mean,0.95
